Workbook
Name Slicer_Climate_Year: #N/A
Name Slicer_Generator_ID: #N/A
Name Slicer_Parameter: #N/A
Name Slicer_Sector: #N/A

Sheet variantdata
A1: variant | B1: option | C1: default | D1: check | E1: description
A2: dh-level | B2: national | D2: totals | E2: one heat node per country
A3: dh-level | B3: capitals | C3: yes | D3: totals | E3: capital region, rest of the country
A4: dh-level | B4: cities | D4: totals | E4: major cities separately

Sheet nodedata
A1: Country | B1: Grid | C1: Node_suffix | D1: Scenario | E1: Year | F1: variant | G1: upwardLimit | H1: reference | I1: balancePenalty | J1: selfDischargeLoss | K1: maxSpill | N1: ## | O1: ## capitals grouping | P1: ## | Q1: ## | R1: ## | S1: ## | T1: ## | U1: ##
A2: ## FI cities
A3: FI00 | B3: dheat | C3: ESP | D3: all | E3: 1 | F3: dh-level:cities | I3: 4000 | K3: =Q3 -> 52 | O3: =_xlfn.XLOOKUP(Table2[[#This Row],[Node_suffix]],$S$4:$S$11,$T$4:$T$11) -> HKI | Q3: =ROUND(SUMIFS(demanddata_dh!$G:$G,demanddata_dh!$A:$A,A3, demanddata_dh!$C:$C,$C3, demanddata_dh!$E:$E,2030, demanddata_dh!$F:$F,Table2[[#This Row],[variant]])*10^6/8760 * 0.2, 0) -> 52 | S3: cities | T3: capitals
A4: FI00 | B4: dheat | C4: ROF | D4: all | E4: 1 | F4: dh-level:cities | I4: 4000 | K4: =Q4 -> 466 | O4: =_xlfn.XLOOKUP(Table2[[#This Row],[Node_suffix]],$S$4:$S$11,$T$4:$T$11) -> ROF | Q4: =ROUND(SUMIFS(demanddata_dh!$G:$G,demanddata_dh!$A:$A,A4, demanddata_dh!$C:$C,$C4, demanddata_dh!$E:$E,2030, demanddata_dh!$F:$F,Table2[[#This Row],[variant]])*10^6/8760 * 0.2, 0) -> 466 | S4: HKI | T4: HKI
A5: FI00 | B5: dheat | C5: HKI | D5: all | E5: 1 | F5: dh-level:cities | I5: 4000 | K5: =Q5 -> 154 | O5: =_xlfn.XLOOKUP(Table2[[#This Row],[Node_suffix]],$S$4:$S$11,$T$4:$T$11) -> HKI | Q5: =ROUND(SUMIFS(demanddata_dh!$G:$G,demanddata_dh!$A:$A,A5, demanddata_dh!$C:$C,$C5, demanddata_dh!$E:$E,2030, demanddata_dh!$F:$F,Table2[[#This Row],[variant]])*10^6/8760 * 0.2, 0) -> 154 | S5: ESP | T5: HKI
A6: FI00 | B6: dheat | C6: JKL | D6: all | E6: 1 | F6: dh-level:cities | I6: 4000 | K6: =Q6 -> 28 | O6: =_xlfn.XLOOKUP(Table2[[#This Row],[Node_suffix]],$S$4:$S$11,$T$4:$T$11) -> ROF | Q6: =ROUND(SUMIFS(demanddata_dh!$G:$G,demanddata_dh!$A:$A,A6, demanddata_dh!$C:$C,$C6, demanddata_dh!$E:$E,2030, demanddata_dh!$F:$F,Table2[[#This Row],[variant]])*10^6/8760 * 0.2, 0) -> 28 | S6: VAN | T6: HKI
A7: FI00 | B7: dheat | C7: OUL | D7: all | E7: 1 | F7: dh-level:cities | I7: 4000 | K7: =Q7 -> 45 | O7: =_xlfn.XLOOKUP(Table2[[#This Row],[Node_suffix]],$S$4:$S$11,$T$4:$T$11) -> ROF | Q7: =ROUND(SUMIFS(demanddata_dh!$G:$G,demanddata_dh!$A:$A,A7, demanddata_dh!$C:$C,$C7, demanddata_dh!$E:$E,2030, demanddata_dh!$F:$F,Table2[[#This Row],[variant]])*10^6/8760 * 0.2, 0) -> 45 | S7: TKU | T7: ROF
A8: FI00 | B8: dheat | C8: TRE | D8: all | E8: 1 | F8: dh-level:cities | I8: 4000 | K8: =Q8 -> 51 | O8: =_xlfn.XLOOKUP(Table2[[#This Row],[Node_suffix]],$S$4:$S$11,$T$4:$T$11) -> ROF | Q8: =ROUND(SUMIFS(demanddata_dh!$G:$G,demanddata_dh!$A:$A,A8, demanddata_dh!$C:$C,$C8, demanddata_dh!$E:$E,2030, demanddata_dh!$F:$F,Table2[[#This Row],[variant]])*10^6/8760 * 0.2, 0) -> 51 | S8: TRE | T8: ROF
A9: FI00 | B9: dheat | C9: TKU | D9: all | E9: 1 | F9: dh-level:cities | I9: 4000 | K9: =Q9 -> 46 | O9: =_xlfn.XLOOKUP(Table2[[#This Row],[Node_suffix]],$S$4:$S$11,$T$4:$T$11) -> ROF | Q9: =ROUND(SUMIFS(demanddata_dh!$G:$G,demanddata_dh!$A:$A,A9, demanddata_dh!$C:$C,$C9, demanddata_dh!$E:$E,2030, demanddata_dh!$F:$F,Table2[[#This Row],[variant]])*10^6/8760 * 0.2, 0) -> 46 | S9: OUL | T9: ROF
A10: FI00 | B10: dheat | C10: VAN | D10: all | E10: 1 | F10: dh-level:cities | I10: 4000 | K10: =Q10 -> 44 | O10: =_xlfn.XLOOKUP(Table2[[#This Row],[Node_suffix]],$S$4:$S$11,$T$4:$T$11) -> HKI | Q10: =ROUND(SUMIFS(demanddata_dh!$G:$G,demanddata_dh!$A:$A,A10, demanddata_dh!$C:$C,$C10, demanddata_dh!$E:$E,2030, demanddata_dh!$F:$F,Table2[[#This Row],[variant]])*10^6/8760 * 0.2, 0) -> 44 | S10: JKL | T10: ROF
A11: ## FI capitals | S11: ROF | T11: ROF
A12: FI00 | B12: dheat | C12: HKI | D12: all | E12: 1 | F12: dh-level:capitals | I12: 4000 | K12: =SUMIFS($K$3:$K$10,$O$3:$O$10,Table2[[#This Row],[Node_suffix]]) -> 250
A13: FI00 | B13: dheat | C13: ROF | D13: all | E13: 1 | F13: dh-level:capitals | I13: 4000 | K13: =SUMIFS($K$3:$K$10,$O$3:$O$10,Table2[[#This Row],[Node_suffix]]) -> 636
A14: ## FI national
A15: FI00 | B15: dheat | D15: all | E15: 1 | F15: dh-level:national | I15: 4000 | K15: =K12+K13 -> 886
A16: ## Others national
A17: NOS0 | B17: dheat | D17: all | E17: 1 | I17: 4000 | K17: =Q17 -> 149 | Q17: =ROUND(SUMIFS(demanddata_dh!$G:$G,demanddata_dh!$A:$A,A17, demanddata_dh!$E:$E,2030)*10^6/8760 * 0.2, 0) -> 149
A18: NOM1 | B18: dheat | D18: all | E18: 1 | I18: 4000 | K18: =Q18 -> 21 | Q18: =ROUND(SUMIFS(demanddata_dh!$G:$G,demanddata_dh!$A:$A,A18, demanddata_dh!$E:$E,2030)*10^6/8760 * 0.2, 0) -> 21
A19: NON1 | B19: dheat | D19: all | E19: 1 | I19: 4000 | K19: =Q19 -> 23 | Q19: =ROUND(SUMIFS(demanddata_dh!$G:$G,demanddata_dh!$A:$A,A19, demanddata_dh!$E:$E,2030)*10^6/8760 * 0.2, 0) -> 23
A20: LT00 | B20: dheat | D20: all | E20: 1 | I20: 4000 | K20: =Q20 -> 182 | Q20: =ROUND(SUMIFS(demanddata_dh!$G:$G,demanddata_dh!$A:$A,A20, demanddata_dh!$E:$E,2030)*10^6/8760 * 0.2, 0) -> 182
A21: LV00 | B21: dheat | D21: all | E21: 1 | I21: 4000 | K21: =Q21 -> 229 | Q21: =ROUND(SUMIFS(demanddata_dh!$G:$G,demanddata_dh!$A:$A,A21, demanddata_dh!$E:$E,2030)*10^6/8760 * 0.2, 0) -> 229
A22: EE00 | B22: dheat | D22: all | E22: 1 | I22: 4000 | K22: =Q22 -> 111 | Q22: =ROUND(SUMIFS(demanddata_dh!$G:$G,demanddata_dh!$A:$A,A22, demanddata_dh!$E:$E,2030)*10^6/8760 * 0.2, 0) -> 111
A23: SE01 | B23: dheat | D23: all | E23: 1 | I23: 4000 | K23: =Q23 -> 30 | Q23: =ROUND(SUMIFS(demanddata_dh!$G:$G,demanddata_dh!$A:$A,A23, demanddata_dh!$E:$E,2030)*10^6/8760 * 0.2, 0) -> 30
A24: SE02 | B24: dheat | D24: all | E24: 1 | I24: 4000 | K24: =Q24 -> 117 | Q24: =ROUND(SUMIFS(demanddata_dh!$G:$G,demanddata_dh!$A:$A,A24, demanddata_dh!$E:$E,2030)*10^6/8760 * 0.2, 0) -> 117
A25: SE03 | B25: dheat | D25: all | E25: 1 | I25: 4000 | K25: =Q25 -> 937 | Q25: =ROUND(SUMIFS(demanddata_dh!$G:$G,demanddata_dh!$A:$A,A25, demanddata_dh!$E:$E,2030)*10^6/8760 * 0.2, 0) -> 937
A26: SE04 | B26: dheat | D26: all | E26: 1 | I26: 4000 | K26: =Q26 -> 275 | Q26: =ROUND(SUMIFS(demanddata_dh!$G:$G,demanddata_dh!$A:$A,A26, demanddata_dh!$E:$E,2030)*10^6/8760 * 0.2, 0) -> 275
A27: DKW1 | B27: dheat | D27: all | E27: 1 | I27: 4000 | K27: =Q27 -> 454 | Q27: =ROUND(SUMIFS(demanddata_dh!$G:$G,demanddata_dh!$A:$A,A27, demanddata_dh!$E:$E,2030)*10^6/8760 * 0.2, 0) -> 454
A28: DKE1 | B28: dheat | D28: all | E28: 1 | I28: 4000 | K28: =Q28 -> 398 | Q28: =ROUND(SUMIFS(demanddata_dh!$G:$G,demanddata_dh!$A:$A,A28, demanddata_dh!$E:$E,2030)*10^6/8760 * 0.2, 0) -> 398
... A31: AT00 | B31: dheat | D31: all | E31: 1 | I31: 4000 | K31: =Q31 -> 425 | Q31: =ROUND(SUMIFS(demanddata_dh!$G:$G,demanddata_dh!$A:$A,A31, demanddata_dh!$E:$E,2030)*10^6/8760 * 0.2, 0) -> 425

Sheet demanddata_dh
A1: Country | B1: Grid | C1: Node_suffix | D1: Scenario | E1: Year | F1: Variant | G1: TWh/year | H1: Constant_share
A2: =IF(Finland!B5="","",Finland!B5) -> FI00 | B2: =IF(Finland!C5="","",Finland!C5) -> dheat | C2: =IF(Finland!D5="","",Finland!D5) -> HKI | D2: =IF(Finland!E5="","",Finland!E5) -> all | E2: =IF(Finland!F5="","",Finland!F5) -> 2015 | F2: =IF(Finland!G5="","",Finland!G5) -> dh-level:cities | G2: =IF(Finland!H5="","",Finland!H5) -> 7.073604 | H2: =IF(Finland!I5="","",Finland!I5) -> 0.3
A3: =IF(Finland!B6="","",Finland!B6) -> FI00 | B3: =IF(Finland!C6="","",Finland!C6) -> dheat | C3: =IF(Finland!D6="","",Finland!D6) -> ESP | D3: =IF(Finland!E6="","",Finland!E6) -> all | E3: =IF(Finland!F6="","",Finland!F6) -> 2015 | F3: =IF(Finland!G6="","",Finland!G6) -> dh-level:cities | G3: =IF(Finland!H6="","",Finland!H6) -> 2.3605087 | H3: =IF(Finland!I6="","",Finland!I6) -> 0.3
A4: =IF(Finland!B7="","",Finland!B7) -> FI00 | B4: =IF(Finland!C7="","",Finland!C7) -> dheat | C4: =IF(Finland!D7="","",Finland!D7) -> VAN | D4: =IF(Finland!E7="","",Finland!E7) -> all | E4: =IF(Finland!F7="","",Finland!F7) -> 2015 | F4: =IF(Finland!G7="","",Finland!G7) -> dh-level:cities | G4: =IF(Finland!H7="","",Finland!H7) -> 1.8955076 | H4: =IF(Finland!I7="","",Finland!I7) -> 0.3
A5: =IF(Finland!B8="","",Finland!B8) -> FI00 | B5: =IF(Finland!C8="","",Finland!C8) -> dheat | C5: =IF(Finland!D8="","",Finland!D8) -> TKU | D5: =IF(Finland!E8="","",Finland!E8) -> all | E5: =IF(Finland!F8="","",Finland!F8) -> 2015 | F5: =IF(Finland!G8="","",Finland!G8) -> dh-level:cities | G5: =IF(Finland!H8="","",Finland!H8) -> 2.2187058 | H5: =IF(Finland!I8="","",Finland!I8) -> 0.3
A6: =IF(Finland!B9="","",Finland!B9) -> FI00 | B6: =IF(Finland!C9="","",Finland!C9) -> dheat | C6: =IF(Finland!D9="","",Finland!D9) -> TRE | D6: =IF(Finland!E9="","",Finland!E9) -> all | E6: =IF(Finland!F9="","",Finland!F9) -> 2015 | F6: =IF(Finland!G9="","",Finland!G9) -> dh-level:cities | G6: =IF(Finland!H9="","",Finland!H9) -> 2.2249794 | H6: =IF(Finland!I9="","",Finland!I9) -> 0.3
A7: =IF(Finland!B10="","",Finland!B10) -> FI00 | B7: =IF(Finland!C10="","",Finland!C10) -> dheat | C7: =IF(Finland!D10="","",Finland!D10) -> OUL | D7: =IF(Finland!E10="","",Finland!E10) -> all | E7: =IF(Finland!F10="","",Finland!F10) -> 2015 | F7: =IF(Finland!G10="","",Finland!G10) -> dh-level:cities | G7: =IF(Finland!H10="","",Finland!H10) -> 1.7214878 | H7: =IF(Finland!I10="","",Finland!I10) -> 0.3
A8: =IF(Finland!B11="","",Finland!B11) -> FI00 | B8: =IF(Finland!C11="","",Finland!C11) -> dheat | C8: =IF(Finland!D11="","",Finland!D11) -> JKL | D8: =IF(Finland!E11="","",Finland!E11) -> all | E8: =IF(Finland!F11="","",Finland!F11) -> 2015 | F8: =IF(Finland!G11="","",Finland!G11) -> dh-level:cities | G8: =IF(Finland!H11="","",Finland!H11) -> 1.1858506 | H8: =IF(Finland!I11="","",Finland!I11) -> 0.3
A9: =IF(Finland!B12="","",Finland!B12) -> FI00 | B9: =IF(Finland!C12="","",Finland!C12) -> dheat | C9: =IF(Finland!D12="","",Finland!D12) -> ROF | D9: =IF(Finland!E12="","",Finland!E12) -> all | E9: =IF(Finland!F12="","",Finland!F12) -> 2015 | F9: =IF(Finland!G12="","",Finland!G12) -> dh-level:cities | G9: =IF(Finland!H12="","",Finland!H12) -> 19.449074 | H9: =IF(Finland!I12="","",Finland!I12) -> 0.3
A10: =IF(Finland!B13="","",Finland!B13) -> FI00 | B10: =IF(Finland!C13="","",Finland!C13) -> dheat | C10: =IF(Finland!D13="","",Finland!D13) -> HKI | D10: =IF(Finland!E13="","",Finland!E13) -> all | E10: =IF(Finland!F13="","",Finland!F13) -> 2020 | F10: =IF(Finland!G13="","",Finland!G13) -> dh-level:cities | G10: =IF(Finland!H13="","",Finland!H13) -> 7.0888236 | H10: =IF(Finland!I13="","",Finland!I13) -> 0.3
A11: =IF(Finland!B14="","",Finland!B14) -> FI00 | B11: =IF(Finland!C14="","",Finland!C14) -> dheat | C11: =IF(Finland!D14="","",Finland!D14) -> ESP | D11: =IF(Finland!E14="","",Finland!E14) -> all | E11: =IF(Finland!F14="","",Finland!F14) -> 2020 | F11: =IF(Finland!G14="","",Finland!G14) -> dh-level:cities | G11: =IF(Finland!H14="","",Finland!H14) -> 2.3674261 | H11: =IF(Finland!I14="","",Finland!I14) -> 0.3
A12: =IF(Finland!B15="","",Finland!B15) -> FI00 | B12: =IF(Finland!C15="","",Finland!C15) -> dheat | C12: =IF(Finland!D15="","",Finland!D15) -> VAN | D12: =IF(Finland!E15="","",Finland!E15) -> all | E12: =IF(Finland!F15="","",Finland!F15) -> 2020 | F12: =IF(Finland!G15="","",Finland!G15) -> dh-level:cities | G12: =IF(Finland!H15="","",Finland!H15) -> 1.9443748 | H12: =IF(Finland!I15="","",Finland!I15) -> 0.3
A13: =IF(Finland!B16="","",Finland!B16) -> FI00 | B13: =IF(Finland!C16="","",Finland!C16) -> dheat | C13: =IF(Finland!D16="","",Finland!D16) -> TKU | D13: =IF(Finland!E16="","",Finland!E16) -> all | E13: =IF(Finland!F16="","",Finland!F16) -> 2020 | F13: =IF(Finland!G16="","",Finland!G16) -> dh-level:cities | G13: =IF(Finland!H16="","",Finland!H16) -> 2.0964712 | H13: =IF(Finland!I16="","",Finland!I16) -> 0.3
... A69: =IF(Finland!B72="","",Finland!B72) -> FI00 | B69: =IF(Finland!C72="","",Finland!C72) -> dheat | C69: =IF(Finland!D72="","",Finland!D72) | D69: =IF(Finland!E72="","",Finland!E72) -> all | E69: =IF(Finland!F72="","",Finland!F72) -> 2040 | F69: =IF(Finland!G72="","",Finland!G72) -> dh-level:national | G69: =IF(Finland!H72="","",Finland!H72) -> 37.895889 | H69: =IF(Finland!I72="","",Finland!I72) -> 0.3
A70: ## Norway
A71: =IF(Norway!B5="","",Norway!B5) -> NOS0 | B71: =IF(Norway!C5="","",Norway!C5) -> dheat | C71: =IF(Norway!D5="","",Norway!D5) | D71: =IF(Norway!E5="","",Norway!E5) -> all | E71: =IF(Norway!F5="","",Norway!F5) -> 2015 | G71: =IF(Norway!H5="","",Norway!H5) -> 4.2784352 | H71: =IF(Norway!I5="","",Norway!I5) -> 0.3
A72: =IF(Norway!B6="","",Norway!B6) -> NOM1 | B72: =IF(Norway!C6="","",Norway!C6) -> dheat | C72: =IF(Norway!D6="","",Norway!D6) | D72: =IF(Norway!E6="","",Norway!E6) -> all | E72: =IF(Norway!F6="","",Norway!F6) -> 2015 | G72: =IF(Norway!H6="","",Norway!H6) -> 0.61660863 | H72: =IF(Norway!I6="","",Norway!I6) -> 0.3
A73: =IF(Norway!B7="","",Norway!B7) -> NON1 | B73: =IF(Norway!C7="","",Norway!C7) -> dheat | C73: =IF(Norway!D7="","",Norway!D7) | D73: =IF(Norway!E7="","",Norway!E7) -> all | E73: =IF(Norway!F7="","",Norway!F7) -> 2015 | G73: =IF(Norway!H7="","",Norway!H7) -> 0.65078862 | H73: =IF(Norway!I7="","",Norway!I7) -> 0.3
A74: =IF(Norway!B8="","",Norway!B8) -> NOS0 | B74: =IF(Norway!C8="","",Norway!C8) -> dheat | C74: =IF(Norway!D8="","",Norway!D8) | D74: =IF(Norway!E8="","",Norway!E8) -> all | E74: =IF(Norway!F8="","",Norway!F8) -> 2020 | G74: =IF(Norway!H8="","",Norway!H8) -> 5.3214366 | H74: =IF(Norway!I8="","",Norway!I8) -> 0.3
A75: =IF(Norway!B9="","",Norway!B9) -> NOM1 | B75: =IF(Norway!C9="","",Norway!C9) -> dheat | C75: =IF(Norway!D9="","",Norway!D9) | D75: =IF(Norway!E9="","",Norway!E9) -> all | E75: =IF(Norway!F9="","",Norway!F9) -> 2020 | G75: =IF(Norway!H9="","",Norway!H9) -> 0.76692614 | H75: =IF(Norway!I9="","",Norway!I9) -> 0.3
A76: =IF(Norway!B10="","",Norway!B10) -> NON1 | B76: =IF(Norway!C10="","",Norway!C10) -> dheat | C76: =IF(Norway!D10="","",Norway!D10) | D76: =IF(Norway!E10="","",Norway!E10) -> all | E76: =IF(Norway!F10="","",Norway!F10) -> 2020 | G76: =IF(Norway!H10="","",Norway!H10) -> 0.80943856 | H76: =IF(Norway!I10="","",Norway!I10) -> 0.3
A77: =IF(Norway!B11="","",Norway!B11) -> NOS0 | B77: =IF(Norway!C11="","",Norway!C11) -> dheat | C77: =IF(Norway!D11="","",Norway!D11) | D77: =IF(Norway!E11="","",Norway!E11) -> all | E77: =IF(Norway!F11="","",Norway!F11) -> 2025 | G77: =IF(Norway!H11="","",Norway!H11) -> 6.1755444 | H77: =IF(Norway!I11="","",Norway!I11) -> 0.3
A78: =IF(Norway!B12="","",Norway!B12) -> NOM1 | B78: =IF(Norway!C12="","",Norway!C12) -> dheat | C78: =IF(Norway!D12="","",Norway!D12) | D78: =IF(Norway!E12="","",Norway!E12) -> all | E78: =IF(Norway!F12="","",Norway!F12) -> 2025 | G78: =IF(Norway!H12="","",Norway!H12) -> 0.89002027 | H78: =IF(Norway!I12="","",Norway!I12) -> 0.3
A79: =IF(Norway!B13="","",Norway!B13) -> NON1 | B79: =IF(Norway!C13="","",Norway!C13) -> dheat | C79: =IF(Norway!D13="","",Norway!D13) | D79: =IF(Norway!E13="","",Norway!E13) -> all | E79: =IF(Norway!F13="","",Norway!F13) -> 2025 | G79: =IF(Norway!H13="","",Norway!H13) -> 0.93935607 | H79: =IF(Norway!I13="","",Norway!I13) -> 0.3
A80: =IF(Norway!B14="","",Norway!B14) -> NOS0 | B80: =IF(Norway!C14="","",Norway!C14) -> dheat | C80: =IF(Norway!D14="","",Norway!D14) | D80: =IF(Norway!E14="","",Norway!E14) -> all | E80: =IF(Norway!F14="","",Norway!F14) -> 2030 | G80: =IF(Norway!H14="","",Norway!H14) -> 6.5152686 | H80: =IF(Norway!I14="","",Norway!I14) -> 0.3
A81: =IF(Norway!B15="","",Norway!B15) -> NOM1 | B81: =IF(Norway!C15="","",Norway!C15) -> dheat | C81: =IF(Norway!D15="","",Norway!D15) | D81: =IF(Norway!E15="","",Norway!E15) -> all | E81: =IF(Norway!F15="","",Norway!F15) -> 2030 | G81: =IF(Norway!H15="","",Norway!H15) -> 0.93898136 | H81: =IF(Norway!I15="","",Norway!I15) -> 0.3
A82: =IF(Norway!B16="","",Norway!B16) -> NON1 | B82: =IF(Norway!C16="","",Norway!C16) -> dheat | C82: =IF(Norway!D16="","",Norway!D16) | D82: =IF(Norway!E16="","",Norway!E16) -> all | E82: =IF(Norway!F16="","",Norway!F16) -> 2030 | G82: =IF(Norway!H16="","",Norway!H16) -> 0.99103118 | H82: =IF(Norway!I16="","",Norway!I16) -> 0.3
... A88: =IF(Norway!B22="","",Norway!B22) -> NON1 | B88: =IF(Norway!C22="","",Norway!C22) -> dheat | C88: =IF(Norway!D22="","",Norway!D22) | D88: =IF(Norway!E22="","",Norway!E22) -> all | E88: =IF(Norway!F22="","",Norway!F22) -> 2040 | G88: =IF(Norway!H22="","",Norway!H22) -> 1.0317742 | H88: =IF(Norway!I22="","",Norway!I22) -> 0.3
A89: ## Lithuania
A90: =IF(Lithuania!B5="","",Lithuania!B5) -> LT00 | B90: =IF(Lithuania!C5="","",Lithuania!C5) -> dheat | C90: =IF(Lithuania!D5="","",Lithuania!D5) | D90: =IF(Lithuania!E5="","",Lithuania!E5) -> all | E90: =IF(Lithuania!F5="","",Lithuania!F5) -> 2015 | G90: =IF(Lithuania!H5="","",Lithuania!H5) -> 7.5753418 | H90: =IF(Lithuania!I5="","",Lithuania!I5) -> 0.3
A91: =IF(Lithuania!B6="","",Lithuania!B6) -> LT00 | B91: =IF(Lithuania!C6="","",Lithuania!C6) -> dheat | C91: =IF(Lithuania!D6="","",Lithuania!D6) | D91: =IF(Lithuania!E6="","",Lithuania!E6) -> all | E91: =IF(Lithuania!F6="","",Lithuania!F6) -> 2020 | G91: =IF(Lithuania!H6="","",Lithuania!H6) -> 7.8357265 | H91: =IF(Lithuania!I6="","",Lithuania!I6) -> 0.3
A92: =IF(Lithuania!B7="","",Lithuania!B7) -> LT00 | B92: =IF(Lithuania!C7="","",Lithuania!C7) -> dheat | C92: =IF(Lithuania!D7="","",Lithuania!D7) | D92: =IF(Lithuania!E7="","",Lithuania!E7) -> all | E92: =IF(Lithuania!F7="","",Lithuania!F7) -> 2025 | G92: =IF(Lithuania!H7="","",Lithuania!H7) -> 7.994005 | H92: =IF(Lithuania!I7="","",Lithuania!I7) -> 0.3
A93: =IF(Lithuania!B8="","",Lithuania!B8) -> LT00 | B93: =IF(Lithuania!C8="","",Lithuania!C8) -> dheat | C93: =IF(Lithuania!D8="","",Lithuania!D8) | D93: =IF(Lithuania!E8="","",Lithuania!E8) -> all | E93: =IF(Lithuania!F8="","",Lithuania!F8) -> 2030 | G93: =IF(Lithuania!H8="","",Lithuania!H8) -> 7.9739675 | H93: =IF(Lithuania!I8="","",Lithuania!I8) -> 0.3
A94: =IF(Lithuania!B9="","",Lithuania!B9) -> LT00 | B94: =IF(Lithuania!C9="","",Lithuania!C9) -> dheat | C94: =IF(Lithuania!D9="","",Lithuania!D9) | D94: =IF(Lithuania!E9="","",Lithuania!E9) -> all | E94: =IF(Lithuania!F9="","",Lithuania!F9) -> 2035 | G94: =IF(Lithuania!H9="","",Lithuania!H9) -> 7.9907938 | H94: =IF(Lithuania!I9="","",Lithuania!I9) -> 0.3
A95: =IF(Lithuania!B10="","",Lithuania!B10) -> LT00 | B95: =IF(Lithuania!C10="","",Lithuania!C10) -> dheat | C95: =IF(Lithuania!D10="","",Lithuania!D10) | D95: =IF(Lithuania!E10="","",Lithuania!E10) -> all | E95: =IF(Lithuania!F10="","",Lithuania!F10) -> 2040 | G95: =IF(Lithuania!H10="","",Lithuania!H10) -> 7.9911811 | H95: =IF(Lithuania!I10="","",Lithuania!I10) -> 0.3
A96: ## Latvia
A97: =IF(Latvia!B5="","",Latvia!B5) -> LV00 | B97: =IF(Latvia!C5="","",Latvia!C5) -> dheat | C97: =IF(Latvia!D5="","",Latvia!D5) | D97: =IF(Latvia!E5="","",Latvia!E5) -> all | E97: =IF(Latvia!F5="","",Latvia!F5) -> 2015 | G97: =IF(Latvia!H5="","",Latvia!H5) -> 12.113744 | H97: =IF(Latvia!I5="","",Latvia!I5) -> 0.3
A98: =IF(Latvia!B6="","",Latvia!B6) -> LV00 | B98: =IF(Latvia!C6="","",Latvia!C6) -> dheat | C98: =IF(Latvia!D6="","",Latvia!D6) | D98: =IF(Latvia!E6="","",Latvia!E6) -> all | E98: =IF(Latvia!F6="","",Latvia!F6) -> 2020 | G98: =IF(Latvia!H6="","",Latvia!H6) -> 11.273483 | H98: =IF(Latvia!I6="","",Latvia!I6) -> 0.3
A99: =IF(Latvia!B7="","",Latvia!B7) -> LV00 | B99: =IF(Latvia!C7="","",Latvia!C7) -> dheat | C99: =IF(Latvia!D7="","",Latvia!D7) | D99: =IF(Latvia!E7="","",Latvia!E7) -> all | E99: =IF(Latvia!F7="","",Latvia!F7) -> 2025 | G99: =IF(Latvia!H7="","",Latvia!H7) -> 10.537036 | H99: =IF(Latvia!I7="","",Latvia!I7) -> 0.3
A100: =IF(Latvia!B8="","",Latvia!B8) -> LV00 | B100: =IF(Latvia!C8="","",Latvia!C8) -> dheat | C100: =IF(Latvia!D8="","",Latvia!D8) | D100: =IF(Latvia!E8="","",Latvia!E8) -> all | E100: =IF(Latvia!F8="","",Latvia!F8) -> 2030 | G100: =IF(Latvia!H8="","",Latvia!H8) -> 10.021074 | H100: =IF(Latvia!I8="","",Latvia!I8) -> 0.3
A101: =IF(Latvia!B9="","",Latvia!B9) -> LV00 | B101: =IF(Latvia!C9="","",Latvia!C9) -> dheat | C101: =IF(Latvia!D9="","",Latvia!D9) | D101: =IF(Latvia!E9="","",Latvia!E9) -> all | E101: =IF(Latvia!F9="","",Latvia!F9) -> 2035 | G101: =IF(Latvia!H9="","",Latvia!H9) -> 9.6027728 | H101: =IF(Latvia!I9="","",Latvia!I9) -> 0.3
A102: =IF(Latvia!B10="","",Latvia!B10) -> LV00 | B102: =IF(Latvia!C10="","",Latvia!C10) -> dheat | C102: =IF(Latvia!D10="","",Latvia!D10) | D102: =IF(Latvia!E10="","",Latvia!E10) -> all | E102: =IF(Latvia!F10="","",Latvia!F10) -> 2040 | G102: =IF(Latvia!H10="","",Latvia!H10) -> 9.195687 | H102: =IF(Latvia!I10="","",Latvia!I10) -> 0.3
A103: ## Estonia
A104: =IF(Estonia!B5="","",Estonia!B5) -> EE00 | B104: =IF(Estonia!C5="","",Estonia!C5) -> dheat | C104: =IF(Estonia!D5="","",Estonia!D5) | D104: =IF(Estonia!E5="","",Estonia!E5) -> all | E104: =IF(Estonia!F5="","",Estonia!F5) -> 2015 | G104: =IF(Estonia!H5="","",Estonia!H5) -> 4.720327 | H104: =IF(Estonia!I5="","",Estonia!I5) -> 0.3
A105: =IF(Estonia!B6="","",Estonia!B6) -> EE00 | B105: =IF(Estonia!C6="","",Estonia!C6) -> dheat | C105: =IF(Estonia!D6="","",Estonia!D6) | D105: =IF(Estonia!E6="","",Estonia!E6) -> all | E105: =IF(Estonia!F6="","",Estonia!F6) -> 2020 | G105: =IF(Estonia!H6="","",Estonia!H6) -> 4.7842652 | H105: =IF(Estonia!I6="","",Estonia!I6) -> 0.3
A106: =IF(Estonia!B7="","",Estonia!B7) -> EE00 | B106: =IF(Estonia!C7="","",Estonia!C7) -> dheat | C106: =IF(Estonia!D7="","",Estonia!D7) | D106: =IF(Estonia!E7="","",Estonia!E7) -> all | E106: =IF(Estonia!F7="","",Estonia!F7) -> 2025 | G106: =IF(Estonia!H7="","",Estonia!H7) -> 4.8362555 | H106: =IF(Estonia!I7="","",Estonia!I7) -> 0.3
A107: =IF(Estonia!B8="","",Estonia!B8) -> EE00 | B107: =IF(Estonia!C8="","",Estonia!C8) -> dheat | C107: =IF(Estonia!D8="","",Estonia!D8) | D107: =IF(Estonia!E8="","",Estonia!E8) -> all | E107: =IF(Estonia!F8="","",Estonia!F8) -> 2030 | G107: =IF(Estonia!H8="","",Estonia!H8) -> 4.8582631 | H107: =IF(Estonia!I8="","",Estonia!I8) -> 0.3
A108: =IF(Estonia!B9="","",Estonia!B9) -> EE00 | B108: =IF(Estonia!C9="","",Estonia!C9) -> dheat | C108: =IF(Estonia!D9="","",Estonia!D9) | D108: =IF(Estonia!E9="","",Estonia!E9) -> all | E108: =IF(Estonia!F9="","",Estonia!F9) -> 2035 | G108: =IF(Estonia!H9="","",Estonia!H9) -> 4.8726943 | H108: =IF(Estonia!I9="","",Estonia!I9) -> 0.3
A109: =IF(Estonia!B10="","",Estonia!B10) -> EE00 | B109: =IF(Estonia!C10="","",Estonia!C10) -> dheat | C109: =IF(Estonia!D10="","",Estonia!D10) | D109: =IF(Estonia!E10="","",Estonia!E10) -> all | E109: =IF(Estonia!F10="","",Estonia!F10) -> 2040 | G109: =IF(Estonia!H10="","",Estonia!H10) -> 4.8842862 | H109: =IF(Estonia!I10="","",Estonia!I10) -> 0.3
A110: ## Sweden
A111: =IF(Sweden!B5="","",Sweden!B5) -> SE01 | B111: =IF(Sweden!C5="","",Sweden!C5) -> dheat | C111: =IF(Sweden!D5="","",Sweden!D5) | D111: =IF(Sweden!E5="","",Sweden!E5) -> all | E111: =IF(Sweden!F5="","",Sweden!F5) -> 2015 | G111: =IF(Sweden!H5="","",Sweden!H5) -> 1.4684667 | H111: =IF(Sweden!I5="","",Sweden!I5) -> 0.3
A112: =IF(Sweden!B6="","",Sweden!B6) -> SE02 | B112: =IF(Sweden!C6="","",Sweden!C6) -> dheat | C112: =IF(Sweden!D6="","",Sweden!D6) | D112: =IF(Sweden!E6="","",Sweden!E6) -> all | E112: =IF(Sweden!F6="","",Sweden!F6) -> 2015 | G112: =IF(Sweden!H6="","",Sweden!H6) -> 5.3582965 | H112: =IF(Sweden!I6="","",Sweden!I6) -> 0.3
A113: =IF(Sweden!B7="","",Sweden!B7) -> SE03 | B113: =IF(Sweden!C7="","",Sweden!C7) -> dheat | C113: =IF(Sweden!D7="","",Sweden!D7) | D113: =IF(Sweden!E7="","",Sweden!E7) -> all | E113: =IF(Sweden!F7="","",Sweden!F7) -> 2015 | G113: =IF(Sweden!H7="","",Sweden!H7) -> 39.018196 | H113: =IF(Sweden!I7="","",Sweden!I7) -> 0.3
A114: =IF(Sweden!B8="","",Sweden!B8) -> SE04 | B114: =IF(Sweden!C8="","",Sweden!C8) -> dheat | C114: =IF(Sweden!D8="","",Sweden!D8) | D114: =IF(Sweden!E8="","",Sweden!E8) -> all | E114: =IF(Sweden!F8="","",Sweden!F8) -> 2015 | G114: =IF(Sweden!H8="","",Sweden!H8) -> 11.412682 | H114: =IF(Sweden!I8="","",Sweden!I8) -> 0.3
A115: =IF(Sweden!B9="","",Sweden!B9) -> SE01 | B115: =IF(Sweden!C9="","",Sweden!C9) -> dheat | C115: =IF(Sweden!D9="","",Sweden!D9) | D115: =IF(Sweden!E9="","",Sweden!E9) -> all | E115: =IF(Sweden!F9="","",Sweden!F9) -> 2020 | G115: =IF(Sweden!H9="","",Sweden!H9) -> 1.4209678 | H115: =IF(Sweden!I9="","",Sweden!I9) -> 0.3
A116: =IF(Sweden!B10="","",Sweden!B10) -> SE02 | B116: =IF(Sweden!C10="","",Sweden!C10) -> dheat | C116: =IF(Sweden!D10="","",Sweden!D10) | D116: =IF(Sweden!E10="","",Sweden!E10) -> all | E116: =IF(Sweden!F10="","",Sweden!F10) -> 2020 | G116: =IF(Sweden!H10="","",Sweden!H10) -> 5.3140059 | H116: =IF(Sweden!I10="","",Sweden!I10) -> 0.3
A117: =IF(Sweden!B11="","",Sweden!B11) -> SE03 | B117: =IF(Sweden!C11="","",Sweden!C11) -> dheat | C117: =IF(Sweden!D11="","",Sweden!D11) | D117: =IF(Sweden!E11="","",Sweden!E11) -> all | E117: =IF(Sweden!F11="","",Sweden!F11) -> 2020 | G117: =IF(Sweden!H11="","",Sweden!H11) -> 40.167021 | H117: =IF(Sweden!I11="","",Sweden!I11) -> 0.3
A118: =IF(Sweden!B12="","",Sweden!B12) -> SE04 | B118: =IF(Sweden!C12="","",Sweden!C12) -> dheat | C118: =IF(Sweden!D12="","",Sweden!D12) | D118: =IF(Sweden!E12="","",Sweden!E12) -> all | E118: =IF(Sweden!F12="","",Sweden!F12) -> 2020 | G118: =IF(Sweden!H12="","",Sweden!H12) -> 11.776863 | H118: =IF(Sweden!I12="","",Sweden!I12) -> 0.3
A119: =IF(Sweden!B13="","",Sweden!B13) -> SE01 | B119: =IF(Sweden!C13="","",Sweden!C13) -> dheat | C119: =IF(Sweden!D13="","",Sweden!D13) | D119: =IF(Sweden!E13="","",Sweden!E13) -> all | E119: =IF(Sweden!F13="","",Sweden!F13) -> 2025 | G119: =IF(Sweden!H13="","",Sweden!H13) -> 1.3794216 | H119: =IF(Sweden!I13="","",Sweden!I13) -> 0.3
A120: =IF(Sweden!B14="","",Sweden!B14) -> SE02 | B120: =IF(Sweden!C14="","",Sweden!C14) -> dheat | C120: =IF(Sweden!D14="","",Sweden!D14) | D120: =IF(Sweden!E14="","",Sweden!E14) -> all | E120: =IF(Sweden!F14="","",Sweden!F14) -> 2025 | G120: =IF(Sweden!H14="","",Sweden!H14) -> 5.2416207 | H120: =IF(Sweden!I14="","",Sweden!I14) -> 0.3
A121: =IF(Sweden!B15="","",Sweden!B15) -> SE03 | B121: =IF(Sweden!C15="","",Sweden!C15) -> dheat | C121: =IF(Sweden!D15="","",Sweden!D15) | D121: =IF(Sweden!E15="","",Sweden!E15) -> all | E121: =IF(Sweden!F15="","",Sweden!F15) -> 2025 | G121: =IF(Sweden!H15="","",Sweden!H15) -> 40.799928 | H121: =IF(Sweden!I15="","",Sweden!I15) -> 0.3
A122: =IF(Sweden!B16="","",Sweden!B16) -> SE04 | B122: =IF(Sweden!C16="","",Sweden!C16) -> dheat | C122: =IF(Sweden!D16="","",Sweden!D16) | D122: =IF(Sweden!E16="","",Sweden!E16) -> all | E122: =IF(Sweden!F16="","",Sweden!F16) -> 2025 | G122: =IF(Sweden!H16="","",Sweden!H16) -> 11.996148 | H122: =IF(Sweden!I16="","",Sweden!I16) -> 0.3
... A134: =IF(Sweden!B28="","",Sweden!B28) -> SE04 | B134: =IF(Sweden!C28="","",Sweden!C28) -> dheat | C134: =IF(Sweden!D28="","",Sweden!D28) | D134: =IF(Sweden!E28="","",Sweden!E28) -> all | E134: =IF(Sweden!F28="","",Sweden!F28) -> 2040 | G134: =IF(Sweden!H28="","",Sweden!H28) -> 11.985783 | H134: =IF(Sweden!I28="","",Sweden!I28) -> 0.3
A135: ## Denmark
A136: =IF(Denmark!B5="","",Denmark!B5) -> DKW1 | B136: =IF(Denmark!C5="","",Denmark!C5) -> dheat | C136: =IF(Denmark!D5="","",Denmark!D5) | D136: =IF(Denmark!E5="","",Denmark!E5) -> all | E136: =IF(Denmark!F5="","",Denmark!F5) -> 2015 | G136: =IF(Denmark!H5="","",Denmark!H5) -> 19.805125 | H136: =IF(Denmark!I5="","",Denmark!I5) -> 0.3
A137: =IF(Denmark!B6="","",Denmark!B6) -> DKE1 | B137: =IF(Denmark!C6="","",Denmark!C6) -> dheat | C137: =IF(Denmark!D6="","",Denmark!D6) | D137: =IF(Denmark!E6="","",Denmark!E6) -> all | E137: =IF(Denmark!F6="","",Denmark!F6) -> 2015 | G137: =IF(Denmark!H6="","",Denmark!H6) -> 16.693523 | H137: =IF(Denmark!I6="","",Denmark!I6) -> 0.3
A138: =IF(Denmark!B7="","",Denmark!B7) -> DKW1 | B138: =IF(Denmark!C7="","",Denmark!C7) -> dheat | C138: =IF(Denmark!D7="","",Denmark!D7) | D138: =IF(Denmark!E7="","",Denmark!E7) -> all | E138: =IF(Denmark!F7="","",Denmark!F7) -> 2020 | G138: =IF(Denmark!H7="","",Denmark!H7) -> 19.97973 | H138: =IF(Denmark!I7="","",Denmark!I7) -> 0.3
A139: =IF(Denmark!B8="","",Denmark!B8) -> DKE1 | B139: =IF(Denmark!C8="","",Denmark!C8) -> dheat | C139: =IF(Denmark!D8="","",Denmark!D8) | D139: =IF(Denmark!E8="","",Denmark!E8) -> all | E139: =IF(Denmark!F8="","",Denmark!F8) -> 2020 | G139: =IF(Denmark!H8="","",Denmark!H8) -> 17.077649 | H139: =IF(Denmark!I8="","",Denmark!I8) -> 0.3
A140: =IF(Denmark!B9="","",Denmark!B9) -> DKW1 | B140: =IF(Denmark!C9="","",Denmark!C9) -> dheat | C140: =IF(Denmark!D9="","",Denmark!D9) | D140: =IF(Denmark!E9="","",Denmark!E9) -> all | E140: =IF(Denmark!F9="","",Denmark!F9) -> 2025 | G140: =IF(Denmark!H9="","",Denmark!H9) -> 20.030689 | H140: =IF(Denmark!I9="","",Denmark!I9) -> 0.3
A141: =IF(Denmark!B10="","",Denmark!B10) -> DKE1 | B141: =IF(Denmark!C10="","",Denmark!C10) -> dheat | C141: =IF(Denmark!D10="","",Denmark!D10) | D141: =IF(Denmark!E10="","",Denmark!E10) -> all | E141: =IF(Denmark!F10="","",Denmark!F10) -> 2025 | G141: =IF(Denmark!H10="","",Denmark!H10) -> 17.399037 | H141: =IF(Denmark!I10="","",Denmark!I10) -> 0.3
A142: =IF(Denmark!B11="","",Denmark!B11) -> DKW1 | B142: =IF(Denmark!C11="","",Denmark!C11) -> dheat | C142: =IF(Denmark!D11="","",Denmark!D11) | D142: =IF(Denmark!E11="","",Denmark!E11) -> all | E142: =IF(Denmark!F11="","",Denmark!F11) -> 2030 | G142: =IF(Denmark!H11="","",Denmark!H11) -> 19.905301 | H142: =IF(Denmark!I11="","",Denmark!I11) -> 0.3
A143: =IF(Denmark!B12="","",Denmark!B12) -> DKE1 | B143: =IF(Denmark!C12="","",Denmark!C12) -> dheat | C143: =IF(Denmark!D12="","",Denmark!D12) | D143: =IF(Denmark!E12="","",Denmark!E12) -> all | E143: =IF(Denmark!F12="","",Denmark!F12) -> 2030 | G143: =IF(Denmark!H12="","",Denmark!H12) -> 17.441947 | H143: =IF(Denmark!I12="","",Denmark!I12) -> 0.3
A144: =IF(Denmark!B13="","",Denmark!B13) -> DKW1 | B144: =IF(Denmark!C13="","",Denmark!C13) -> dheat | C144: =IF(Denmark!D13="","",Denmark!D13) | D144: =IF(Denmark!E13="","",Denmark!E13) -> all | E144: =IF(Denmark!F13="","",Denmark!F13) -> 2035 | G144: =IF(Denmark!H13="","",Denmark!H13) -> 19.664442 | H144: =IF(Denmark!I13="","",Denmark!I13) -> 0.3
A145: =IF(Denmark!B14="","",Denmark!B14) -> DKE1 | B145: =IF(Denmark!C14="","",Denmark!C14) -> dheat | C145: =IF(Denmark!D14="","",Denmark!D14) | D145: =IF(Denmark!E14="","",Denmark!E14) -> all | E145: =IF(Denmark!F14="","",Denmark!F14) -> 2035 | G145: =IF(Denmark!H14="","",Denmark!H14) -> 17.427812 | H145: =IF(Denmark!I14="","",Denmark!I14) -> 0.3
A146: =IF(Denmark!B15="","",Denmark!B15) -> DKW1 | B146: =IF(Denmark!C15="","",Denmark!C15) -> dheat | C146: =IF(Denmark!D15="","",Denmark!D15) | D146: =IF(Denmark!E15="","",Denmark!E15) -> all | E146: =IF(Denmark!F15="","",Denmark!F15) -> 2040 | G146: =IF(Denmark!H15="","",Denmark!H15) -> 19.42236 | H146: =IF(Denmark!I15="","",Denmark!I15) -> 0.3
A147: =IF(Denmark!B16="","",Denmark!B16) -> DKE1 | B147: =IF(Denmark!C16="","",Denmark!C16) -> dheat | C147: =IF(Denmark!D16="","",Denmark!D16) | D147: =IF(Denmark!E16="","",Denmark!E16) -> all | E147: =IF(Denmark!F16="","",Denmark!F16) -> 2040 | G147: =IF(Denmark!H16="","",Denmark!H16) -> 17.400487 | H147: =IF(Denmark!I16="","",Denmark!I16) -> 0.3
A148: ## Poland
A149: =IF(Poland!B5="","",Poland!B5) -> PL00 | B149: =IF(Poland!C5="","",Poland!C5) -> dheat | C149: =IF(Poland!D5="","",Poland!D5) | D149: =IF(Poland!E5="","",Poland!E5) -> all | E149: =IF(Poland!F5="","",Poland!F5) -> 2015 | G149: =IF(Poland!H5="","",Poland!H5) -> 105.45686 | H149: =IF(Poland!I5="","",Poland!I5) -> 0.3
A150: =IF(Poland!B6="","",Poland!B6) -> PL00 | B150: =IF(Poland!C6="","",Poland!C6) -> dheat | C150: =IF(Poland!D6="","",Poland!D6) | D150: =IF(Poland!E6="","",Poland!E6) -> all | E150: =IF(Poland!F6="","",Poland!F6) -> 2020 | G150: =IF(Poland!H6="","",Poland!H6) -> 104.49221 | H150: =IF(Poland!I6="","",Poland!I6) -> 0.3
A151: =IF(Poland!B7="","",Poland!B7) -> PL00 | B151: =IF(Poland!C7="","",Poland!C7) -> dheat | C151: =IF(Poland!D7="","",Poland!D7) | D151: =IF(Poland!E7="","",Poland!E7) -> all | E151: =IF(Poland!F7="","",Poland!F7) -> 2025 | G151: =IF(Poland!H7="","",Poland!H7) -> 102.75009 | H151: =IF(Poland!I7="","",Poland!I7) -> 0.3
A152: =IF(Poland!B8="","",Poland!B8) -> PL00 | B152: =IF(Poland!C8="","",Poland!C8) -> dheat | C152: =IF(Poland!D8="","",Poland!D8) | D152: =IF(Poland!E8="","",Poland!E8) -> all | E152: =IF(Poland!F8="","",Poland!F8) -> 2030 | G152: =IF(Poland!H8="","",Poland!H8) -> 100.82674 | H152: =IF(Poland!I8="","",Poland!I8) -> 0.3
A153: =IF(Poland!B9="","",Poland!B9) -> PL00 | B153: =IF(Poland!C9="","",Poland!C9) -> dheat | C153: =IF(Poland!D9="","",Poland!D9) | D153: =IF(Poland!E9="","",Poland!E9) -> all | E153: =IF(Poland!F9="","",Poland!F9) -> 2035 | G153: =IF(Poland!H9="","",Poland!H9) -> 99.052833 | H153: =IF(Poland!I9="","",Poland!I9) -> 0.3
A154: =IF(Poland!B10="","",Poland!B10) -> PL00 | B154: =IF(Poland!C10="","",Poland!C10) -> dheat | C154: =IF(Poland!D10="","",Poland!D10) | D154: =IF(Poland!E10="","",Poland!E10) -> all | E154: =IF(Poland!F10="","",Poland!F10) -> 2040 | G154: =IF(Poland!H10="","",Poland!H10) -> 97.218765 | H154: =IF(Poland!I10="","",Poland!I10) -> 0.3
A155: ## Germany
A156: =IF(Germany!B5="","",Germany!B5) -> DE00 | B156: =IF(Germany!C5="","",Germany!C5) -> dheat | C156: =IF(Germany!D5="","",Germany!D5) | D156: =IF(Germany!E5="","",Germany!E5) -> all | E156: =IF(Germany!F5="","",Germany!F5) -> 2015 | G156: =IF(Germany!H5="","",Germany!H5) -> 86.539255 | H156: =IF(Germany!I5="","",Germany!I5) -> 0.3
A157: =IF(Germany!B6="","",Germany!B6) -> DE00 | B157: =IF(Germany!C6="","",Germany!C6) -> dheat | C157: =IF(Germany!D6="","",Germany!D6) | D157: =IF(Germany!E6="","",Germany!E6) -> all | E157: =IF(Germany!F6="","",Germany!F6) -> 2020 | G157: =IF(Germany!H6="","",Germany!H6) -> 79.922016 | H157: =IF(Germany!I6="","",Germany!I6) -> 0.3
A158: =IF(Germany!B7="","",Germany!B7) -> DE00 | B158: =IF(Germany!C7="","",Germany!C7) -> dheat | C158: =IF(Germany!D7="","",Germany!D7) | D158: =IF(Germany!E7="","",Germany!E7) -> all | E158: =IF(Germany!F7="","",Germany!F7) -> 2025 | G158: =IF(Germany!H7="","",Germany!H7) -> 72.78434 | H158: =IF(Germany!I7="","",Germany!I7) -> 0.3
A159: =IF(Germany!B8="","",Germany!B8) -> DE00 | B159: =IF(Germany!C8="","",Germany!C8) -> dheat | C159: =IF(Germany!D8="","",Germany!D8) | D159: =IF(Germany!E8="","",Germany!E8) -> all | E159: =IF(Germany!F8="","",Germany!F8) -> 2030 | G159: =IF(Germany!H8="","",Germany!H8) -> 65.586134 | H159: =IF(Germany!I8="","",Germany!I8) -> 0.3
A160: =IF(Germany!B9="","",Germany!B9) -> DE00 | B160: =IF(Germany!C9="","",Germany!C9) -> dheat | C160: =IF(Germany!D9="","",Germany!D9) | D160: =IF(Germany!E9="","",Germany!E9) -> all | E160: =IF(Germany!F9="","",Germany!F9) -> 2035 | G160: =IF(Germany!H9="","",Germany!H9) -> 58.468852 | H160: =IF(Germany!I9="","",Germany!I9) -> 0.3
A161: =IF(Germany!B10="","",Germany!B10) -> DE00 | B161: =IF(Germany!C10="","",Germany!C10) -> dheat | C161: =IF(Germany!D10="","",Germany!D10) | D161: =IF(Germany!E10="","",Germany!E10) -> all | E161: =IF(Germany!F10="","",Germany!F10) -> 2040 | G161: =IF(Germany!H10="","",Germany!H10) -> 51.601301 | H161: =IF(Germany!I10="","",Germany!I10) -> 0.3
A162: ## Austria
A163: =IF(Austria!B5="","",Austria!B5) -> AT00 | B163: =IF(Austria!C5="","",Austria!C5) -> dheat | C163: =IF(Austria!D5="","",Austria!D5) | D163: =IF(Austria!E5="","",Austria!E5) -> all | E163: =IF(Austria!F5="","",Austria!F5) -> 2015 | G163: =IF(Austria!H5="","",Austria!H5) -> 16.42635 | H163: =IF(Austria!I5="","",Austria!I5) -> 0.3
A164: =IF(Austria!B6="","",Austria!B6) -> AT00 | B164: =IF(Austria!C6="","",Austria!C6) -> dheat | C164: =IF(Austria!D6="","",Austria!D6) | D164: =IF(Austria!E6="","",Austria!E6) -> all | E164: =IF(Austria!F6="","",Austria!F6) -> 2020 | G164: =IF(Austria!H6="","",Austria!H6) -> 18.616137 | H164: =IF(Austria!I6="","",Austria!I6) -> 0.3
A165: =IF(Austria!B7="","",Austria!B7) -> AT00 | B165: =IF(Austria!C7="","",Austria!C7) -> dheat | C165: =IF(Austria!D7="","",Austria!D7) | D165: =IF(Austria!E7="","",Austria!E7) -> all | E165: =IF(Austria!F7="","",Austria!F7) -> 2025 | G165: =IF(Austria!H7="","",Austria!H7) -> 17.784725 | H165: =IF(Austria!I7="","",Austria!I7) -> 0.3
A166: =IF(Austria!B8="","",Austria!B8) -> AT00 | B166: =IF(Austria!C8="","",Austria!C8) -> dheat | C166: =IF(Austria!D8="","",Austria!D8) | D166: =IF(Austria!E8="","",Austria!E8) -> all | E166: =IF(Austria!F8="","",Austria!F8) -> 2030 | G166: =IF(Austria!H8="","",Austria!H8) -> 18.619691 | H166: =IF(Austria!I8="","",Austria!I8) -> 0.3
A167: =IF(Austria!B9="","",Austria!B9) -> AT00 | B167: =IF(Austria!C9="","",Austria!C9) -> dheat | C167: =IF(Austria!D9="","",Austria!D9) | D167: =IF(Austria!E9="","",Austria!E9) -> all | E167: =IF(Austria!F9="","",Austria!F9) -> 2035 | G167: =IF(Austria!H9="","",Austria!H9) -> 19.313145 | H167: =IF(Austria!I9="","",Austria!I9) -> 0.3
A168: =IF(Austria!B10="","",Austria!B10) -> AT00 | B168: =IF(Austria!C10="","",Austria!C10) -> dheat | C168: =IF(Austria!D10="","",Austria!D10) | D168: =IF(Austria!E10="","",Austria!E10) -> all | E168: =IF(Austria!F10="","",Austria!F10) -> 2040 | G168: =IF(Austria!H10="","",Austria!H10) -> 19.957404 | H168: =IF(Austria!I10="","",Austria!I10) -> 0.3

Sheet Finland
B2: Finland
B4: Country | C4: Grid | D4: Node_suffix | E4: Scenario | F4: Year | G4: Variant | H4: TWh/year | I4: Constant_share | L4: capitals
B5: FI00 | C5: dheat | D5: HKI | E5: all | F5: 2015 | G5: dh-level:cities | H5: {=SUM($P$6:$U$13*($P$5:$U$5=$F5)*($O$6:$O$13=$D5)) / 1000} -> 7.073604 | I5: 0.3 | L5: =_xlfn.XLOOKUP(D5,$O$18:$O$25,$P$18:$P$25) -> HKI | P5: 2015 | Q5: 2020 | R5: 2025 | S5: 2030 | T5: 2035 | U5: 2040
B6: FI00 | C6: dheat | D6: ESP | E6: all | F6: 2015 | G6: dh-level:cities | H6: {=SUM($P$6:$U$13*($P$5:$U$5=$F6)*($O$6:$O$13=$D6)) / 1000} -> 2.3605087 | I6: =I5 -> 0.3 | L6: =_xlfn.XLOOKUP(D6,$O$18:$O$25,$P$18:$P$25) -> HKI | O6: HKI | P6: =SUMIFS(AD$79:AD$136, $A$79:$A$136,$O6, $C$79:$C$136,"Produced DH") -> 7073.604 | Q6: =SUMIFS(AE$79:AE$136, $A$79:$A$136,$O6, $C$79:$C$136,"Produced DH") -> 7088.8236 | R6: =SUMIFS(AF$79:AF$136, $A$79:$A$136,$O6, $C$79:$C$136,"Produced DH") -> 6894.0564 | S6: =SUMIFS(AG$79:AG$136, $A$79:$A$136,$O6, $C$79:$C$136,"Produced DH") -> 6748.8075 | T6: =SUMIFS(AH$79:AH$136, $A$79:$A$136,$O6, $C$79:$C$136,"Produced DH") -> 6546.6202 | U6: =SUMIFS(AI$79:AI$136, $A$79:$A$136,$O6, $C$79:$C$136,"Produced DH") -> 6342.2362
B7: FI00 | C7: dheat | D7: VAN | E7: all | F7: 2015 | G7: dh-level:cities | H7: {=SUM($P$6:$U$13*($P$5:$U$5=$F7)*($O$6:$O$13=$D7)) / 1000} -> 1.8955076 | I7: =I6 -> 0.3 | L7: =_xlfn.XLOOKUP(D7,$O$18:$O$25,$P$18:$P$25) -> HKI | O7: ESP | P7: =SUMIFS(AD$79:AD$136, $A$79:$A$136,$O7, $C$79:$C$136,"Produced DH") -> 2360.5087 | Q7: =SUMIFS(AE$79:AE$136, $A$79:$A$136,$O7, $C$79:$C$136,"Produced DH") -> 2367.4261 | R7: =SUMIFS(AF$79:AF$136, $A$79:$A$136,$O7, $C$79:$C$136,"Produced DH") -> 2311.6653 | S7: =SUMIFS(AG$79:AG$136, $A$79:$A$136,$O7, $C$79:$C$136,"Produced DH") -> 2288.9009 | T7: =SUMIFS(AH$79:AH$136, $A$79:$A$136,$O7, $C$79:$C$136,"Produced DH") -> 2234.2093 | U7: =SUMIFS(AI$79:AI$136, $A$79:$A$136,$O7, $C$79:$C$136,"Produced DH") -> 2176.9856
B8: FI00 | C8: dheat | D8: TKU | E8: all | F8: 2015 | G8: dh-level:cities | H8: {=SUM($P$6:$U$13*($P$5:$U$5=$F8)*($O$6:$O$13=$D8)) / 1000} -> 2.2187058 | I8: =I7 -> 0.3 | L8: =_xlfn.XLOOKUP(D8,$O$18:$O$25,$P$18:$P$25) -> ROF | O8: VAN | P8: =SUMIFS(AD$79:AD$136, $A$79:$A$136,$O8, $C$79:$C$136,"Produced DH") -> 1895.5076 | Q8: =SUMIFS(AE$79:AE$136, $A$79:$A$136,$O8, $C$79:$C$136,"Produced DH") -> 1944.3748 | R8: =SUMIFS(AF$79:AF$136, $A$79:$A$136,$O8, $C$79:$C$136,"Produced DH") -> 1953.4343 | S8: =SUMIFS(AG$79:AG$136, $A$79:$A$136,$O8, $C$79:$C$136,"Produced DH") -> 1935.6428 | T8: =SUMIFS(AH$79:AH$136, $A$79:$A$136,$O8, $C$79:$C$136,"Produced DH") -> 1891.3769 | U8: =SUMIFS(AI$79:AI$136, $A$79:$A$136,$O8, $C$79:$C$136,"Produced DH") -> 1844.7875
B9: FI00 | C9: dheat | D9: TRE | E9: all | F9: 2015 | G9: dh-level:cities | H9: {=SUM($P$6:$U$13*($P$5:$U$5=$F9)*($O$6:$O$13=$D9)) / 1000} -> 2.2249794 | I9: =I8 -> 0.3 | L9: =_xlfn.XLOOKUP(D9,$O$18:$O$25,$P$18:$P$25) -> ROF | O9: TKU | P9: =SUMIFS(AD$79:AD$136, $A$79:$A$136,$O9, $C$79:$C$136,"Produced DH") -> 2218.7058 | Q9: =SUMIFS(AE$79:AE$136, $A$79:$A$136,$O9, $C$79:$C$136,"Produced DH") -> 2096.4712 | R9: =SUMIFS(AF$79:AF$136, $A$79:$A$136,$O9, $C$79:$C$136,"Produced DH") -> 2036.5953 | S9: =SUMIFS(AG$79:AG$136, $A$79:$A$136,$O9, $C$79:$C$136,"Produced DH") -> 2020.7279 | T9: =SUMIFS(AH$79:AH$136, $A$79:$A$136,$O9, $C$79:$C$136,"Produced DH") -> 1989.1836 | U9: =SUMIFS(AI$79:AI$136, $A$79:$A$136,$O9, $C$79:$C$136,"Produced DH") -> 1956.8544
B10: FI00 | C10: dheat | D10: OUL | E10: all | F10: 2015 | G10: dh-level:cities | H10: {=SUM($P$6:$U$13*($P$5:$U$5=$F10)*($O$6:$O$13=$D10)) / 1000} -> 1.7214878 | I10: =I9 -> 0.3 | L10: =_xlfn.XLOOKUP(D10,$O$18:$O$25,$P$18:$P$25) -> ROF | O10: TRE | P10: =SUMIFS(AD$79:AD$136, $A$79:$A$136,$O10, $C$79:$C$136,"Produced DH") -> 2224.9794 | Q10: =SUMIFS(AE$79:AE$136, $A$79:$A$136,$O10, $C$79:$C$136,"Produced DH") -> 2234.3768 | R10: =SUMIFS(AF$79:AF$136, $A$79:$A$136,$O10, $C$79:$C$136,"Produced DH") -> 2230.3642 | S10: =SUMIFS(AG$79:AG$136, $A$79:$A$136,$O10, $C$79:$C$136,"Produced DH") -> 2216.318 | T10: =SUMIFS(AH$79:AH$136, $A$79:$A$136,$O10, $C$79:$C$136,"Produced DH") -> 2178.5868 | U10: =SUMIFS(AI$79:AI$136, $A$79:$A$136,$O10, $C$79:$C$136,"Produced DH") -> 2139.2937
B11: FI00 | C11: dheat | D11: JKL | E11: all | F11: 2015 | G11: dh-level:cities | H11: {=SUM($P$6:$U$13*($P$5:$U$5=$F11)*($O$6:$O$13=$D11)) / 1000} -> 1.1858506 | I11: =I10 -> 0.3 | L11: =_xlfn.XLOOKUP(D11,$O$18:$O$25,$P$18:$P$25) -> ROF | O11: OUL | P11: =SUMIFS(AD$79:AD$136, $A$79:$A$136,$O11, $C$79:$C$136,"Produced DH") -> 1721.4878 | Q11: =SUMIFS(AE$79:AE$136, $A$79:$A$136,$O11, $C$79:$C$136,"Produced DH") -> 1821.834 | R11: =SUMIFS(AF$79:AF$136, $A$79:$A$136,$O11, $C$79:$C$136,"Produced DH") -> 1917.4791 | S11: =SUMIFS(AG$79:AG$136, $A$79:$A$136,$O11, $C$79:$C$136,"Produced DH") -> 1949.743 | T11: =SUMIFS(AH$79:AH$136, $A$79:$A$136,$O11, $C$79:$C$136,"Produced DH") -> 1965.1786 | U11: =SUMIFS(AI$79:AI$136, $A$79:$A$136,$O11, $C$79:$C$136,"Produced DH") -> 1979.8148
B12: FI00 | C12: dheat | D12: ROF | E12: all | F12: 2015 | G12: dh-level:cities | H12: {=SUM($P$6:$U$13*($P$5:$U$5=$F12)*($O$6:$O$13=$D12)) / 1000} -> 19.449074 | I12: =I11 -> 0.3 | L12: =_xlfn.XLOOKUP(D12,$O$18:$O$25,$P$18:$P$25) -> ROF | O12: JKL | P12: =SUMIFS(AD$79:AD$136, $A$79:$A$136,$O12, $C$79:$C$136,"Produced DH") -> 1185.8506 | Q12: =SUMIFS(AE$79:AE$136, $A$79:$A$136,$O12, $C$79:$C$136,"Produced DH") -> 1204.1925 | R12: =SUMIFS(AF$79:AF$136, $A$79:$A$136,$O12, $C$79:$C$136,"Produced DH") -> 1212.5036 | S12: =SUMIFS(AG$79:AG$136, $A$79:$A$136,$O12, $C$79:$C$136,"Produced DH") -> 1218.4677 | T12: =SUMIFS(AH$79:AH$136, $A$79:$A$136,$O12, $C$79:$C$136,"Produced DH") -> 1215.2906 | U12: =SUMIFS(AI$79:AI$136, $A$79:$A$136,$O12, $C$79:$C$136,"Produced DH") -> 1211.6177
B13: FI00 | C13: dheat | D13: HKI | E13: all | F13: =F5+5 -> 2020 | G13: dh-level:cities | H13: {=SUM($P$6:$U$13*($P$5:$U$5=$F13)*($O$6:$O$13=$D13)) / 1000} -> 7.0888236 | I13: =I12 -> 0.3 | L13: =_xlfn.XLOOKUP(D13,$O$18:$O$25,$P$18:$P$25) -> HKI | O13: ROF | P13: =SUMIFS(AD$79:AD$136, $A$79:$A$136,$O13, $C$79:$C$136,"Produced DH") -> 19449.074 | Q13: =SUMIFS(AE$79:AE$136, $A$79:$A$136,$O13, $C$79:$C$136,"Produced DH") -> 19732.75 | R13: =SUMIFS(AF$79:AF$136, $A$79:$A$136,$O13, $C$79:$C$136,"Produced DH") -> 20045.263 | S13: =SUMIFS(AG$79:AG$136, $A$79:$A$136,$O13, $C$79:$C$136,"Produced DH") -> 20388.968 | T13: =SUMIFS(AH$79:AH$136, $A$79:$A$136,$O13, $C$79:$C$136,"Produced DH") -> 20381.214 | U13: =SUMIFS(AI$79:AI$136, $A$79:$A$136,$O13, $C$79:$C$136,"Produced DH") -> 20244.299
B14: FI00 | C14: dheat | D14: ESP | E14: all | F14: =F6+5 -> 2020 | G14: dh-level:cities | H14: {=SUM($P$6:$U$13*($P$5:$U$5=$F14)*($O$6:$O$13=$D14)) / 1000} -> 2.3674261 | I14: =I13 -> 0.3 | L14: =_xlfn.XLOOKUP(D14,$O$18:$O$25,$P$18:$P$25) -> HKI
B15: FI00 | C15: dheat | D15: VAN | E15: all | F15: =F7+5 -> 2020 | G15: dh-level:cities | H15: {=SUM($P$6:$U$13*($P$5:$U$5=$F15)*($O$6:$O$13=$D15)) / 1000} -> 1.9443748 | I15: =I14 -> 0.3 | L15: =_xlfn.XLOOKUP(D15,$O$18:$O$25,$P$18:$P$25) -> HKI
B16: FI00 | C16: dheat | D16: TKU | E16: all | F16: =F8+5 -> 2020 | G16: dh-level:cities | H16: {=SUM($P$6:$U$13*($P$5:$U$5=$F16)*($O$6:$O$13=$D16)) / 1000} -> 2.0964712 | I16: =I15 -> 0.3 | L16: =_xlfn.XLOOKUP(D16,$O$18:$O$25,$P$18:$P$25) -> ROF
B17: FI00 | C17: dheat | D17: TRE | E17: all | F17: =F9+5 -> 2020 | G17: dh-level:cities | H17: {=SUM($P$6:$U$13*($P$5:$U$5=$F17)*($O$6:$O$13=$D17)) / 1000} -> 2.2343768 | I17: =I16 -> 0.3 | L17: =_xlfn.XLOOKUP(D17,$O$18:$O$25,$P$18:$P$25) -> ROF | O17: cities | P17: capitals
B18: FI00 | C18: dheat | D18: OUL | E18: all | F18: =F10+5 -> 2020 | G18: dh-level:cities | H18: {=SUM($P$6:$U$13*($P$5:$U$5=$F18)*($O$6:$O$13=$D18)) / 1000} -> 1.821834 | I18: =I17 -> 0.3 | L18: =_xlfn.XLOOKUP(D18,$O$18:$O$25,$P$18:$P$25) -> ROF | O18: HKI | P18: HKI
B19: FI00 | C19: dheat | D19: JKL | E19: all | F19: =F11+5 -> 2020 | G19: dh-level:cities | H19: {=SUM($P$6:$U$13*($P$5:$U$5=$F19)*($O$6:$O$13=$D19)) / 1000} -> 1.2041925 | I19: =I18 -> 0.3 | L19: =_xlfn.XLOOKUP(D19,$O$18:$O$25,$P$18:$P$25) -> ROF | O19: ESP | P19: HKI
B20: FI00 | C20: dheat | D20: ROF | E20: all | F20: =F12+5 -> 2020 | G20: dh-level:cities | H20: {=SUM($P$6:$U$13*($P$5:$U$5=$F20)*($O$6:$O$13=$D20)) / 1000} -> 19.73275 | I20: =I19 -> 0.3 | L20: =_xlfn.XLOOKUP(D20,$O$18:$O$25,$P$18:$P$25) -> ROF | O20: VAN | P20: HKI
B21: FI00 | C21: dheat | D21: HKI | E21: all | F21: =F13+5 -> 2025 | G21: dh-level:cities | H21: {=SUM($P$6:$U$13*($P$5:$U$5=$F21)*($O$6:$O$13=$D21)) / 1000} -> 6.8940564 | I21: 0.3 | L21: =_xlfn.XLOOKUP(D21,$O$18:$O$25,$P$18:$P$25) -> HKI | O21: TKU | P21: ROF
B22: FI00 | C22: dheat | D22: ESP | E22: all | F22: =F14+5 -> 2025 | G22: dh-level:cities | H22: {=SUM($P$6:$U$13*($P$5:$U$5=$F22)*($O$6:$O$13=$D22)) / 1000} -> 2.3116653 | I22: =I21 -> 0.3 | L22: =_xlfn.XLOOKUP(D22,$O$18:$O$25,$P$18:$P$25) -> HKI | O22: TRE | P22: ROF
B23: FI00 | C23: dheat | D23: VAN | E23: all | F23: =F15+5 -> 2025 | G23: dh-level:cities | H23: {=SUM($P$6:$U$13*($P$5:$U$5=$F23)*($O$6:$O$13=$D23)) / 1000} -> 1.9534343 | I23: =I22 -> 0.3 | L23: =_xlfn.XLOOKUP(D23,$O$18:$O$25,$P$18:$P$25) -> HKI | O23: OUL | P23: ROF
B24: FI00 | C24: dheat | D24: TKU | E24: all | F24: =F16+5 -> 2025 | G24: dh-level:cities | H24: {=SUM($P$6:$U$13*($P$5:$U$5=$F24)*($O$6:$O$13=$D24)) / 1000} -> 2.0365953 | I24: =I23 -> 0.3 | L24: =_xlfn.XLOOKUP(D24,$O$18:$O$25,$P$18:$P$25) -> ROF | O24: JKL | P24: ROF
B25: FI00 | C25: dheat | D25: TRE | E25: all | F25: =F17+5 -> 2025 | G25: dh-level:cities | H25: {=SUM($P$6:$U$13*($P$5:$U$5=$F25)*($O$6:$O$13=$D25)) / 1000} -> 2.2303642 | I25: =I24 -> 0.3 | L25: =_xlfn.XLOOKUP(D25,$O$18:$O$25,$P$18:$P$25) -> ROF | O25: ROF | P25: ROF
B26: FI00 | C26: dheat | D26: OUL | E26: all | F26: =F18+5 -> 2025 | G26: dh-level:cities | H26: {=SUM($P$6:$U$13*($P$5:$U$5=$F26)*($O$6:$O$13=$D26)) / 1000} -> 1.9174791 | I26: =I25 -> 0.3 | L26: =_xlfn.XLOOKUP(D26,$O$18:$O$25,$P$18:$P$25) -> ROF
B27: FI00 | C27: dheat | D27: JKL | E27: all | F27: =F19+5 -> 2025 | G27: dh-level:cities | H27: {=SUM($P$6:$U$13*($P$5:$U$5=$F27)*($O$6:$O$13=$D27)) / 1000} -> 1.2125036 | I27: =I26 -> 0.3 | L27: =_xlfn.XLOOKUP(D27,$O$18:$O$25,$P$18:$P$25) -> ROF
B28: FI00 | C28: dheat | D28: ROF | E28: all | F28: =F20+5 -> 2025 | G28: dh-level:cities | H28: {=SUM($P$6:$U$13*($P$5:$U$5=$F28)*($O$6:$O$13=$D28)) / 1000} -> 20.045263 | I28: =I27 -> 0.3 | L28: =_xlfn.XLOOKUP(D28,$O$18:$O$25,$P$18:$P$25) -> ROF
B29: FI00 | C29: dheat | D29: HKI | E29: all | F29: =F21+5 -> 2030 | G29: dh-level:cities | H29: {=SUM($P$6:$U$13*($P$5:$U$5=$F29)*($O$6:$O$13=$D29)) / 1000} -> 6.7488075 | I29: =I28 -> 0.3 | L29: =_xlfn.XLOOKUP(D29,$O$18:$O$25,$P$18:$P$25) -> HKI
B30: FI00 | C30: dheat | D30: ESP | E30: all | F30: =F22+5 -> 2030 | G30: dh-level:cities | H30: {=SUM($P$6:$U$13*($P$5:$U$5=$F30)*($O$6:$O$13=$D30)) / 1000} -> 2.2889009 | I30: =I29 -> 0.3 | L30: =_xlfn.XLOOKUP(D30,$O$18:$O$25,$P$18:$P$25) -> HKI
B31: FI00 | C31: dheat | D31: VAN | E31: all | F31: =F23+5 -> 2030 | G31: dh-level:cities | H31: {=SUM($P$6:$U$13*($P$5:$U$5=$F31)*($O$6:$O$13=$D31)) / 1000} -> 1.9356428 | I31: =I30 -> 0.3 | L31: =_xlfn.XLOOKUP(D31,$O$18:$O$25,$P$18:$P$25) -> HKI
B32: FI00 | C32: dheat | D32: TKU | E32: all | F32: =F24+5 -> 2030 | G32: dh-level:cities | H32: {=SUM($P$6:$U$13*($P$5:$U$5=$F32)*($O$6:$O$13=$D32)) / 1000} -> 2.0207279 | I32: =I31 -> 0.3 | L32: =_xlfn.XLOOKUP(D32,$O$18:$O$25,$P$18:$P$25) -> ROF
B33: FI00 | C33: dheat | D33: TRE | E33: all | F33: =F25+5 -> 2030 | G33: dh-level:cities | H33: {=SUM($P$6:$U$13*($P$5:$U$5=$F33)*($O$6:$O$13=$D33)) / 1000} -> 2.216318 | I33: =I32 -> 0.3 | L33: =_xlfn.XLOOKUP(D33,$O$18:$O$25,$P$18:$P$25) -> ROF
B34: FI00 | C34: dheat | D34: OUL | E34: all | F34: =F26+5 -> 2030 | G34: dh-level:cities | H34: {=SUM($P$6:$U$13*($P$5:$U$5=$F34)*($O$6:$O$13=$D34)) / 1000} -> 1.949743 | I34: =I33 -> 0.3 | L34: =_xlfn.XLOOKUP(D34,$O$18:$O$25,$P$18:$P$25) -> ROF
B35: FI00 | C35: dheat | D35: JKL | E35: all | F35: =F27+5 -> 2030 | G35: dh-level:cities | H35: {=SUM($P$6:$U$13*($P$5:$U$5=$F35)*($O$6:$O$13=$D35)) / 1000} -> 1.2184677 | I35: =I34 -> 0.3 | L35: =_xlfn.XLOOKUP(D35,$O$18:$O$25,$P$18:$P$25) -> ROF
B36: FI00 | C36: dheat | D36: ROF | E36: all | F36: =F28+5 -> 2030 | G36: dh-level:cities | H36: {=SUM($P$6:$U$13*($P$5:$U$5=$F36)*($O$6:$O$13=$D36)) / 1000} -> 20.388968 | I36: =I35 -> 0.3 | L36: =_xlfn.XLOOKUP(D36,$O$18:$O$25,$P$18:$P$25) -> ROF
B37: FI00 | C37: dheat | D37: HKI | E37: all | F37: =F29+5 -> 2035 | G37: dh-level:cities | H37: {=SUM($P$6:$U$13*($P$5:$U$5=$F37)*($O$6:$O$13=$D37)) / 1000} -> 6.5466202 | I37: =I36 -> 0.3 | L37: =_xlfn.XLOOKUP(D37,$O$18:$O$25,$P$18:$P$25) -> HKI
... B52: FI00 | C52: dheat | D52: ROF | E52: all | F52: =F44+5 -> 2040 | G52: dh-level:cities | H52: {=SUM($P$6:$U$13*($P$5:$U$5=$F52)*($O$6:$O$13=$D52)) / 1000} -> 20.244299 | I52: =I51 -> 0.3 | L52: =_xlfn.XLOOKUP(D52,$O$18:$O$25,$P$18:$P$25) -> ROF
B53: ## FI - capitals
B54: FI00 | C54: dheat | D54: HKI | E54: all | F54: 2015 | G54: dh-level:capitals | H54: =SUMIFS($H$5:$H$52, $F$5:$F$52,$F54, $L$5:$L$52,$D54) -> 11.32962 | I54: 0.3
B55: FI00 | C55: dheat | D55: HKI | E55: all | F55: 2020 | G55: dh-level:capitals | H55: =SUMIFS($H$5:$H$52, $F$5:$F$52,$F55, $L$5:$L$52,$D55) -> 11.400625 | I55: =I54 -> 0.3
B56: FI00 | C56: dheat | D56: HKI | E56: all | F56: 2025 | G56: dh-level:capitals | H56: =SUMIFS($H$5:$H$52, $F$5:$F$52,$F56, $L$5:$L$52,$D56) -> 11.159156 | I56: =I55 -> 0.3
B57: FI00 | C57: dheat | D57: HKI | E57: all | F57: 2030 | G57: dh-level:capitals | H57: =SUMIFS($H$5:$H$52, $F$5:$F$52,$F57, $L$5:$L$52,$D57) -> 10.973351 | I57: =I56 -> 0.3
B58: FI00 | C58: dheat | D58: HKI | E58: all | F58: 2035 | G58: dh-level:capitals | H58: =SUMIFS($H$5:$H$52, $F$5:$F$52,$F58, $L$5:$L$52,$D58) -> 10.672206 | I58: =I57 -> 0.3
B59: FI00 | C59: dheat | D59: HKI | E59: all | F59: 2040 | G59: dh-level:capitals | H59: =SUMIFS($H$5:$H$52, $F$5:$F$52,$F59, $L$5:$L$52,$D59) -> 10.364009 | I59: =I58 -> 0.3
B60: FI00 | C60: dheat | D60: ROF | E60: all | F60: 2015 | G60: dh-level:capitals | H60: =SUMIFS($H$5:$H$52, $F$5:$F$52,$F60, $L$5:$L$52,$D60) -> 26.800098 | I60: =I59 -> 0.3
B61: FI00 | C61: dheat | D61: ROF | E61: all | F61: 2020 | G61: dh-level:capitals | H61: =SUMIFS($H$5:$H$52, $F$5:$F$52,$F61, $L$5:$L$52,$D61) -> 27.089624 | I61: =I60 -> 0.3
B62: FI00 | C62: dheat | D62: ROF | E62: all | F62: 2025 | G62: dh-level:capitals | H62: =SUMIFS($H$5:$H$52, $F$5:$F$52,$F62, $L$5:$L$52,$D62) -> 27.442205 | I62: =I61 -> 0.3
B63: FI00 | C63: dheat | D63: ROF | E63: all | F63: 2030 | G63: dh-level:capitals | H63: =SUMIFS($H$5:$H$52, $F$5:$F$52,$F63, $L$5:$L$52,$D63) -> 27.794225 | I63: =I62 -> 0.3
B64: FI00 | C64: dheat | D64: ROF | E64: all | F64: 2035 | G64: dh-level:capitals | H64: =SUMIFS($H$5:$H$52, $F$5:$F$52,$F64, $L$5:$L$52,$D64) -> 27.729454 | I64: =I63 -> 0.3
B65: FI00 | C65: dheat | D65: ROF | E65: all | F65: 2040 | G65: dh-level:capitals | H65: =SUMIFS($H$5:$H$52, $F$5:$F$52,$F65, $L$5:$L$52,$D65) -> 27.531879 | I65: =I64 -> 0.3
B66: ## FI - national
B67: FI00 | C67: dheat | E67: all | F67: 2015 | G67: dh-level:national | H67: =SUMIFS($H$5:$H$52, $F$5:$F$52,$F67) -> 38.129718 | I67: 0.3
B68: FI00 | C68: dheat | E68: all | F68: 2020 | G68: dh-level:national | H68: =SUMIFS($H$5:$H$52, $F$5:$F$52,$F68) -> 38.490249 | I68: =I67 -> 0.3
B69: FI00 | C69: dheat | E69: all | F69: 2025 | G69: dh-level:national | H69: =SUMIFS($H$5:$H$52, $F$5:$F$52,$F69) -> 38.601361 | I69: =I68 -> 0.3
B70: FI00 | C70: dheat | E70: all | F70: 2030 | G70: dh-level:national | H70: =SUMIFS($H$5:$H$52, $F$5:$F$52,$F70) -> 38.767576 | I70: =I69 -> 0.3
B71: FI00 | C71: dheat | E71: all | F71: 2035 | G71: dh-level:national | H71: =SUMIFS($H$5:$H$52, $F$5:$F$52,$F71) -> 38.40166 | I71: =I70 -> 0.3
B72: FI00 | C72: dheat | E72: all | F72: 2040 | G72: dh-level:national | H72: =SUMIFS($H$5:$H$52, $F$5:$F$52,$F72) -> 37.895889 | I72: =I71 -> 0.3
A78: NEBB | B78: Area | C78: Parameter | D78: Unit | E78: 2000 | F78: 2001 | G78: 2002 | H78: 2003 | I78: 2004 | J78: 2005 | K78: 2006 | L78: 2007 | M78: 2008 | N78: 2009 | O78: 2010 | P78: 2011 | Q78: 2012 | R78: 2013 | S78: 2014 | T78: 2015 | U78: 2016 | V78: 2017 | W78: 2018 | X78: 2019 | Y78: 2020 | Z78: 2021 | AA78: 2022 | AB78: 2023 | AD78: 2015 | AE78: 2020 | AF78: 2025 | AG78: 2030 | AH78: 2035 | AI78: 2040
B79: Finland | C79: Produced DH | D79: GWh | J79: =SUMIFS(J$146:J$160,$B$146:$B$160,$B79) -> 32242 | K79: =SUMIFS(K$146:K$160,$B$146:$B$160,$B79) -> 33338 | L79: =SUMIFS(L$146:L$160,$B$146:$B$160,$B79) -> 33150 | M79: =SUMIFS(M$146:M$160,$B$146:$B$160,$B79) -> 33399 | N79: =SUMIFS(N$146:N$160,$B$146:$B$160,$B79) -> 35481 | O79: =SUMIFS(O$146:O$160,$B$146:$B$160,$B79) -> 39472 | P79: =SUMIFS(P$146:P$160,$B$146:$B$160,$B79) -> 35467 | Q79: =SUMIFS(Q$146:Q$160,$B$146:$B$160,$B79) -> 38805 | ... AB79: =SUMIFS(AB$146:AB$160,$B$146:$B$160,$B79) -> 38481 | AD79: =SUM(AD85,AD92,AD99,AD106,AD113,AD120,AD127,AD134) -> 38129.718 | AE79: =SUM(AE85,AE92,AE99,AE106,AE113,AE120,AE127,AE134) -> 38490.249 | AF79: =SUM(AF85,AF92,AF99,AF106,AF113,AF120,AF127,AF134) -> 38601.361 | AG79: =SUM(AG85,AG92,AG99,AG106,AG113,AG120,AG127,AG134) -> 38767.576 | AH79: =SUM(AH85,AH92,AH99,AH106,AH113,AH120,AH127,AH134) -> 38401.66 | AI79: =SUM(AI85,AI92,AI99,AI106,AI113,AI120,AI127,AI134) -> 37895.889
B80: =B79 -> Finland
B81: =B80 -> Finland | C81: hdd | E81: =HLOOKUP(E$78, HDD!$A$4:$AG$55, MATCH($B81,HDD!$A$4:$A$55,0), FALSE) -> 5211.69 | F81: =HLOOKUP(F$78, HDD!$A$4:$AG$55, MATCH($B81,HDD!$A$4:$A$55,0), FALSE) -> 5766.64 | G81: =HLOOKUP(G$78, HDD!$A$4:$AG$55, MATCH($B81,HDD!$A$4:$A$55,0), FALSE) -> 5736.48 | H81: =HLOOKUP(H$78, HDD!$A$4:$AG$55, MATCH($B81,HDD!$A$4:$A$55,0), FALSE) -> 5665.7 | I81: =HLOOKUP(I$78, HDD!$A$4:$AG$55, MATCH($B81,HDD!$A$4:$A$55,0), FALSE) -> 5561.61 | J81: =HLOOKUP(J$78, HDD!$A$4:$AG$55, MATCH($B81,HDD!$A$4:$A$55,0), FALSE) -> 5295.38 | K81: =HLOOKUP(K$78, HDD!$A$4:$AG$55, MATCH($B81,HDD!$A$4:$A$55,0), FALSE) -> 5442.56 | L81: =HLOOKUP(L$78, HDD!$A$4:$AG$55, MATCH($B81,HDD!$A$4:$A$55,0), FALSE) -> 5321.96 | ... AB81: =HLOOKUP(AB$78, HDD!$A$4:$AG$55, MATCH($B81,HDD!$A$4:$A$55,0), FALSE) -> 5437.01
B82: =B81 -> Finland | C82: pop | D82: mill | E82: =HLOOKUP(E$78, POP!$A$5:$AE$63, MATCH($B82, POP!$A$5:$A$63,0), FALSE) / 10^6 -> 5.176209 | F82: =HLOOKUP(F$78, POP!$A$5:$AE$63, MATCH($B82, POP!$A$5:$A$63,0), FALSE) / 10^6 -> 5.188008 | G82: =HLOOKUP(G$78, POP!$A$5:$AE$63, MATCH($B82, POP!$A$5:$A$63,0), FALSE) / 10^6 -> 5.200598 | H82: =HLOOKUP(H$78, POP!$A$5:$AE$63, MATCH($B82, POP!$A$5:$A$63,0), FALSE) / 10^6 -> 5.213014 | I82: =HLOOKUP(I$78, POP!$A$5:$AE$63, MATCH($B82, POP!$A$5:$A$63,0), FALSE) / 10^6 -> 5.228172 | J82: =HLOOKUP(J$78, POP!$A$5:$AE$63, MATCH($B82, POP!$A$5:$A$63,0), FALSE) / 10^6 -> 5.246096 | K82: =HLOOKUP(K$78, POP!$A$5:$AE$63, MATCH($B82, POP!$A$5:$A$63,0), FALSE) / 10^6 -> 5.266268 | L82: =HLOOKUP(L$78, POP!$A$5:$AE$63, MATCH($B82, POP!$A$5:$A$63,0), FALSE) / 10^6 -> 5.28872 | ... AB82: =HLOOKUP(AB$78, POP!$A$5:$AE$63, MATCH($B82, POP!$A$5:$A$63,0), FALSE) / 10^6 -> 5.583911 | AD82: =HLOOKUP(AD$78, POP!$A$5:$AE$63, MATCH($B82, POP!$A$5:$A$63,0), FALSE) / 10^6 -> 5.479531 | AE82: =HLOOKUP(AE$78, POP!$A$5:$AE$63, MATCH($B82, POP!$A$5:$A$63,0), FALSE) / 10^6 -> 5.529543 | AF82: =HLOOKUP(AF$78, POP!$A$5:$AE$63, MATCH($B82, POP!$A$5:$A$63,0), FALSE) / 10^6 -> 5.6037831 | AG82: =HLOOKUP(AG$78, POP!$A$5:$AE$63, MATCH($B82, POP!$A$5:$A$63,0), FALSE) / 10^6 -> 5.6438048 | AH82: =HLOOKUP(AH$78, POP!$A$5:$AE$63, MATCH($B82, POP!$A$5:$A$63,0), FALSE) / 10^6 -> 5.6704859 | AI82: =HLOOKUP(AI$78, POP!$A$5:$AE$63, MATCH($B82, POP!$A$5:$A$63,0), FALSE) / 10^6 -> 5.697167
A85: HKI | B85: Helsinki | C85: Produced DH | D85: GWh | J85: =SUMIFS(J$146:J$160,$B$146:$B$160,$B85) -> 7072.8 | K85: =SUMIFS(K$146:K$160,$B$146:$B$160,$B85) -> 7183.5 | L85: =SUMIFS(L$146:L$160,$B$146:$B$160,$B85) -> 6863.9 | M85: =SUMIFS(M$146:M$160,$B$146:$B$160,$B85) -> 6532.9 | N85: =SUMIFS(N$146:N$160,$B$146:$B$160,$B85) -> 7183.5 | O85: =SUMIFS(O$146:O$160,$B$146:$B$160,$B85) -> 7770.9 | P85: =SUMIFS(P$146:P$160,$B$146:$B$160,$B85) -> 6881.8 | Q85: =SUMIFS(Q$146:Q$160,$B$146:$B$160,$B85) -> 7302.2 | ... AB85: =SUMIFS(AB$146:AB$160,$B$146:$B$160,$B85) -> 6672.2 | AD85: =AD87*AD89*1000 / AVERAGE($E86:$AB86)*AD86 -> 7073.604 | AE85: =AE87*AE89*1000 / AVERAGE($E86:$AB86)*AE86 -> 7088.8236 | AF85: =AF87*AF89*1000 / AVERAGE($E86:$AB86)*AF86 -> 6894.0564 | AG85: =AG87*AG89*1000 / AVERAGE($E86:$AB86)*AG86 -> 6748.8075 | AH85: =AH87*AH89*1000 / AVERAGE($E86:$AB86)*AH86 -> 6546.6202 | AI85: =AI87*AI89*1000 / AVERAGE($E86:$AB86)*AI86 -> 6342.2362
A86: =A85 -> HKI | B86: =B85 -> Helsinki | C86: hdd | E86: =HLOOKUP(E$78, HDD!$A$4:$AG$55, MATCH($B86,HDD!$A$4:$A$55,0), FALSE) -> 3271 | F86: =HLOOKUP(F$78, HDD!$A$4:$AG$55, MATCH($B86,HDD!$A$4:$A$55,0), FALSE) -> 3870.7 | G86: =HLOOKUP(G$78, HDD!$A$4:$AG$55, MATCH($B86,HDD!$A$4:$A$55,0), FALSE) -> 3941.4 | H86: =HLOOKUP(H$78, HDD!$A$4:$AG$55, MATCH($B86,HDD!$A$4:$A$55,0), FALSE) -> 4032.8 | I86: =HLOOKUP(I$78, HDD!$A$4:$AG$55, MATCH($B86,HDD!$A$4:$A$55,0), FALSE) -> 3756.8 | J86: =HLOOKUP(J$78, HDD!$A$4:$AG$55, MATCH($B86,HDD!$A$4:$A$55,0), FALSE) -> 3618 | K86: =HLOOKUP(K$78, HDD!$A$4:$AG$55, MATCH($B86,HDD!$A$4:$A$55,0), FALSE) -> 3675 | L86: =HLOOKUP(L$78, HDD!$A$4:$AG$55, MATCH($B86,HDD!$A$4:$A$55,0), FALSE) -> 3508.8 | ... AB86: =HLOOKUP(AB$78, HDD!$A$4:$AG$55, MATCH($B86,HDD!$A$4:$A$55,0), FALSE) -> 3493 | AD86: =HLOOKUP(AD$78, HDD!$AA$4:$AG$55, MATCH($B86,HDD!$A$4:$A$55,0), FALSE) -> 3546.3308 | AE86: =HLOOKUP(AE$78, HDD!$AA$4:$AG$55, MATCH($B86,HDD!$A$4:$A$55,0), FALSE) -> 3471.8489 | AF86: =HLOOKUP(AF$78, HDD!$AA$4:$AG$55, MATCH($B86,HDD!$A$4:$A$55,0), FALSE) -> 3397.367 | AG86: =HLOOKUP(AG$78, HDD!$AA$4:$AG$55, MATCH($B86,HDD!$A$4:$A$55,0), FALSE) -> 3322.8851 | AH86: =HLOOKUP(AH$78, HDD!$AA$4:$AG$55, MATCH($B86,HDD!$A$4:$A$55,0), FALSE) -> 3248.4032 | AI86: =HLOOKUP(AI$78, HDD!$AA$4:$AG$55, MATCH($B86,HDD!$A$4:$A$55,0), FALSE) -> 3173.9212
A87: =A86 -> HKI | B87: =B86 -> Helsinki | C87: pop | D87: mill | E87: =HLOOKUP(E$78, POP!$A$5:$AE$63, MATCH($B87, POP!$A$5:$A$63,0), FALSE) / 10^6 -> 0.555474 | F87: =HLOOKUP(F$78, POP!$A$5:$AE$63, MATCH($B87, POP!$A$5:$A$63,0), FALSE) / 10^6 -> 0.559718 | G87: =HLOOKUP(G$78, POP!$A$5:$AE$63, MATCH($B87, POP!$A$5:$A$63,0), FALSE) / 10^6 -> 0.559716 | H87: =HLOOKUP(H$78, POP!$A$5:$AE$63, MATCH($B87, POP!$A$5:$A$63,0), FALSE) / 10^6 -> 0.55933 | I87: =HLOOKUP(I$78, POP!$A$5:$AE$63, MATCH($B87, POP!$A$5:$A$63,0), FALSE) / 10^6 -> 0.559046 | J87: =HLOOKUP(J$78, POP!$A$5:$AE$63, MATCH($B87, POP!$A$5:$A$63,0), FALSE) / 10^6 -> 0.560905 | K87: =HLOOKUP(K$78, POP!$A$5:$AE$63, MATCH($B87, POP!$A$5:$A$63,0), FALSE) / 10^6 -> 0.564521 | L87: =HLOOKUP(L$78, POP!$A$5:$AE$63, MATCH($B87, POP!$A$5:$A$63,0), FALSE) / 10^6 -> 0.568531 | ... AB87: =HLOOKUP(AB$78, POP!$A$5:$AE$63, MATCH($B87, POP!$A$5:$A$63,0), FALSE) / 10^6 -> 0.6745 | AD87: =HLOOKUP(AD$78, POP!$A$5:$AE$63, MATCH($B87, POP!$A$5:$A$63,0), FALSE) / 10^6 -> 0.628208 | AE87: =HLOOKUP(AE$78, POP!$A$5:$AE$63, MATCH($B87, POP!$A$5:$A$63,0), FALSE) / 10^6 -> 0.65692 | AF87: =HLOOKUP(AF$78, POP!$A$5:$AE$63, MATCH($B87, POP!$A$5:$A$63,0), FALSE) / 10^6 -> 0.68289043 | AG87: =HLOOKUP(AG$78, POP!$A$5:$AE$63, MATCH($B87, POP!$A$5:$A$63,0), FALSE) / 10^6 -> 0.699063 | AH87: =HLOOKUP(AH$78, POP!$A$5:$AE$63, MATCH($B87, POP!$A$5:$A$63,0), FALSE) / 10^6 -> 0.70984471 | AI87: =HLOOKUP(AI$78, POP!$A$5:$AE$63, MATCH($B87, POP!$A$5:$A$63,0), FALSE) / 10^6 -> 0.72062643
A88: =A87 -> HKI | B88: =B87 -> Helsinki | C88: Normal year net production | J88: =J85/J86*AVERAGE($E86:$AB86) -> 7035.6163 | K88: =K85/K86*AVERAGE($E86:$AB86) -> 7034.9025 | L88: =L85/L86*AVERAGE($E86:$AB86) -> 7040.3081 | M88: =M85/M86*AVERAGE($E86:$AB86) -> 7247.7716 | N88: =N85/N86*AVERAGE($E86:$AB86) -> 6918.1875 | O88: =O85/O86*AVERAGE($E86:$AB86) -> 6391.0665 | P88: =P85/P86*AVERAGE($E86:$AB86) -> 7090.5969 | Q88: =Q85/Q86*AVERAGE($E86:$AB86) -> 6921.3763 | ... AB88: =AB85/AB86*AVERAGE($E86:$AB86) -> 6874.6375
A89: =A88 -> HKI | B89: =B88 -> Helsinki | C89: Normal year net prod / pers | J89: =J88/J87/1000 -> 12.54333 | K89: =K88/K87/1000 -> 12.46172 | L89: =L88/L87/1000 -> 12.383332 | M89: =M88/M87/1000 -> 12.569146 | N89: =N88/N87/1000 -> 11.859411 | O89: =O88/O87/1000 -> 10.859022 | P89: =P88/P87/1000 -> 11.909284 | Q89: =Q88/Q87/1000 -> 11.459839 | ... AB89: =AB88/AB87/1000 -> 10.192198 | AD89: =AVERAGE(R89:V89) -> 11.427135 | AE89: =AVERAGE(W89:AA89) -> 11.186139 | AF89: {=(TREND($J89:$AB89,$J$78:$AB$78,AF$78) - TREND($J89:$AB89,$J$78:$AB$78,AB$78)) + AVERAGE($Y89:$AB89)} -> 10.694505 | AG89: {=(TREND($J89:$AB89,$J$78:$AB$78,AG$78) - TREND($J89:$AB89,$J$78:$AB$78,AF$78))/2 +AF89} -> 10.456221 | AH89: {=(TREND($J89:$AB89,$J$78:$AB$78,AH$78) - TREND($J89:$AB89,$J$78:$AB$78,AG$78))/2 +AG89} -> 10.217937 | AI89: {=(TREND($J89:$AB89,$J$78:$AB$78,AI$78) - TREND($J89:$AB89,$J$78:$AB$78,AH$78))/2 +AH89} -> 9.9796525
A92: ESP | B92: Espoo | C92: Produced DH | D92: GWh | J92: =SUMIFS(J$146:J$160,$B$146:$B$160,$B92) -> 2107.6 | K92: =SUMIFS(K$146:K$160,$B$146:$B$160,$B92) -> 2191.5 | L92: =SUMIFS(L$146:L$160,$B$146:$B$160,$B92) -> 2103.5 | M92: =SUMIFS(M$146:M$160,$B$146:$B$160,$B92) -> 2125.7 | N92: =SUMIFS(N$146:N$160,$B$146:$B$160,$B92) -> 2363.3 | O92: =SUMIFS(O$146:O$160,$B$146:$B$160,$B92) -> 2504.4 | P92: =SUMIFS(P$146:P$160,$B$146:$B$160,$B92) -> 2187.6 | Q92: =SUMIFS(Q$146:Q$160,$B$146:$B$160,$B92) -> 2390.5 | ... AB92: =SUMIFS(AB$146:AB$160,$B$146:$B$160,$B92) -> 2151 | AD92: =AD94*AD96*1000 / AVERAGE($E93:$AB93)*AD93 -> 2360.5087 | AE92: =AE94*AE96*1000 / AVERAGE($E93:$AB93)*AE93 -> 2367.4261 | AF92: =AF94*AF96*1000 / AVERAGE($E93:$AB93)*AF93 -> 2311.6653 | AG92: =AG94*AG96*1000 / AVERAGE($E93:$AB93)*AG93 -> 2288.9009 | AH92: =AH94*AH96*1000 / AVERAGE($E93:$AB93)*AH93 -> 2234.2093 | AI92: =AI94*AI96*1000 / AVERAGE($E93:$AB93)*AI93 -> 2176.9856
A93: =A92 -> ESP | B93: =B92 -> Espoo | C93: hdd | E93: =HLOOKUP(E$78, HDD!$A$4:$AG$55, MATCH($B93,HDD!$A$4:$A$55,0), FALSE) -> 3271 | F93: =HLOOKUP(F$78, HDD!$A$4:$AG$55, MATCH($B93,HDD!$A$4:$A$55,0), FALSE) -> 3870.7 | G93: =HLOOKUP(G$78, HDD!$A$4:$AG$55, MATCH($B93,HDD!$A$4:$A$55,0), FALSE) -> 3941.4 | H93: =HLOOKUP(H$78, HDD!$A$4:$AG$55, MATCH($B93,HDD!$A$4:$A$55,0), FALSE) -> 4032.8 | I93: =HLOOKUP(I$78, HDD!$A$4:$AG$55, MATCH($B93,HDD!$A$4:$A$55,0), FALSE) -> 3756.8 | J93: =HLOOKUP(J$78, HDD!$A$4:$AG$55, MATCH($B93,HDD!$A$4:$A$55,0), FALSE) -> 3618 | K93: =HLOOKUP(K$78, HDD!$A$4:$AG$55, MATCH($B93,HDD!$A$4:$A$55,0), FALSE) -> 3675 | L93: =HLOOKUP(L$78, HDD!$A$4:$AG$55, MATCH($B93,HDD!$A$4:$A$55,0), FALSE) -> 3508.8 | ... AB93: =HLOOKUP(AB$78, HDD!$A$4:$AG$55, MATCH($B93,HDD!$A$4:$A$55,0), FALSE) -> 3493 | AD93: =HLOOKUP(AD$78, HDD!$AA$4:$AG$55, MATCH($B93,HDD!$A$4:$A$55,0), FALSE) -> 3546.3308 | AE93: =HLOOKUP(AE$78, HDD!$AA$4:$AG$55, MATCH($B93,HDD!$A$4:$A$55,0), FALSE) -> 3471.8489 | AF93: =HLOOKUP(AF$78, HDD!$AA$4:$AG$55, MATCH($B93,HDD!$A$4:$A$55,0), FALSE) -> 3397.367 | AG93: =HLOOKUP(AG$78, HDD!$AA$4:$AG$55, MATCH($B93,HDD!$A$4:$A$55,0), FALSE) -> 3322.8851 | AH93: =HLOOKUP(AH$78, HDD!$AA$4:$AG$55, MATCH($B93,HDD!$A$4:$A$55,0), FALSE) -> 3248.4032 | AI93: =HLOOKUP(AI$78, HDD!$AA$4:$AG$55, MATCH($B93,HDD!$A$4:$A$55,0), FALSE) -> 3173.9212
A94: =A93 -> ESP | B94: =B93 -> Espoo | C94: pop | D94: mill | E94: =HLOOKUP(E$78, POP!$A$5:$AE$63, MATCH($B94, POP!$A$5:$A$63,0), FALSE) / 10^6 -> 0.213271 | F94: =HLOOKUP(F$78, POP!$A$5:$AE$63, MATCH($B94, POP!$A$5:$A$63,0), FALSE) / 10^6 -> 0.216836 | G94: =HLOOKUP(G$78, POP!$A$5:$AE$63, MATCH($B94, POP!$A$5:$A$63,0), FALSE) / 10^6 -> 0.221597 | H94: =HLOOKUP(H$78, POP!$A$5:$AE$63, MATCH($B94, POP!$A$5:$A$63,0), FALSE) / 10^6 -> 0.224231 | I94: =HLOOKUP(I$78, POP!$A$5:$AE$63, MATCH($B94, POP!$A$5:$A$63,0), FALSE) / 10^6 -> 0.227472 | J94: =HLOOKUP(J$78, POP!$A$5:$AE$63, MATCH($B94, POP!$A$5:$A$63,0), FALSE) / 10^6 -> 0.231704 | K94: =HLOOKUP(K$78, POP!$A$5:$AE$63, MATCH($B94, POP!$A$5:$A$63,0), FALSE) / 10^6 -> 0.235019 | L94: =HLOOKUP(L$78, POP!$A$5:$AE$63, MATCH($B94, POP!$A$5:$A$63,0), FALSE) / 10^6 -> 0.238047 | ... AB94: =HLOOKUP(AB$78, POP!$A$5:$AE$63, MATCH($B94, POP!$A$5:$A$63,0), FALSE) / 10^6 -> 0.314024 | AD94: =HLOOKUP(AD$78, POP!$A$5:$AE$63, MATCH($B94, POP!$A$5:$A$63,0), FALSE) / 10^6 -> 0.269802 | AE94: =HLOOKUP(AE$78, POP!$A$5:$AE$63, MATCH($B94, POP!$A$5:$A$63,0), FALSE) / 10^6 -> 0.292796 | AF94: =HLOOKUP(AF$78, POP!$A$5:$AE$63, MATCH($B94, POP!$A$5:$A$63,0), FALSE) / 10^6 -> 0.31363149 | AG94: =HLOOKUP(AG$78, POP!$A$5:$AE$63, MATCH($B94, POP!$A$5:$A$63,0), FALSE) / 10^6 -> 0.32551889 | AH94: =HLOOKUP(AH$78, POP!$A$5:$AE$63, MATCH($B94, POP!$A$5:$A$63,0), FALSE) / 10^6 -> 0.33344382 | AI94: =HLOOKUP(AI$78, POP!$A$5:$AE$63, MATCH($B94, POP!$A$5:$A$63,0), FALSE) / 10^6 -> 0.34136876
A95: =A94 -> ESP | B95: =B94 -> Espoo | C95: Normal year net production | J95: =J92/J93*AVERAGE($E93:$AB93) -> 2096.5198 | K95: =K92/K93*AVERAGE($E93:$AB93) -> 2146.1668 | L95: =L92/L93*AVERAGE($E93:$AB93) -> 2157.5618 | M95: =M92/M93*AVERAGE($E93:$AB93) -> 2358.3076 | N95: =N92/N93*AVERAGE($E93:$AB93) -> 2276.0148 | O95: =O92/O93*AVERAGE($E93:$AB93) -> 2059.7083 | P95: =P92/P93*AVERAGE($E93:$AB93) -> 2253.9728 | Q95: =Q92/Q93*AVERAGE($E93:$AB93) -> 2265.8308 | ... AB95: =AB92/AB93*AVERAGE($E93:$AB93) -> 2216.2623
A96: =A95 -> ESP | B96: =B95 -> Espoo | C96: Normal year net prod / pers | J96: =J95/J94/1000 -> 9.0482674 | K96: =K95/K94/1000 -> 9.1318862 | L96: =L95/L94/1000 -> 9.0635956 | M96: =M95/M94/1000 -> 9.7626214 | N96: =N95/N94/1000 -> 9.3153311 | O96: =O95/O94/1000 -> 8.3062801 | P96: =P95/P94/1000 -> 8.9287818 | Q96: =Q95/Q94/1000 -> 8.8225043 | ... AB96: =AB95/AB94/1000 -> 7.0576207 | AD96: =AVERAGE(R96:V96) -> 8.8789276 | AE96: =AVERAGE(W96:AA96) -> 8.3816555 | AF96: {=(TREND($J96:$AB96,$J$78:$AB$78,AF$78) - TREND($J96:$AB96,$J$78:$AB$78,AB$78)) + AVERAGE($Y96:$AB96)} -> 7.8080425 | AG96: {=(TREND($J96:$AB96,$J$78:$AB$78,AG$78) - TREND($J96:$AB96,$J$78:$AB$78,AF$78))/2 +AF96} -> 7.6157872 | AH96: {=(TREND($J96:$AB96,$J$78:$AB$78,AH$78) - TREND($J96:$AB96,$J$78:$AB$78,AG$78))/2 +AG96} -> 7.4235319 | AI96: {=(TREND($J96:$AB96,$J$78:$AB$78,AI$78) - TREND($J96:$AB96,$J$78:$AB$78,AH$78))/2 +AH96} -> 7.2312766
A99: VAN | B99: Vantaa | C99: Produced DH | D99: GWh | J99: =SUMIFS(J$146:J$160,$B$146:$B$160,$B99) -> 1838.7 | K99: =SUMIFS(K$146:K$160,$B$146:$B$160,$B99) -> 1859.5 | L99: =SUMIFS(L$146:L$160,$B$146:$B$160,$B99) -> 1818 | M99: =SUMIFS(M$146:M$160,$B$146:$B$160,$B99) -> 1764.7 | N99: =SUMIFS(N$146:N$160,$B$146:$B$160,$B99) -> 1987.2 | O99: =SUMIFS(O$146:O$160,$B$146:$B$160,$B99) -> 2174.4 | P99: =SUMIFS(P$146:P$160,$B$146:$B$160,$B99) -> 1868.5 | Q99: =SUMIFS(Q$146:Q$160,$B$146:$B$160,$B99) -> 2015.5 | ... AB99: =SUMIFS(AB$146:AB$160,$B$146:$B$160,$B99) -> 1992.8 | AD99: =AD101*AD103*1000 / AVERAGE($E100:$AB100)*AD100 -> 1895.5076 | AE99: =AE101*AE103*1000 / AVERAGE($E100:$AB100)*AE100 -> 1944.3748 | AF99: =AF101*AF103*1000 / AVERAGE($E100:$AB100)*AF100 -> 1953.4343 | AG99: =AG101*AG103*1000 / AVERAGE($E100:$AB100)*AG100 -> 1935.6428 | AH99: =AH101*AH103*1000 / AVERAGE($E100:$AB100)*AH100 -> 1891.3769 | AI99: =AI101*AI103*1000 / AVERAGE($E100:$AB100)*AI100 -> 1844.7875
A100: =A99 -> VAN | B100: =B99 -> Vantaa | C100: hdd | E100: =HLOOKUP(E$78, HDD!$A$4:$AG$55, MATCH($B100,HDD!$A$4:$A$55,0), FALSE) -> 3429 | F100: =HLOOKUP(F$78, HDD!$A$4:$AG$55, MATCH($B100,HDD!$A$4:$A$55,0), FALSE) -> 4000.4 | G100: =HLOOKUP(G$78, HDD!$A$4:$AG$55, MATCH($B100,HDD!$A$4:$A$55,0), FALSE) -> 4099.4 | H100: =HLOOKUP(H$78, HDD!$A$4:$AG$55, MATCH($B100,HDD!$A$4:$A$55,0), FALSE) -> 4146.2 | I100: =HLOOKUP(I$78, HDD!$A$4:$AG$55, MATCH($B100,HDD!$A$4:$A$55,0), FALSE) -> 4040.5 | J100: =HLOOKUP(J$78, HDD!$A$4:$AG$55, MATCH($B100,HDD!$A$4:$A$55,0), FALSE) -> 3873 | K100: =HLOOKUP(K$78, HDD!$A$4:$AG$55, MATCH($B100,HDD!$A$4:$A$55,0), FALSE) -> 3886 | L100: =HLOOKUP(L$78, HDD!$A$4:$AG$55, MATCH($B100,HDD!$A$4:$A$55,0), FALSE) -> 3723.1 | ... AB100: =HLOOKUP(AB$78, HDD!$A$4:$AG$55, MATCH($B100,HDD!$A$4:$A$55,0), FALSE) -> 3765 | AD100: =HLOOKUP(AD$78, HDD!$AA$4:$AG$55, MATCH($B100,HDD!$A$4:$A$55,0), FALSE) -> 3779.1424 | AE100: =HLOOKUP(AE$78, HDD!$AA$4:$AG$55, MATCH($B100,HDD!$A$4:$A$55,0), FALSE) -> 3726.3397 | AF100: =HLOOKUP(AF$78, HDD!$AA$4:$AG$55, MATCH($B100,HDD!$A$4:$A$55,0), FALSE) -> 3673.537 | AG100: =HLOOKUP(AG$78, HDD!$AA$4:$AG$55, MATCH($B100,HDD!$A$4:$A$55,0), FALSE) -> 3620.7343 | AH100: =HLOOKUP(AH$78, HDD!$AA$4:$AG$55, MATCH($B100,HDD!$A$4:$A$55,0), FALSE) -> 3567.9316 | AI100: =HLOOKUP(AI$78, HDD!$AA$4:$AG$55, MATCH($B100,HDD!$A$4:$A$55,0), FALSE) -> 3515.1289
A101: =A100 -> VAN | B101: =B100 -> Vantaa | C101: pop | D101: mill | E101: =HLOOKUP(E$78, POP!$A$5:$AE$63, MATCH($B101, POP!$A$5:$A$63,0), FALSE) / 10^6 -> 0.178471 | F101: =HLOOKUP(F$78, POP!$A$5:$AE$63, MATCH($B101, POP!$A$5:$A$63,0), FALSE) / 10^6 -> 0.179856 | G101: =HLOOKUP(G$78, POP!$A$5:$AE$63, MATCH($B101, POP!$A$5:$A$63,0), FALSE) / 10^6 -> 0.18189 | H101: =HLOOKUP(H$78, POP!$A$5:$AE$63, MATCH($B101, POP!$A$5:$A$63,0), FALSE) / 10^6 -> 0.184039 | I101: =HLOOKUP(I$78, POP!$A$5:$AE$63, MATCH($B101, POP!$A$5:$A$63,0), FALSE) / 10^6 -> 0.185429 | J101: =HLOOKUP(J$78, POP!$A$5:$AE$63, MATCH($B101, POP!$A$5:$A$63,0), FALSE) / 10^6 -> 0.187281 | K101: =HLOOKUP(K$78, POP!$A$5:$AE$63, MATCH($B101, POP!$A$5:$A$63,0), FALSE) / 10^6 -> 0.189711 | L101: =HLOOKUP(L$78, POP!$A$5:$AE$63, MATCH($B101, POP!$A$5:$A$63,0), FALSE) / 10^6 -> 0.192522 | ... AB101: =HLOOKUP(AB$78, POP!$A$5:$AE$63, MATCH($B101, POP!$A$5:$A$63,0), FALSE) / 10^6 -> 0.247443 | AD101: =HLOOKUP(AD$78, POP!$A$5:$AE$63, MATCH($B101, POP!$A$5:$A$63,0), FALSE) / 10^6 -> 0.214605 | AE101: =HLOOKUP(AE$78, POP!$A$5:$AE$63, MATCH($B101, POP!$A$5:$A$63,0), FALSE) / 10^6 -> 0.237231 | AF101: =HLOOKUP(AF$78, POP!$A$5:$AE$63, MATCH($B101, POP!$A$5:$A$63,0), FALSE) / 10^6 -> 0.25024729 | AG101: =HLOOKUP(AG$78, POP!$A$5:$AE$63, MATCH($B101, POP!$A$5:$A$63,0), FALSE) / 10^6 -> 0.25948044 | AH101: =HLOOKUP(AH$78, POP!$A$5:$AE$63, MATCH($B101, POP!$A$5:$A$63,0), FALSE) / 10^6 -> 0.26563587 | AI101: =HLOOKUP(AI$78, POP!$A$5:$AE$63, MATCH($B101, POP!$A$5:$A$63,0), FALSE) / 10^6 -> 0.27179131
A102: =A101 -> VAN | B102: =B101 -> Vantaa | C102: Normal year net production | J102: =J99/J100*AVERAGE($E100:$AB100) -> 1812.0073 | K102: =K99/K100*AVERAGE($E100:$AB100) -> 1826.375 | L102: =L99/L100*AVERAGE($E100:$AB100) -> 1863.7418 | M102: =M99/M100*AVERAGE($E100:$AB100) -> 1957.9834 | N102: =N99/N100*AVERAGE($E100:$AB100) -> 1919.2043 | O102: =O99/O100*AVERAGE($E100:$AB100) -> 1791.7089 | P102: =P99/P100*AVERAGE($E100:$AB100) -> 1951.2022 | Q102: =Q99/Q100*AVERAGE($E100:$AB100) -> 1895.223 | ... AB102: =AB99/AB100*AVERAGE($E100:$AB100) -> 2020.2043
A103: =A102 -> VAN | B103: =B102 -> Vantaa | C103: Normal year net prod / pers | J103: =J102/J101/1000 -> 9.6753396 | K103: =K102/K101/1000 -> 9.6271432 | L103: =L102/L101/1000 -> 9.680669 | M103: =M102/M101/1000 -> 10.02054 | N103: =N102/N101/1000 -> 9.710803 | O103: =O102/O101/1000 -> 8.9560815 | P103: =P102/P101/1000 -> 9.6117862 | Q103: =Q102/Q101/1000 -> 9.230941 | ... AB103: =AB102/AB101/1000 -> 8.1643219 | AD103: =AVERAGE(R103:V103) -> 8.9204959 | AE103: =AVERAGE(W103:AA103) -> 8.3950379 | AF103: {=(TREND($J103:$AB103,$J$78:$AB$78,AF$78) - TREND($J103:$AB103,$J$78:$AB$78,AB$78)) + AVERAGE($Y103:$AB103)} -> 8.1103868 | AG103: {=(TREND($J103:$AB103,$J$78:$AB$78,AG$78) - TREND($J103:$AB103,$J$78:$AB$78,AF$78))/2 +AF103} -> 7.8635833 | AH103: {=(TREND($J103:$AB103,$J$78:$AB$78,AH$78) - TREND($J103:$AB103,$J$78:$AB$78,AG$78))/2 +AG103} -> 7.6167799 | AI103: {=(TREND($J103:$AB103,$J$78:$AB$78,AI$78) - TREND($J103:$AB103,$J$78:$AB$78,AH$78))/2 +AH103} -> 7.3699764
A106: TKU | B106: Turku | C106: Produced DH | D106: GWh | J106: =SUMIFS(J$146:J$160,$B$146:$B$160,$B106) -> 1726.1 | K106: =SUMIFS(K$146:K$160,$B$146:$B$160,$B106) -> 1740 | L106: =SUMIFS(L$146:L$160,$B$146:$B$160,$B106) -> 1744 | M106: =SUMIFS(M$146:M$160,$B$146:$B$160,$B106) -> 1683.5 | N106: =SUMIFS(N$146:N$160,$B$146:$B$160,$B106) -> 1850 | O106: =SUMIFS(O$146:O$160,$B$146:$B$160,$B106) -> 2046.7 | P106: =SUMIFS(P$146:P$160,$B$146:$B$160,$B106) -> 1762.1 | Q106: =SUMIFS(Q$146:Q$160,$B$146:$B$160,$B106) -> 1944.6 | ... AB106: =SUMIFS(AB$146:AB$160,$B$146:$B$160,$B106) -> 2038 | AD106: =AD108*AD110*1000 / AVERAGE($E107:$AB107)*AD107 -> 2218.7058 | AE106: =AE108*AE110*1000 / AVERAGE($E107:$AB107)*AE107 -> 2096.4712 | AF106: =AF108*AF110*1000 / AVERAGE($E107:$AB107)*AF107 -> 2036.5953 | AG106: =AG108*AG110*1000 / AVERAGE($E107:$AB107)*AG107 -> 2020.7279 | AH106: =AH108*AH110*1000 / AVERAGE($E107:$AB107)*AH107 -> 1989.1836 | AI106: =AI108*AI110*1000 / AVERAGE($E107:$AB107)*AI107 -> 1956.8544
A107: =A106 -> TKU | B107: =B106 -> Turku | C107: hdd | E107: =HLOOKUP(E$78, HDD!$A$4:$AG$55, MATCH($B107,HDD!$A$4:$A$55,0), FALSE) -> 3398 | F107: =HLOOKUP(F$78, HDD!$A$4:$AG$55, MATCH($B107,HDD!$A$4:$A$55,0), FALSE) -> 3992.4 | G107: =HLOOKUP(G$78, HDD!$A$4:$AG$55, MATCH($B107,HDD!$A$4:$A$55,0), FALSE) -> 4081.1 | H107: =HLOOKUP(H$78, HDD!$A$4:$AG$55, MATCH($B107,HDD!$A$4:$A$55,0), FALSE) -> 4114.8 | I107: =HLOOKUP(I$78, HDD!$A$4:$AG$55, MATCH($B107,HDD!$A$4:$A$55,0), FALSE) -> 3878.8 | J107: =HLOOKUP(J$78, HDD!$A$4:$AG$55, MATCH($B107,HDD!$A$4:$A$55,0), FALSE) -> 3847 | K107: =HLOOKUP(K$78, HDD!$A$4:$AG$55, MATCH($B107,HDD!$A$4:$A$55,0), FALSE) -> 3709 | L107: =HLOOKUP(L$78, HDD!$A$4:$AG$55, MATCH($B107,HDD!$A$4:$A$55,0), FALSE) -> 3714.1 | ... AB107: =HLOOKUP(AB$78, HDD!$A$4:$AG$55, MATCH($B107,HDD!$A$4:$A$55,0), FALSE) -> 3823 | AD107: =HLOOKUP(AD$78, HDD!$AA$4:$AG$55, MATCH($B107,HDD!$A$4:$A$55,0), FALSE) -> 3748.7607 | AE107: =HLOOKUP(AE$78, HDD!$AA$4:$AG$55, MATCH($B107,HDD!$A$4:$A$55,0), FALSE) -> 3696.8818 | AF107: =HLOOKUP(AF$78, HDD!$AA$4:$AG$55, MATCH($B107,HDD!$A$4:$A$55,0), FALSE) -> 3645.003 | AG107: =HLOOKUP(AG$78, HDD!$AA$4:$AG$55, MATCH($B107,HDD!$A$4:$A$55,0), FALSE) -> 3593.1242 | AH107: =HLOOKUP(AH$78, HDD!$AA$4:$AG$55, MATCH($B107,HDD!$A$4:$A$55,0), FALSE) -> 3541.2453 | AI107: =HLOOKUP(AI$78, HDD!$AA$4:$AG$55, MATCH($B107,HDD!$A$4:$A$55,0), FALSE) -> 3489.3665
A108: =A107 -> TKU | B108: =B107 -> Turku | C108: pop | D108: mill | E108: =HLOOKUP(E$78, POP!$A$5:$AE$63, MATCH($B108, POP!$A$5:$A$63,0), FALSE) / 10^6 -> 0.172561 | F108: =HLOOKUP(F$78, POP!$A$5:$AE$63, MATCH($B108, POP!$A$5:$A$63,0), FALSE) / 10^6 -> 0.173686 | G108: =HLOOKUP(G$78, POP!$A$5:$AE$63, MATCH($B108, POP!$A$5:$A$63,0), FALSE) / 10^6 -> 0.174618 | H108: =HLOOKUP(H$78, POP!$A$5:$AE$63, MATCH($B108, POP!$A$5:$A$63,0), FALSE) / 10^6 -> 0.175059 | I108: =HLOOKUP(I$78, POP!$A$5:$AE$63, MATCH($B108, POP!$A$5:$A$63,0), FALSE) / 10^6 -> 0.174824 | J108: =HLOOKUP(J$78, POP!$A$5:$AE$63, MATCH($B108, POP!$A$5:$A$63,0), FALSE) / 10^6 -> 0.174868 | K108: =HLOOKUP(K$78, POP!$A$5:$AE$63, MATCH($B108, POP!$A$5:$A$63,0), FALSE) / 10^6 -> 0.175354 | L108: =HLOOKUP(L$78, POP!$A$5:$AE$63, MATCH($B108, POP!$A$5:$A$63,0), FALSE) / 10^6 -> 0.175286 | ... AB108: =HLOOKUP(AB$78, POP!$A$5:$AE$63, MATCH($B108, POP!$A$5:$A$63,0), FALSE) / 10^6 -> 0.201863 | AD108: =HLOOKUP(AD$78, POP!$A$5:$AE$63, MATCH($B108, POP!$A$5:$A$63,0), FALSE) / 10^6 -> 0.185908 | AE108: =HLOOKUP(AE$78, POP!$A$5:$AE$63, MATCH($B108, POP!$A$5:$A$63,0), FALSE) / 10^6 -> 0.194391 | AF108: =HLOOKUP(AF$78, POP!$A$5:$AE$63, MATCH($B108, POP!$A$5:$A$63,0), FALSE) / 10^6 -> 0.20179108 | AG108: =HLOOKUP(AG$78, POP!$A$5:$AE$63, MATCH($B108, POP!$A$5:$A$63,0), FALSE) / 10^6 -> 0.20620643 | AH108: =HLOOKUP(AH$78, POP!$A$5:$AE$63, MATCH($B108, POP!$A$5:$A$63,0), FALSE) / 10^6 -> 0.20915 | AI108: =HLOOKUP(AI$78, POP!$A$5:$AE$63, MATCH($B108, POP!$A$5:$A$63,0), FALSE) / 10^6 -> 0.21209358
A109: =A108 -> TKU | B109: =B108 -> Turku | C109: Normal year net production | J109: =J106/J107*AVERAGE($E107:$AB107) -> 1699.276 | K109: =K106/K107*AVERAGE($E107:$AB107) -> 1776.6937 | L109: =L106/L107*AVERAGE($E107:$AB107) -> 1778.3328 | M109: =M106/M107*AVERAGE($E107:$AB107) -> 1807.1937 | N109: =N106/N107*AVERAGE($E107:$AB107) -> 1739.4118 | O109: =O106/O107*AVERAGE($E107:$AB107) -> 1664.7973 | P109: =P106/P107*AVERAGE($E107:$AB107) -> 1838.9238 | Q109: =Q106/Q107*AVERAGE($E107:$AB107) -> 1832.4512 | ... AB109: =AB106/AB107*AVERAGE($E107:$AB107) -> 2018.9243
A110: =A109 -> TKU | B110: =B109 -> Turku | C110: Normal year net prod / pers | J110: =J109/J108/1000 -> 9.7174782 | K110: =K109/K108/1000 -> 10.13204 | L110: =L109/L108/1000 -> 10.145321 | M110: =M109/M108/1000 -> 10.292591 | N110: =N109/N108/1000 -> 9.8781388 | O110: =O109/O108/1000 -> 9.3883431 | P110: =P109/P108/1000 -> 10.294597 | Q110: =Q109/Q108/1000 -> 10.167575 | ... AB110: =AB109/AB108/1000 -> 10.001458 | AD110: =AVERAGE(R110:V110) -> 12.056856 | AE110: =AVERAGE(W110:AA110) -> 11.048348 | AF110: {=(TREND($P110:$AB110,$P$78:$AB$78,AF$78) - TREND($P110:$AB110,$P$78:$AB$78,AB$78)) + AVERAGE($Y110:$AB110)} -> 10.486367 | AG110: {=(TREND($P110:$AB110,$P$78:$AB$78,AG$78) - TREND($P110:$AB110,$P$78:$AB$78,AF$78))/2 +AF110} -> 10.328888 | AH110: {=(TREND($P110:$AB110,$P$78:$AB$78,AH$78) - TREND($P110:$AB110,$P$78:$AB$78,AG$78))/2 +AG110} -> 10.171409 | AI110: {=(TREND($P110:$AB110,$P$78:$AB$78,AI$78) - TREND($P110:$AB110,$P$78:$AB$78,AH$78))/2 +AH110} -> 10.01393
A113: TRE | B113: Tampere | C113: Produced DH | D113: GWh | J113: =SUMIFS(J$146:J$160,$B$146:$B$160,$B113) -> 2103.7 | K113: =SUMIFS(K$146:K$160,$B$146:$B$160,$B113) -> 2138.8 | L113: =SUMIFS(L$146:L$160,$B$146:$B$160,$B113) -> 2132.4 | M113: =SUMIFS(M$146:M$160,$B$146:$B$160,$B113) -> 2099.3 | N113: =SUMIFS(N$146:N$160,$B$146:$B$160,$B113) -> 2241.8 | O113: =SUMIFS(O$146:O$160,$B$146:$B$160,$B113) -> 2459.9 | P113: =SUMIFS(P$146:P$160,$B$146:$B$160,$B113) -> 2156.4 | Q113: =SUMIFS(Q$146:Q$160,$B$146:$B$160,$B113) -> 2355.6 | ... AB113: =SUMIFS(AB$146:AB$160,$B$146:$B$160,$B113) -> 2268.2 | AD113: =AD115*AD117*1000 / AVERAGE($E114:$AB114)*AD114 -> 2224.9794 | AE113: =AE115*AE117*1000 / AVERAGE($E114:$AB114)*AE114 -> 2234.3768 | AF113: =AF115*AF117*1000 / AVERAGE($E114:$AB114)*AF114 -> 2230.3642 | AG113: =AG115*AG117*1000 / AVERAGE($E114:$AB114)*AG114 -> 2216.318 | AH113: =AH115*AH117*1000 / AVERAGE($E114:$AB114)*AH114 -> 2178.5868 | AI113: =AI115*AI117*1000 / AVERAGE($E114:$AB114)*AI114 -> 2139.2937
A114: =A113 -> TRE | B114: =B113 -> Tampere | C114: hdd | E114: =HLOOKUP(E$78, HDD!$A$4:$AG$55, MATCH($B114,HDD!$A$4:$A$55,0), FALSE) -> 3834 | F114: =HLOOKUP(F$78, HDD!$A$4:$AG$55, MATCH($B114,HDD!$A$4:$A$55,0), FALSE) -> 4400.2 | G114: =HLOOKUP(G$78, HDD!$A$4:$AG$55, MATCH($B114,HDD!$A$4:$A$55,0), FALSE) -> 4459.1 | H114: =HLOOKUP(H$78, HDD!$A$4:$AG$55, MATCH($B114,HDD!$A$4:$A$55,0), FALSE) -> 4450.9 | I114: =HLOOKUP(I$78, HDD!$A$4:$AG$55, MATCH($B114,HDD!$A$4:$A$55,0), FALSE) -> 4289.2 | J114: =HLOOKUP(J$78, HDD!$A$4:$AG$55, MATCH($B114,HDD!$A$4:$A$55,0), FALSE) -> 4142 | K114: =HLOOKUP(K$78, HDD!$A$4:$AG$55, MATCH($B114,HDD!$A$4:$A$55,0), FALSE) -> 4119 | L114: =HLOOKUP(L$78, HDD!$A$4:$AG$55, MATCH($B114,HDD!$A$4:$A$55,0), FALSE) -> 4062.3 | ... AB114: =HLOOKUP(AB$78, HDD!$A$4:$AG$55, MATCH($B114,HDD!$A$4:$A$55,0), FALSE) -> 4114 | AD114: =HLOOKUP(AD$78, HDD!$AA$4:$AG$55, MATCH($B114,HDD!$A$4:$A$55,0), FALSE) -> 4105.2532 | AE114: =HLOOKUP(AE$78, HDD!$AA$4:$AG$55, MATCH($B114,HDD!$A$4:$A$55,0), FALSE) -> 4042.6286 | AF114: =HLOOKUP(AF$78, HDD!$AA$4:$AG$55, MATCH($B114,HDD!$A$4:$A$55,0), FALSE) -> 3980.004 | AG114: =HLOOKUP(AG$78, HDD!$AA$4:$AG$55, MATCH($B114,HDD!$A$4:$A$55,0), FALSE) -> 3917.3794 | AH114: =HLOOKUP(AH$78, HDD!$AA$4:$AG$55, MATCH($B114,HDD!$A$4:$A$55,0), FALSE) -> 3854.7548 | AI114: =HLOOKUP(AI$78, HDD!$AA$4:$AG$55, MATCH($B114,HDD!$A$4:$A$55,0), FALSE) -> 3792.1302
A115: =A114 -> TRE | B115: =B114 -> Tampere | C115: pop | D115: mill | E115: =HLOOKUP(E$78, POP!$A$5:$AE$63, MATCH($B115, POP!$A$5:$A$63,0), FALSE) / 10^6 -> 0.195468 | F115: =HLOOKUP(F$78, POP!$A$5:$AE$63, MATCH($B115, POP!$A$5:$A$63,0), FALSE) / 10^6 -> 0.197774 | G115: =HLOOKUP(G$78, POP!$A$5:$AE$63, MATCH($B115, POP!$A$5:$A$63,0), FALSE) / 10^6 -> 0.199823 | H115: =HLOOKUP(H$78, POP!$A$5:$AE$63, MATCH($B115, POP!$A$5:$A$63,0), FALSE) / 10^6 -> 0.200966 | I115: =HLOOKUP(I$78, POP!$A$5:$AE$63, MATCH($B115, POP!$A$5:$A$63,0), FALSE) / 10^6 -> 0.202932 | J115: =HLOOKUP(J$78, POP!$A$5:$AE$63, MATCH($B115, POP!$A$5:$A$63,0), FALSE) / 10^6 -> 0.204337 | K115: =HLOOKUP(K$78, POP!$A$5:$AE$63, MATCH($B115, POP!$A$5:$A$63,0), FALSE) / 10^6 -> 0.206368 | L115: =HLOOKUP(L$78, POP!$A$5:$AE$63, MATCH($B115, POP!$A$5:$A$63,0), FALSE) / 10^6 -> 0.207866 | ... AB115: =HLOOKUP(AB$78, POP!$A$5:$AE$63, MATCH($B115, POP!$A$5:$A$63,0), FALSE) / 10^6 -> 0.25505 | AD115: =HLOOKUP(AD$78, POP!$A$5:$AE$63, MATCH($B115, POP!$A$5:$A$63,0), FALSE) / 10^6 -> 0.225118 | AE115: =HLOOKUP(AE$78, POP!$A$5:$AE$63, MATCH($B115, POP!$A$5:$A$63,0), FALSE) / 10^6 -> 0.241009 | AF115: =HLOOKUP(AF$78, POP!$A$5:$AE$63, MATCH($B115, POP!$A$5:$A$63,0), FALSE) / 10^6 -> 0.25401092 | AG115: =HLOOKUP(AG$78, POP!$A$5:$AE$63, MATCH($B115, POP!$A$5:$A$63,0), FALSE) / 10^6 -> 0.26154188 | AH115: =HLOOKUP(AH$78, POP!$A$5:$AE$63, MATCH($B115, POP!$A$5:$A$63,0), FALSE) / 10^6 -> 0.26656252 | AI115: =HLOOKUP(AI$78, POP!$A$5:$AE$63, MATCH($B115, POP!$A$5:$A$63,0), FALSE) / 10^6 -> 0.27158315
A116: =A115 -> TRE | B116: =B115 -> Tampere | C116: Normal year net production | J116: =J113/J114*AVERAGE($E114:$AB114) -> 2108.4128 | K116: =K113/K114*AVERAGE($E114:$AB114) -> 2155.561 | L116: =L113/L114*AVERAGE($E114:$AB114) -> 2179.1073 | M116: =M113/M114*AVERAGE($E114:$AB114) -> 2240.8795 | N116: =N113/N114*AVERAGE($E114:$AB114) -> 2129.1095 | O116: =O113/O114*AVERAGE($E114:$AB114) -> 2043.5725 | P116: =P113/P114*AVERAGE($E114:$AB114) -> 2269.1555 | Q116: =Q113/Q114*AVERAGE($E114:$AB114) -> 2170.1627 | ... AB116: =AB113/AB114*AVERAGE($E114:$AB114) -> 2288.7534
A117: =A116 -> TRE | B117: =B116 -> Tampere | C117: Normal year net prod / pers | J117: =J116/J115/1000 -> 10.318312 | K117: =K116/K115/1000 -> 10.445229 | L117: =L116/L115/1000 -> 10.483231 | M117: =M116/M115/1000 -> 10.693668 | N117: =N116/N115/1000 -> 10.066378 | O117: =O116/O115/1000 -> 9.5844725 | P117: =P116/P115/1000 -> 10.545971 | Q117: =Q116/Q115/1000 -> 9.981385 | ... AB117: =AB116/AB115/1000 -> 8.9737439 | AD117: =AVERAGE(R117:V117) -> 9.9944236 | AE117: =AVERAGE(W117:AA117) -> 9.5200941 | AF117: {=(TREND($J117:$AB117,$J$78:$AB$78,AF$78) - TREND($J117:$AB117,$J$78:$AB$78,AB$78)) + AVERAGE($Y117:$AB117)} -> 9.1584465 | AG117: {=(TREND($J117:$AB117,$J$78:$AB$78,AG$78) - TREND($J117:$AB117,$J$78:$AB$78,AF$78))/2 +AF117} -> 8.9800167 | AH117: {=(TREND($J117:$AB117,$J$78:$AB$78,AH$78) - TREND($J117:$AB117,$J$78:$AB$78,AG$78))/2 +AG117} -> 8.8015868 | AI117: {=(TREND($J117:$AB117,$J$78:$AB$78,AI$78) - TREND($J117:$AB117,$J$78:$AB$78,AH$78))/2 +AH117} -> 8.6231569
A120: OUL | B120: Oulu | C120: Produced DH | D120: GWh | J120: =SUMIFS(J$146:J$160,$B$146:$B$160,$B120) -> 1460.4 | K120: =SUMIFS(K$146:K$160,$B$146:$B$160,$B120) -> 1521.1 | L120: =SUMIFS(L$146:L$160,$B$146:$B$160,$B120) -> 1541.2 | M120: =SUMIFS(M$146:M$160,$B$146:$B$160,$B120) -> 1522.4 | N120: =SUMIFS(N$146:N$160,$B$146:$B$160,$B120) -> 1673.6 | O120: =SUMIFS(O$146:O$160,$B$146:$B$160,$B120) -> 1824.6 | P120: =SUMIFS(P$146:P$160,$B$146:$B$160,$B120) -> 1628.2 | Q120: =SUMIFS(Q$146:Q$160,$B$146:$B$160,$B120) -> 1779.1 | ... AB120: =SUMIFS(AB$146:AB$160,$B$146:$B$160,$B120) -> 1916.6 | AD120: =AD122*AD124*1000 / AVERAGE($E121:$AB121)*AD121 -> 1721.4878 | AE120: =AE122*AE124*1000 / AVERAGE($E121:$AB121)*AE121 -> 1821.834 | AF120: =AF122*AF124*1000 / AVERAGE($E121:$AB121)*AF121 -> 1917.4791 | AG120: =AG122*AG124*1000 / AVERAGE($E121:$AB121)*AG121 -> 1949.743 | AH120: =AH122*AH124*1000 / AVERAGE($E121:$AB121)*AH121 -> 1965.1786 | AI120: =AI122*AI124*1000 / AVERAGE($E121:$AB121)*AI121 -> 1979.8148
A121: =A120 -> OUL | B121: =B120 -> Oulu | C121: hdd | E121: =HLOOKUP(E$78, HDD!$A$4:$AG$55, MATCH($B121,HDD!$A$4:$A$55,0), FALSE) -> 4489 | F121: =HLOOKUP(F$78, HDD!$A$4:$AG$55, MATCH($B121,HDD!$A$4:$A$55,0), FALSE) -> 5058 | G121: =HLOOKUP(G$78, HDD!$A$4:$AG$55, MATCH($B121,HDD!$A$4:$A$55,0), FALSE) -> 5120.4 | H121: =HLOOKUP(H$78, HDD!$A$4:$AG$55, MATCH($B121,HDD!$A$4:$A$55,0), FALSE) -> 4976.7 | I121: =HLOOKUP(I$78, HDD!$A$4:$AG$55, MATCH($B121,HDD!$A$4:$A$55,0), FALSE) -> 4904.8 | J121: =HLOOKUP(J$78, HDD!$A$4:$AG$55, MATCH($B121,HDD!$A$4:$A$55,0), FALSE) -> 4646 | K121: =HLOOKUP(K$78, HDD!$A$4:$AG$55, MATCH($B121,HDD!$A$4:$A$55,0), FALSE) -> 4748 | L121: =HLOOKUP(L$78, HDD!$A$4:$AG$55, MATCH($B121,HDD!$A$4:$A$55,0), FALSE) -> 4653.7 | ... AB121: =HLOOKUP(AB$78, HDD!$A$4:$AG$55, MATCH($B121,HDD!$A$4:$A$55,0), FALSE) -> 4723 | AD121: =HLOOKUP(AD$78, HDD!$AA$4:$AG$55, MATCH($B121,HDD!$A$4:$A$55,0), FALSE) -> 4716.2366 | AE121: =HLOOKUP(AE$78, HDD!$AA$4:$AG$55, MATCH($B121,HDD!$A$4:$A$55,0), FALSE) -> 4655.9243 | AF121: =HLOOKUP(AF$78, HDD!$AA$4:$AG$55, MATCH($B121,HDD!$A$4:$A$55,0), FALSE) -> 4595.612 | AG121: =HLOOKUP(AG$78, HDD!$AA$4:$AG$55, MATCH($B121,HDD!$A$4:$A$55,0), FALSE) -> 4535.2997 | AH121: =HLOOKUP(AH$78, HDD!$AA$4:$AG$55, MATCH($B121,HDD!$A$4:$A$55,0), FALSE) -> 4474.9874 | AI121: =HLOOKUP(AI$78, HDD!$AA$4:$AG$55, MATCH($B121,HDD!$A$4:$A$55,0), FALSE) -> 4414.6751
A122: =A121 -> OUL | B122: =B121 -> Oulu | C122: pop | D122: mill | E122: =HLOOKUP(E$78, POP!$A$5:$AE$63, MATCH($B122, POP!$A$5:$A$63,0), FALSE) / 10^6 -> 0.160851 | F122: =HLOOKUP(F$78, POP!$A$5:$AE$63, MATCH($B122, POP!$A$5:$A$63,0), FALSE) / 10^6 -> 0.164224 | G122: =HLOOKUP(G$78, POP!$A$5:$AE$63, MATCH($B122, POP!$A$5:$A$63,0), FALSE) / 10^6 -> 0.166415 | H122: =HLOOKUP(H$78, POP!$A$5:$AE$63, MATCH($B122, POP!$A$5:$A$63,0), FALSE) / 10^6 -> 0.168549 | I122: =HLOOKUP(I$78, POP!$A$5:$AE$63, MATCH($B122, POP!$A$5:$A$63,0), FALSE) / 10^6 -> 0.170912 | J122: =HLOOKUP(J$78, POP!$A$5:$AE$63, MATCH($B122, POP!$A$5:$A$63,0), FALSE) / 10^6 -> 0.173436 | K122: =HLOOKUP(K$78, POP!$A$5:$AE$63, MATCH($B122, POP!$A$5:$A$63,0), FALSE) / 10^6 -> 0.175286 | L122: =HLOOKUP(L$78, POP!$A$5:$AE$63, MATCH($B122, POP!$A$5:$A$63,0), FALSE) / 10^6 -> 0.177276 | ... AB122: =HLOOKUP(AB$78, POP!$A$5:$AE$63, MATCH($B122, POP!$A$5:$A$63,0), FALSE) / 10^6 -> 0.214633 | AD122: =HLOOKUP(AD$78, POP!$A$5:$AE$63, MATCH($B122, POP!$A$5:$A$63,0), FALSE) / 10^6 -> 0.198525 | AE122: =HLOOKUP(AE$78, POP!$A$5:$AE$63, MATCH($B122, POP!$A$5:$A$63,0), FALSE) / 10^6 -> 0.207327 | AF122: =HLOOKUP(AF$78, POP!$A$5:$AE$63, MATCH($B122, POP!$A$5:$A$63,0), FALSE) / 10^6 -> 0.21676079 | AG122: =HLOOKUP(AG$78, POP!$A$5:$AE$63, MATCH($B122, POP!$A$5:$A$63,0), FALSE) / 10^6 -> 0.22220118 | AH122: =HLOOKUP(AH$78, POP!$A$5:$AE$63, MATCH($B122, POP!$A$5:$A$63,0), FALSE) / 10^6 -> 0.22582811 | AI122: =HLOOKUP(AI$78, POP!$A$5:$AE$63, MATCH($B122, POP!$A$5:$A$63,0), FALSE) / 10^6 -> 0.22945504
A123: =A122 -> OUL | B123: =B122 -> Oulu | C123: Normal year net production | J123: =J120/J121*AVERAGE($E121:$AB121) -> 1496.7397 | K123: =K120/K121*AVERAGE($E121:$AB121) -> 1525.4597 | L123: =L120/L121*AVERAGE($E121:$AB121) -> 1576.9368 | M123: =M120/M121*AVERAGE($E121:$AB121) -> 1578.9746 | N123: =N120/N121*AVERAGE($E121:$AB121) -> 1612.837 | O123: =O120/O121*AVERAGE($E121:$AB121) -> 1550.0501 | P123: =P120/P121*AVERAGE($E121:$AB121) -> 1708.8055 | Q123: =Q120/Q121*AVERAGE($E121:$AB121) -> 1626.2963 | ... AB123: =AB120/AB121*AVERAGE($E121:$AB121) -> 1932.2673
A124: =A123 -> OUL | B124: =B123 -> Oulu | C124: Normal year net prod / pers | J124: =J123/J122/1000 -> 8.6299254 | K124: =K123/K122/1000 -> 8.7026896 | L124: =L123/L122/1000 -> 8.8953767 | M124: =M123/M122/1000 -> 8.7769086 | N124: =N123/N122/1000 -> 8.8361074 | O124: =O123/O122/1000 -> 8.3597153 | P124: =P123/P122/1000 -> 9.0838828 | Q124: =Q123/Q122/1000 -> 8.5214664 | ... AB124: =AB123/AB122/1000 -> 9.0026572 | AD124: =AVERAGE(R124:V124) -> 8.7548123 | AE124: =AVERAGE(W124:AA124) -> 8.9867093 | AF124: {=(TREND($J124:$AB124,$J$78:$AB$78,AF$78) - TREND($J124:$AB124,$J$78:$AB$78,AB$78)) + AVERAGE($Y124:$AB124)} -> 9.165586 | AG124: {=(TREND($J124:$AB124,$J$78:$AB$78,AG$78) - TREND($J124:$AB124,$J$78:$AB$78,AF$78))/2 +AF124} -> 9.2125252 | AH124: {=(TREND($J124:$AB124,$J$78:$AB$78,AH$78) - TREND($J124:$AB124,$J$78:$AB$78,AG$78))/2 +AG124} -> 9.2594644 | AI124: {=(TREND($J124:$AB124,$J$78:$AB$78,AI$78) - TREND($J124:$AB124,$J$78:$AB$78,AH$78))/2 +AH124} -> 9.3064037
A127: JKL | B127: Jyväskylä | C127: Produced DH | D127: GWh | J127: =SUMIFS(J$146:J$160,$B$146:$B$160,$B127) -> 972.9 | K127: =SUMIFS(K$146:K$160,$B$146:$B$160,$B127) -> 1019.3 | L127: =SUMIFS(L$146:L$160,$B$146:$B$160,$B127) -> 1047.4 | M127: =SUMIFS(M$146:M$160,$B$146:$B$160,$B127) -> 1063.6 | N127: =SUMIFS(N$146:N$160,$B$146:$B$160,$B127) -> 1183.2 | O127: =SUMIFS(O$146:O$160,$B$146:$B$160,$B127) -> 1295.2 | P127: =SUMIFS(P$146:P$160,$B$146:$B$160,$B127) -> 1103.2 | Q127: =SUMIFS(Q$146:Q$160,$B$146:$B$160,$B127) -> 1217.3 | ... AB127: =SUMIFS(AB$146:AB$160,$B$146:$B$160,$B127) -> 1220.5 | AD127: =AD129*AD131*1000 / AVERAGE($E128:$AB128)*AD128 -> 1185.8506 | AE127: =AE129*AE131*1000 / AVERAGE($E128:$AB128)*AE128 -> 1204.1925 | AF127: =AF129*AF131*1000 / AVERAGE($E128:$AB128)*AF128 -> 1212.5036 | AG127: =AG129*AG131*1000 / AVERAGE($E128:$AB128)*AG128 -> 1218.4677 | AH127: =AH129*AH131*1000 / AVERAGE($E128:$AB128)*AH128 -> 1215.2906 | AI127: =AI129*AI131*1000 / AVERAGE($E128:$AB128)*AI128 -> 1211.6177
A128: =A127 -> JKL | B128: =B127 -> Jyväskylä | C128: hdd | E128: =HLOOKUP(E$78, HDD!$A$4:$AG$55, MATCH($B128,HDD!$A$4:$A$55,0), FALSE) -> 4248 | F128: =HLOOKUP(F$78, HDD!$A$4:$AG$55, MATCH($B128,HDD!$A$4:$A$55,0), FALSE) -> 4799.9 | G128: =HLOOKUP(G$78, HDD!$A$4:$AG$55, MATCH($B128,HDD!$A$4:$A$55,0), FALSE) -> 4830.8 | H128: =HLOOKUP(H$78, HDD!$A$4:$AG$55, MATCH($B128,HDD!$A$4:$A$55,0), FALSE) -> 4784 | I128: =HLOOKUP(I$78, HDD!$A$4:$AG$55, MATCH($B128,HDD!$A$4:$A$55,0), FALSE) -> 4738.6 | J128: =HLOOKUP(J$78, HDD!$A$4:$AG$55, MATCH($B128,HDD!$A$4:$A$55,0), FALSE) -> 4463 | K128: =HLOOKUP(K$78, HDD!$A$4:$AG$55, MATCH($B128,HDD!$A$4:$A$55,0), FALSE) -> 4521 | L128: =HLOOKUP(L$78, HDD!$A$4:$AG$55, MATCH($B128,HDD!$A$4:$A$55,0), FALSE) -> 4403.9 | ... AB128: =HLOOKUP(AB$78, HDD!$A$4:$AG$55, MATCH($B128,HDD!$A$4:$A$55,0), FALSE) -> 4519 | AD128: =HLOOKUP(AD$78, HDD!$AA$4:$AG$55, MATCH($B128,HDD!$A$4:$A$55,0), FALSE) -> 4477.6168 | AE128: =HLOOKUP(AE$78, HDD!$AA$4:$AG$55, MATCH($B128,HDD!$A$4:$A$55,0), FALSE) -> 4414.4314 | AF128: =HLOOKUP(AF$78, HDD!$AA$4:$AG$55, MATCH($B128,HDD!$A$4:$A$55,0), FALSE) -> 4351.246 | AG128: =HLOOKUP(AG$78, HDD!$AA$4:$AG$55, MATCH($B128,HDD!$A$4:$A$55,0), FALSE) -> 4288.0606 | AH128: =HLOOKUP(AH$78, HDD!$AA$4:$AG$55, MATCH($B128,HDD!$A$4:$A$55,0), FALSE) -> 4224.8752 | AI128: =HLOOKUP(AI$78, HDD!$AA$4:$AG$55, MATCH($B128,HDD!$A$4:$A$55,0), FALSE) -> 4161.6898
A129: =A128 -> JKL | B129: =B128 -> Jyväskylä | C129: pop | D129: mill | E129: =HLOOKUP(E$78, POP!$A$5:$AE$63, MATCH($B129, POP!$A$5:$A$63,0), FALSE) / 10^6 -> 0.116519 | F129: =HLOOKUP(F$78, POP!$A$5:$AE$63, MATCH($B129, POP!$A$5:$A$63,0), FALSE) / 10^6 -> 0.11838 | G129: =HLOOKUP(G$78, POP!$A$5:$AE$63, MATCH($B129, POP!$A$5:$A$63,0), FALSE) / 10^6 -> 0.11962 | H129: =HLOOKUP(H$78, POP!$A$5:$AE$63, MATCH($B129, POP!$A$5:$A$63,0), FALSE) / 10^6 -> 0.121245 | I129: =HLOOKUP(I$78, POP!$A$5:$AE$63, MATCH($B129, POP!$A$5:$A$63,0), FALSE) / 10^6 -> 0.122974 | J129: =HLOOKUP(J$78, POP!$A$5:$AE$63, MATCH($B129, POP!$A$5:$A$63,0), FALSE) / 10^6 -> 0.124205 | K129: =HLOOKUP(K$78, POP!$A$5:$AE$63, MATCH($B129, POP!$A$5:$A$63,0), FALSE) / 10^6 -> 0.125221 | L129: =HLOOKUP(L$78, POP!$A$5:$AE$63, MATCH($B129, POP!$A$5:$A$63,0), FALSE) / 10^6 -> 0.126546 | ... AB129: =HLOOKUP(AB$78, POP!$A$5:$AE$63, MATCH($B129, POP!$A$5:$A$63,0), FALSE) / 10^6 -> 0.147746 | AD129: =HLOOKUP(AD$78, POP!$A$5:$AE$63, MATCH($B129, POP!$A$5:$A$63,0), FALSE) / 10^6 -> 0.137368 | AE129: =HLOOKUP(AE$78, POP!$A$5:$AE$63, MATCH($B129, POP!$A$5:$A$63,0), FALSE) / 10^6 -> 0.14342 | AF129: =HLOOKUP(AF$78, POP!$A$5:$AE$63, MATCH($B129, POP!$A$5:$A$63,0), FALSE) / 10^6 -> 0.14871406 | AG129: =HLOOKUP(AG$78, POP!$A$5:$AE$63, MATCH($B129, POP!$A$5:$A$63,0), FALSE) / 10^6 -> 0.15189433 | AH129: =HLOOKUP(AH$78, POP!$A$5:$AE$63, MATCH($B129, POP!$A$5:$A$63,0), FALSE) / 10^6 -> 0.1540145 | AI129: =HLOOKUP(AI$78, POP!$A$5:$AE$63, MATCH($B129, POP!$A$5:$A$63,0), FALSE) / 10^6 -> 0.15613468
A130: =A129 -> JKL | B130: =B129 -> Jyväskylä | C130: Normal year net production | J130: =J127/J128*AVERAGE($E128:$AB128) -> 985.46363 | K130: =K127/K128*AVERAGE($E128:$AB128) -> 1019.2173 | L130: =L127/L128*AVERAGE($E128:$AB128) -> 1075.1632 | M130: =M127/M128*AVERAGE($E128:$AB128) -> 1121.0412 | N130: =N127/N128*AVERAGE($E128:$AB128) -> 1143.1531 | O130: =O127/O128*AVERAGE($E128:$AB128) -> 1083.6802 | P130: =P127/P128*AVERAGE($E128:$AB128) -> 1144.895 | Q130: =Q127/Q128*AVERAGE($E128:$AB128) -> 1114.8636 | ... AB130: =AB127/AB128*AVERAGE($E128:$AB128) -> 1220.9411
A131: =A130 -> JKL | B131: =B130 -> Jyväskylä | C131: Normal year net prod / pers | J131: =J130/J129/1000 -> 7.9341703 | K131: =K130/K129/1000 -> 8.1393483 | L131: =L130/L129/1000 -> 8.4962245 | M131: =M130/M129/1000 -> 8.7562188 | N131: =N130/N129/1000 -> 8.8190607 | O131: =O130/O129/1000 -> 8.2840037 | P131: =P130/P129/1000 -> 8.6693751 | Q131: =Q130/Q129/1000 -> 8.3521647 | ... AB131: =AB130/AB129/1000 -> 8.2637847 | AD131: =AVERAGE(R131:V131) -> 8.7155897 | AE131: =AVERAGE(W131:AA131) -> 8.5982624 | AF131: {=(TREND($O131:$AB131,$O$78:$AB$78,AF$78) - TREND($O131:$AB131,$O$78:$AB$78,AB$78)) + AVERAGE($Y131:$AB131)} -> 8.4706483 | AG131: {=(TREND($O131:$AB131,$O$78:$AB$78,AG$78) - TREND($O131:$AB131,$O$78:$AB$78,AF$78))/2 +AF131} -> 8.4568932 | AH131: {=(TREND($O131:$AB131,$O$78:$AB$78,AH$78) - TREND($O131:$AB131,$O$78:$AB$78,AG$78))/2 +AG131} -> 8.4431382 | AI131: {=(TREND($O131:$AB131,$O$78:$AB$78,AI$78) - TREND($O131:$AB131,$O$78:$AB$78,AH$78))/2 +AH131} -> 8.4293831
A134: ROF | B134: Rest of Finland | C134: Produced DH | D134: GWh | J134: =SUMIFS(J$146:J$160,$B$146:$B$160,$B134) -> 14959.8 | K134: =SUMIFS(K$146:K$160,$B$146:$B$160,$B134) -> 15684.3 | L134: =SUMIFS(L$146:L$160,$B$146:$B$160,$B134) -> 15899.6 | M134: =SUMIFS(M$146:M$160,$B$146:$B$160,$B134) -> 16606.9 | N134: =SUMIFS(N$146:N$160,$B$146:$B$160,$B134) -> 16998.4 | O134: =SUMIFS(O$146:O$160,$B$146:$B$160,$B134) -> 19395.9 | P134: =SUMIFS(P$146:P$160,$B$146:$B$160,$B134) -> 17879.2 | Q134: =SUMIFS(Q$146:Q$160,$B$146:$B$160,$B134) -> 19800.2 | ... AB134: =SUMIFS(AB$146:AB$160,$B$146:$B$160,$B134) -> 20221.7 | AD134: =AD136*AD138*1000 / AVERAGE($E135:$AB135)*AD135 -> 19449.074 | AE134: =AE136*AE138*1000 / AVERAGE($E135:$AB135)*AE135 -> 19732.75 | AF134: =AF136*AF138*1000 / AVERAGE($E135:$AB135)*AF135 -> 20045.263 | AG134: =AG136*AG138*1000 / AVERAGE($E135:$AB135)*AG135 -> 20388.968 | AH134: =AH136*AH138*1000 / AVERAGE($E135:$AB135)*AH135 -> 20381.214 | AI134: =AI136*AI138*1000 / AVERAGE($E135:$AB135)*AI135 -> 20244.299
A135: =A134 -> ROF | B135: =B134 -> Rest of Finland | C135: hdd | E135: =E128 -> 4248 | F135: =F128 -> 4799.9 | G135: =G128 -> 4830.8 | H135: =H128 -> 4784 | I135: =I128 -> 4738.6 | J135: =J128 -> 4463 | K135: =K128 -> 4521 | L135: =L128 -> 4403.9 | ... AB135: =AB128 -> 4519 | AD135: =AD128 -> 4477.6168 | AE135: =AE128 -> 4414.4314 | AF135: =AF128 -> 4351.246 | AG135: =AG128 -> 4288.0606 | AH135: =AH128 -> 4224.8752 | AI135: =AI128 -> 4161.6898
A136: =A135 -> ROF | B136: =B135 -> Rest of Finland | C136: pop | D136: mill | E136: =E82-SUM(E87,E94,E101,E108,E115,E122,E129) -> 3.583594 | F136: =F82-SUM(F87,F94,F101,F108,F115,F122,F129) -> 3.577534 | G136: =G82-SUM(G87,G94,G101,G108,G115,G122,G129) -> 3.576919 | H136: =H82-SUM(H87,H94,H101,H108,H115,H122,H129) -> 3.579595 | I136: =I82-SUM(I87,I94,I101,I108,I115,I122,I129) -> 3.584583 | J136: =J82-SUM(J87,J94,J101,J108,J115,J122,J129) -> 3.58936 | K136: =K82-SUM(K87,K94,K101,K108,K115,K122,K129) -> 3.594788 | L136: =L82-SUM(L87,L94,L101,L108,L115,L122,L129) -> 3.602646 | ... AB136: =AB82-SUM(AB87,AB94,AB101,AB108,AB115,AB122,AB129) -> 3.528652 | AD136: =AD82-SUM(AD87,AD94,AD101,AD108,AD115,AD122,AD129) -> 3.619997 | AE136: =AE82-SUM(AE87,AE94,AE101,AE108,AE115,AE122,AE129) -> 3.556449 | AF136: =AF82-SUM(AF87,AF94,AF101,AF108,AF115,AF122,AF129) -> 3.5357371 | AG136: =AG82-SUM(AG87,AG94,AG101,AG108,AG115,AG122,AG129) -> 3.5178986 | AH136: =AH82-SUM(AH87,AH94,AH101,AH108,AH115,AH122,AH129) -> 3.5060064 | AI136: =AI82-SUM(AI87,AI94,AI101,AI108,AI115,AI122,AI129) -> 3.4941141
A137: =A136 -> ROF | B137: =B136 -> Rest of Finland | C137: Normal year net production | J137: =J134/J135*AVERAGE($E135:$AB135) -> 15152.985 | K137: =K134/K135*AVERAGE($E135:$AB135) -> 15683.028 | L137: =L134/L135*AVERAGE($E135:$AB135) -> 16321.048 | M137: =M134/M135*AVERAGE($E135:$AB135) -> 17503.778 | N137: =N134/N135*AVERAGE($E135:$AB135) -> 16423.068 | O137: =O134/O135*AVERAGE($E135:$AB135) -> 16228.346 | P137: =P134/P135*AVERAGE($E135:$AB135) -> 18554.937 | Q137: =Q134/Q135*AVERAGE($E135:$AB135) -> 18134.004 | ... AB137: =AB134/AB135*AVERAGE($E135:$AB135) -> 20229.009
...

Sheet Norway
B2: Norway
B4: Country | C4: Grid | D4: Node_suffix | E4: Scenario | F4: Year | G4: Variant | H4: TWh/year | I4: Constant_share
B5: NOS0 | C5: dheat | E5: all | F5: 2015 | H5: =SUMIFS($N$6:$N$8,$M$6:$M$8,$B5) * SUMIFS($N$11:$S$11,$N$10:$S$10,$F5) / 1000 -> 4.2784352 | I5: 0.3 | M5: region | N5: share (%)
B6: NOM1 | C6: dheat | E6: all | F6: 2015 | H6: =SUMIFS($N$6:$N$8,$M$6:$M$8,$B6) * SUMIFS($N$11:$S$11,$N$10:$S$10,$F6) / 1000 -> 0.61660863 | I6: =I5 -> 0.3 | M6: NOS0 | N6: =V44/$V$56 -> 0.77146853
B7: NON1 | C7: dheat | E7: all | F7: 2015 | H7: =SUMIFS($N$6:$N$8,$M$6:$M$8,$B7) * SUMIFS($N$11:$S$11,$N$10:$S$10,$F7) / 1000 -> 0.65078862 | I7: =I6 -> 0.3 | M7: NOM1 | N7: =V48/$V$56 -> 0.11118414
B8: NOS0 | C8: dheat | E8: all | F8: =F5+5 -> 2020 | H8: =SUMIFS($N$6:$N$8,$M$6:$M$8,$B8) * SUMIFS($N$11:$S$11,$N$10:$S$10,$F8) / 1000 -> 5.3214366 | I8: =I7 -> 0.3 | M8: NON1 | N8: =V54/$V$56 -> 0.11734733
B9: NOM1 | C9: dheat | E9: all | F9: =F6+5 -> 2020 | H9: =SUMIFS($N$6:$N$8,$M$6:$M$8,$B9) * SUMIFS($N$11:$S$11,$N$10:$S$10,$F9) / 1000 -> 0.76692614 | I9: =I8 -> 0.3
B10: NON1 | C10: dheat | E10: all | F10: =F7+5 -> 2020 | H10: =SUMIFS($N$6:$N$8,$M$6:$M$8,$B10) * SUMIFS($N$11:$S$11,$N$10:$S$10,$F10) / 1000 -> 0.80943856 | I10: =I9 -> 0.3 | N10: 2015 | O10: 2020 | P10: 2025 | Q10: 2030 | R10: 2035 | S10: 2040
B11: NOS0 | C11: dheat | E11: all | F11: =F8+5 -> 2025 | H11: =SUMIFS($N$6:$N$8,$M$6:$M$8,$B11) * SUMIFS($N$11:$S$11,$N$10:$S$10,$F11) / 1000 -> 6.1755444 | I11: 0.3 | M11: Normal year, DH net production (GWh) | N11: =AB71 -> 5545.8324 | O11: =AC71 -> 6897.8013 | P11: =AD71 -> 8004.9208 | Q11: =AE71 -> 8445.2811 | R11: =AF71 -> 8675.0858 | S11: =AG71 -> 8792.4811
B12: NOM1 | C12: dheat | E12: all | F12: =F9+5 -> 2025 | H12: =SUMIFS($N$6:$N$8,$M$6:$M$8,$B12) * SUMIFS($N$11:$S$11,$N$10:$S$10,$F12) / 1000 -> 0.89002027 | I12: =I11 -> 0.3
B13: NON1 | C13: dheat | E13: all | F13: =F10+5 -> 2025 | H13: =SUMIFS($N$6:$N$8,$M$6:$M$8,$B13) * SUMIFS($N$11:$S$11,$N$10:$S$10,$F13) / 1000 -> 0.93935607 | I13: =I12 -> 0.3
B14: NOS0 | C14: dheat | E14: all | F14: =F11+5 -> 2030 | H14: =SUMIFS($N$6:$N$8,$M$6:$M$8,$B14) * SUMIFS($N$11:$S$11,$N$10:$S$10,$F14) / 1000 -> 6.5152686 | I14: =I13 -> 0.3
B15: NOM1 | C15: dheat | E15: all | F15: =F12+5 -> 2030 | H15: =SUMIFS($N$6:$N$8,$M$6:$M$8,$B15) * SUMIFS($N$11:$S$11,$N$10:$S$10,$F15) / 1000 -> 0.93898136 | I15: =I14 -> 0.3 | N15: City level statistics would be at
B16: NON1 | C16: dheat | E16: all | F16: =F13+5 -> 2030 | H16: =SUMIFS($N$6:$N$8,$M$6:$M$8,$B16) * SUMIFS($N$11:$S$11,$N$10:$S$10,$F16) / 1000 -> 0.99103118 | I16: =I15 -> 0.3 | N16: https://www.fjernkontrollen.no/
B17: NOS0 | C17: dheat | E17: all | F17: =F14+5 -> 2035 | H17: =SUMIFS($N$6:$N$8,$M$6:$M$8,$B17) * SUMIFS($N$11:$S$11,$N$10:$S$10,$F17) / 1000 -> 6.6925557 | I17: =I16 -> 0.3
B18: NOM1 | C18: dheat | E18: all | F18: =F15+5 -> 2035 | H18: =SUMIFS($N$6:$N$8,$M$6:$M$8,$B18) * SUMIFS($N$11:$S$11,$N$10:$S$10,$F18) / 1000 -> 0.964532 | I18: =I17 -> 0.3
B19: NON1 | C19: dheat | E19: all | F19: =F16+5 -> 2035 | H19: =SUMIFS($N$6:$N$8,$M$6:$M$8,$B19) * SUMIFS($N$11:$S$11,$N$10:$S$10,$F19) / 1000 -> 1.0179981 | I19: =I18 -> 0.3
B20: NOS0 | C20: dheat | E20: all | F20: =F17+5 -> 2040 | H20: =SUMIFS($N$6:$N$8,$M$6:$M$8,$B20) * SUMIFS($N$11:$S$11,$N$10:$S$10,$F20) / 1000 -> 6.7831224 | I20: =I19 -> 0.3
B21: NOM1 | C21: dheat | E21: all | F21: =F18+5 -> 2040 | H21: =SUMIFS($N$6:$N$8,$M$6:$M$8,$B21) * SUMIFS($N$11:$S$11,$N$10:$S$10,$F21) / 1000 -> 0.97758449 | I21: =I20 -> 0.3
B22: NON1 | C22: dheat | E22: all | F22: =F19+5 -> 2040 | H22: =SUMIFS($N$6:$N$8,$M$6:$M$8,$B22) * SUMIFS($N$11:$S$11,$N$10:$S$10,$F22) / 1000 -> 1.0317742 | I22: =I21 -> 0.3
A27: https://www.ssb.no/en/befolkning
A28: 11342: Population and area, by contents, region and year
J30: 2007 | K30: 2008 | L30: 2009 | M30: 2010 | N30: 2011 | O30: 2012 | P30: 2013 | Q30: 2014 | R30: 2015 | S30: 2016 | T30: 2017 | U30: 2018 | V30: 2019
A31: Population per 1.1. (persons) | B31: 01 Østfold (-2019) | J31: 262523 | K31: 265458 | L31: 268584 | M31: 271662 | N31: 274827 | O31: 278352 | P31: 282000 | Q31: 284962 | R31: 287198 | S31: 289867 | T31: 292893 | U31: 295420 | V31: 297520
B32: 02 Akershus (-2019) | J32: 509177 | K32: 518567 | L32: 527625 | M32: 536499 | N32: 545653 | O32: 556254 | P32: 566399 | Q32: 575757 | R32: 584899 | S32: 594533 | T32: 604368 | U32: 614026 | V32: 624055
B33: 03 Oslo | J33: 548617 | K33: 560484 | L33: 575475 | M33: 586860 | N33: 599230 | O33: 613285 | P33: 623966 | Q33: 634463 | R33: 647676 | S33: 658390 | T33: 666759 | U33: 673469 | V33: 681067
B34: 04 Hedmark (-2019) | J34: 188692 | K34: 189289 | L34: 190071 | M34: 190709 | N34: 191622 | O34: 192791 | P34: 193719 | Q34: 194433 | R34: 195153 | S34: 195356 | T34: 196190 | U34: 196966 | V34: 197406
B35: 05 Oppland (-2019) | J35: 183037 | K35: 183637 | L35: 184288 | M35: 185216 | N35: 186087 | O35: 187147 | P35: 187254 | Q35: 187820 | R35: 188807 | S35: 188953 | T35: 189479 | U35: 189870 | V35: 189545
B36: 06 Buskerud (-2019) | J36: 247655 | K36: 251220 | L36: 254634 | M36: 257673 | N36: 261110 | O36: 265164 | P36: 269003 | Q36: 272228 | R36: 274737 | S36: 277684 | T36: 279714 | U36: 281769 | V36: 283148
B37: 07 Vestfold (-2019) | J37: 223804 | K37: 226433 | L37: 229134 | M37: 231286 | N37: 233705 | O37: 236424 | P37: 238748 | Q37: 240860 | R37: 242662 | S37: 244967 | T37: 247048 | U37: 249058 | V37: 251084
B38: 08 Telemark (-2019) | J38: 166170 | K38: 166731 | L38: 167548 | M38: 168231 | N38: 169185 | O38: 170023 | P38: 170902 | Q38: 171469 | R38: 171953 | S38: 172494 | T38: 173307 | U38: 173391 | V38: 173318
B39: 09 Aust-Agder (-2019) | J39: 104759 | K39: 106130 | L39: 107359 | M39: 108499 | N39: 110048 | O39: 111495 | P39: 112772 | Q39: 113747 | R39: 114767 | S39: 115785 | T39: 116673 | U39: 117222 | V39: 117655
B40: 10 Vest-Agder (-2019) | J40: 163702 | K40: 165944 | L40: 168233 | M40: 170377 | N40: 172408 | O40: 174324 | P40: 176353 | Q40: 178478 | R40: 180877 | S40: 182701 | T40: 184116 | U40: 186532 | V40: 187589
B41: 11 Rogaland | J41: 404566 | K41: 412687 | L41: 420574 | M41: 427947 | N41: 436087 | O41: 443115 | P41: 452159 | Q41: 459625 | R41: 466302 | S41: 470175 | T41: 472024 | U41: 473526 | V41: 475654
B42: 12 Hordaland (-2019) | J42: 456711 | K42: 462674 | L42: 469681 | M42: 477175 | N42: 484240 | O42: 490570 | P42: 498135 | Q42: 505246 | R42: 511357 | S42: 516497 | T42: 519963 | U42: 522539 | V42: 524495
B43: 14 Sogn og Fjordane (-2019) | J43: 106194 | K43: 106259 | L43: 106457 | M43: 107080 | N43: 107742 | O43: 108201 | P43: 108700 | Q43: 108965 | R43: 109170 | S43: 109530 | T43: 110266 | U43: 110230 | V43: 109774
B44: NOS0 (mil) | J44: =SUM(J31:J43)/1000000 -> 3.565607 | K44: =SUM(K31:K43)/1000000 -> 3.615513 | L44: =SUM(L31:L43)/1000000 -> 3.669663 | M44: =SUM(M31:M43)/1000000 -> 3.719214 | N44: =SUM(N31:N43)/1000000 -> 3.771944 | O44: =SUM(O31:O43)/1000000 -> 3.827145 | P44: =SUM(P31:P43)/1000000 -> 3.88011 | Q44: =SUM(Q31:Q43)/1000000 -> 3.928053 | ... V44: =SUM(V31:V43)/1000000 -> 4.11231
B45: 15 Møre og Romsdal | J45: 245385 | K45: 246772 | L45: 248727 | M45: 251262 | N45: 253904 | O45: 256628 | P45: 259404 | Q45: 261530 | R45: 263719 | S45: 265290 | T45: 266274 | U45: 266856 | V45: 267420
B46: 50 Trøndelag - Trööndelage (red calculated) | J46: =J49+J47 -> 407905 | K46: =K49+K47 -> 412849 | L46: =L49+L47 -> 417437 | M46: =M49+M47 -> 422102 | N46: =N49+N47 -> 426206 | O46: =O49+O47 -> 431340 | P46: =P49+P47 -> 437198 | Q46: =Q49+Q47 -> 441339 | ... T46: =T49+T47 -> 454596 | U46: 458744 | V46: 462032
B47: 16 Sør-Trøndelag (-2017) (red calculated) | J47: 278836 | K47: 282993 | L47: 286729 | M47: 290547 | N47: 294066 | O47: 297950 | P47: 302755 | Q47: 306197 | R47: 310047 | S47: 313370 | T47: 317363 | U47: {=TREND($J47:$T47,$J$30:$T$30,U$30)} -> 321391.33 | V47: {=TREND($J47:$T47,$J$30:$T$30,V$30)} -> 325246.65
B48: NOM1(mil) (red calculated) | J48: =(J45+J47)/1000000 -> 0.524221 | K48: =(K45+K47)/1000000 -> 0.529765 | L48: =(L45+L47)/1000000 -> 0.535456 | M48: =(M45+M47)/1000000 -> 0.541809 | N48: =(N45+N47)/1000000 -> 0.54797 | O48: =(O45+O47)/1000000 -> 0.554578 | P48: =(P45+P47)/1000000 -> 0.562159 | Q48: =(Q45+Q47)/1000000 -> 0.567727 | ... V48: =(V45+V47)/1000000 -> 0.59266665
B49: 17 Nord-Trøndelag (-2017) | J49: 129069 | K49: 129856 | L49: 130708 | M49: 131555 | N49: 132140 | O49: 133390 | P49: 134443 | Q49: 135142 | R49: 135738 | S49: 136399 | T49: 137233 | U49: {=TREND($J49:$T49,$J$30:$T$30,U$30)} -> 138237.13 | V49: {=TREND($J49:$T49,$J$30:$T$30,V$30)} -> 139069.48
B50: 18 Nordland - Nordlánnda | J50: 235436 | K50: 234996 | L50: 235380 | M50: 236271 | N50: 237280 | O50: 238320 | P50: 239611 | Q50: 240877 | R50: 241682 | S50: 241906 | T50: 242866 | U50: 243335 | V50: 243385
B51: 19 Troms - Romsa (-2019) | J51: 154136 | K51: 154642 | L51: 155553 | M51: 156494 | N51: 157554 | O51: 158650 | P51: 160418 | Q51: 162050 | R51: 163453 | S51: 164330 | T51: 165632 | U51: 166499 | V51: 167202
B52: 20 Finnmark - Finnmárku (-2019) | J52: 72665 | K52: 72399 | L52: 72492 | M52: 72856 | N52: 73417 | O52: 73787 | P52: 74534 | Q52: 75207 | R52: 75605 | S52: 75758 | T52: 76149 | U52: 76167 | V52: 75863
B53: 21 Svalbard | J53: 0 | K53: 0 | L53: 0 | M53: 0 | N53: 0 | O53: 0 | P53: 0 | Q53: 0 | R53: 0 | S53: 0 | T53: 0 | U53: 0 | V53: 0
B54: NON1 (red calculated) | J54: =SUM(J49:J52)/1000000 -> 0.591306 | K54: =SUM(K49:K52)/1000000 -> 0.591893 | L54: =SUM(L49:L52)/1000000 -> 0.594133 | M54: =SUM(M49:M52)/1000000 -> 0.597176 | N54: =SUM(N49:N52)/1000000 -> 0.600391 | O54: =SUM(O49:O52)/1000000 -> 0.604147 | P54: =SUM(P49:P52)/1000000 -> 0.609006 | Q54: =SUM(Q49:Q52)/1000000 -> 0.613276 | ... V54: =SUM(V49:V52)/1000000 -> 0.62551948
B56: Total | N56: =N54+N48+N44 -> 4.920305 | O56: =O54+O48+O44 -> 4.98587 | P56: =P54+P48+P44 -> 5.051275 | Q56: =Q54+Q48+Q44 -> 5.109056 | R56: =R54+R48+R44 -> 5.165802 | S56: =S54+S48+S44 -> 5.213985 | T56: =T54+T48+T44 -> 5.258317 | U56: =U54+U48+U44 -> 5.2965035 | V56: =V54+V48+V44 -> 5.3304961
A61: https://www.ssb.no/en/statbank/table/04727
A62: 04727: Balance of district heating (GWh), by contents, district heating and year
C64: 2000 | D64: 2001 | E64: 2002 | F64: 2003 | G64: 2004 | H64: 2005 | I64: 2006 | J64: 2007 | K64: 2008 | L64: 2009 | M64: 2010 | N64: 2011 | O64: 2012 | P64: 2013 | Q64: 2014 | R64: 2015 | S64: 2016 | T64: 2017 | U64: 2018 | V64: 2019 | W64: 2020 | X64: 2021 | Y64: 2022 | Z64: 2023 | AB64: 2015 | AC64: 2020 | AD64: 2025 | AE64: 2030 | AF64: 2035 | AG64: 2040
A65: Balance of district heating | B65: Net production of district heating | C65: 1657 | D65: 2054 | E65: 2177 | F65: 2316 | G65: 2505 | H65: 2620 | I65: 2805 | J65: 3129 | K65: 3321 | L65: 3710 | M65: 4901 | N65: 4320 | O65: 4794 | P65: 5351 | Q65: 5097 | R65: 5516 | S65: 5973 | T65: 6218 | U65: 6545 | V65: 6669 | W65: 6163 | X65: 7450 | Y65: 7071 | Z65: 7853
B66: ¬ Losses in the distribution net | C66: 159 | D66: 198 | E66: 201 | F66: 188 | G66: 219 | H66: 221 | I66: 253 | J66: 314 | K66: 346 | L66: 358 | M66: 539 | N66: 523 | O66: 510 | P66: 593 | Q66: 569 | R66: 623 | S66: 671 | T66: 676 | U66: 738 | V66: 735 | W66: 735 | X66: 778 | Y66: 771 | Z66: 808
B67: Delivered to consumers | C67: 1498 | D67: 1856 | E67: 1976 | F67: 2128 | G67: 2286 | H67: 2398 | I67: 2551 | J67: 2814 | K67: 2974 | L67: 3352 | M67: 4361 | N67: 3797 | O67: 4284 | P67: 4759 | Q67: 4527 | R67: 4893 | S67: 5302 | T67: 5543 | U67: 5808 | V67: 5934 | W67: 5428 | X67: 6672 | Y67: 6300 | Z67: 7045
B70: HDD | C70: =HLOOKUP(C$64, HDD!$A$25:$AE$55, MATCH($B$2,HDD!$A$25:$A$55,0), FALSE) -> 5334.5 | D70: =HLOOKUP(D$64, HDD!$A$25:$AE$55, MATCH($B$2,HDD!$A$25:$A$55,0), FALSE) -> 5760.83 | E70: =HLOOKUP(E$64, HDD!$A$25:$AE$55, MATCH($B$2,HDD!$A$25:$A$55,0), FALSE) -> 5474.51 | F70: =HLOOKUP(F$64, HDD!$A$25:$AE$55, MATCH($B$2,HDD!$A$25:$A$55,0), FALSE) -> 5387.57 | G70: =HLOOKUP(G$64, HDD!$A$25:$AE$55, MATCH($B$2,HDD!$A$25:$A$55,0), FALSE) -> 5431.36 | H70: =HLOOKUP(H$64, HDD!$A$25:$AE$55, MATCH($B$2,HDD!$A$25:$A$55,0), FALSE) -> 5365.38 | I70: =HLOOKUP(I$64, HDD!$A$25:$AE$55, MATCH($B$2,HDD!$A$25:$A$55,0), FALSE) -> 5228.95 | J70: =HLOOKUP(J$64, HDD!$A$25:$AE$55, MATCH($B$2,HDD!$A$25:$A$55,0), FALSE) -> 5404.05 | ... Z70: =HLOOKUP(Z$64, HDD!$A$25:$AE$55, MATCH($B$2,HDD!$A$25:$A$55,0), FALSE) -> 5586.96 | AB70: {=TREND($C$70:$Z$70,$C$64:$Z$64,AB$64)} -> 5436.7197 | AC70: {=TREND($C$70:$Z$70,$C$64:$Z$64,AC$64)} -> 5419.5057 | AD70: {=TREND($C$70:$Z$70,$C$64:$Z$64,AD$64)} -> 5402.2916 | AE70: {=TREND($C$70:$Z$70,$C$64:$Z$64,AE$64)} -> 5385.0775 | AF70: {=TREND($C$70:$Z$70,$C$64:$Z$64,AF$64)} -> 5367.8635 | AG70: {=TREND($C$70:$Z$70,$C$64:$Z$64,AG$64)} -> 5350.6494
B71: Normal year net production | C71: =C65/C70*AVERAGE($C$70:$Z$70) -> 1692.4944 | D71: =D65/D70*AVERAGE($C$70:$Z$70) -> 1942.7362 | E71: =E65/E70*AVERAGE($C$70:$Z$70) -> 2166.764 | F71: =F65/F70*AVERAGE($C$70:$Z$70) -> 2342.3084 | G71: =G65/G70*AVERAGE($C$70:$Z$70) -> 2513.0295 | H71: =H65/H70*AVERAGE($C$70:$Z$70) -> 2660.7205 | I71: =I65/I70*AVERAGE($C$70:$Z$70) -> 2922.9193 | J71: =J65/J70*AVERAGE($C$70:$Z$70) -> 3154.8931 | ... Z71: =Z65/Z70*AVERAGE($C$70:$Z$70) -> 7658.7603 | AB71: {=TREND($C$71:$Z$71,$C$64:$Z$64,AB$64)} -> 5545.8324 | AC71: {=TREND($C$71:$Z$71,$C$64:$Z$64,AC$64)} -> 6897.8013 | AD71: =Z71*POWER(1+AD74, 2) -> 8004.9208 | AE71: =AD71*POWER(1+AE74, 5) -> 8445.2811 | AF71: =AE71*POWER(1+AF74, 5) -> 8675.0858 | AG71: =AF71*POWER(1+AG74, 5) -> 8792.4811
B73: y-to-y growth | S73: =S71/R71-1 -> 0.061325996 | T73: =T71/S71-1 -> 0.014112176 | U73: =U71/T71-1 -> 0.070695997 | V73: =V71/U71-1 -> 0.002454176 | W73: =W71/V71-1 -> 0.00048729422 | X73: =X71/W71-1 -> 0.11056003 | Y73: =Y71/X71-1 -> -0.0070605583 | Z73: =Z71/Y71-1 -> 0.052520101
B74: smoother growth | M74: =POWER(AVERAGE(K71:M71)/AVERAGE(H71:J71), 1/3)-1 -> 0.088842795 | N74: =POWER(AVERAGE(L71:N71)/AVERAGE(I71:K71), 1/3)-1 -> 0.099397586 | O74: =POWER(AVERAGE(M71:O71)/AVERAGE(J71:L71), 1/3)-1 -> 0.096214885 | P74: =POWER(AVERAGE(N71:P71)/AVERAGE(K71:M71), 1/3)-1 -> 0.083581001 | Q74: =POWER(AVERAGE(O71:Q71)/AVERAGE(L71:N71), 1/3)-1 -> 0.068431491 | R74: =POWER(AVERAGE(P71:R71)/AVERAGE(M71:O71), 1/3)-1 -> 0.071595953 | S74: =POWER(AVERAGE(Q71:S71)/AVERAGE(N71:P71), 1/3)-1 -> 0.061693956 | T74: =POWER(AVERAGE(R71:T71)/AVERAGE(O71:Q71), 1/3)-1 -> 0.055559353 | ... Z74: =POWER(AVERAGE(X71:Z71)/AVERAGE(U71:W71), 1/3)-1 -> 0.040325805 | AD74: {=(TREND($Q74:$Z74,$Q$64:$Z$64, AD$64) - TREND($Q74:$Z74,$Q$64:$Z$64, $Z$64))/2 + TREND($Q74:$Z74,$Q$64:$Z$64, $Z$64)} -> 0.022349244 | AE74: {=(TREND($Q74:$Z74,$Q$64:$Z$64, AE$64) - TREND($Q74:$Z74,$Q$64:$Z$64, $Z$64))/2 + TREND($Q74:$Z74,$Q$64:$Z$64, $Z$64)} -> 0.010767837 | AF74: =AE74/2 -> 0.0053839186 | AG74: =AF74/2 -> 0.0026919593
A78: https://www.ssb.no/en/statbank/table/09469
A79: 09469: Net production of district heating (GWh), by contents, heat central and year
C81: 2000 | D81: 2001 | E81: 2002 | F81: 2003 | G81: 2004 | H81: 2005 | I81: 2006 | J81: 2007 | K81: 2008 | L81: 2009 | M81: 2010 | N81: 2011 | O81: 2012 | P81: 2013 | Q81: 2014 | R81: 2015 | S81: 2016 | T81: 2017 | U81: 2018 | V81: 2019 | W81: 2020 | X81: 2021 | Y81: 2022 | Z81: 2023
A82: Production of district heating | B82: Total net production | C82: 1657.2 | D82: 2054.5 | E82: 2177.4 | F82: 2315.6 | G82: 2505.1 | H82: 2619.9 | I82: 2804.6 | J82: 3128.7 | K82: 3320.7 | L82: 3709.7 | M82: 4900.9 | N82: 4320 | O82: 4794.3 | P82: 5351.5 | Q82: 5096.5 | R82: 5515.9 | S82: 5972.7 | T82: 6218.4 | U82: 6545.1 | V82: 6669 | W82: 6163.1 | X82: 7450.3 | Y82: 7070.8 | Z82: 7852.8
B83: Refuse incineration plant | C83: 756.8 | D83: 803.1 | E83: 824 | F83: 964.2 | G83: 1053.4 | H83: 1043.2 | I83: 1041.9 | J83: 1258.7 | K83: 1417.9 | L83: 1312.6 | M83: 1563.7 | N83: 1754.9 | O83: 1995.8 | P83: 2265.1 | Q83: 2494.3 | R83: 2675.5 | S83: 2755.3 | T83: 2923.4 | U83: 2942.6 | V83: 2998.5 | W83: 2927.4 | X83: 3102.8 | Y83: 3036.6 | Z83: 3079.1
B84: Oil boilers | C84: 146.8 | D84: 178.4 | E84: 357.1 | F84: 562.7 | G84: 202.4 | H84: 120.6 | I84: 191.1 | J84: 186.1 | K84: 134.4 | L84: 251.6 | M84: 683.7 | N84: 334.8 | O84: 132.4 | P84: 105 | Q84: 77.4 | R84: 72.7 | S84: 66.4 | T84: 55.3 | U84: 55.8 | V84: 41 | W84: 20.7 | X84: 74.5 | Y84: 85 | Z84: 94.8
B85: Coal plant | C85: 51.4 | D85: 58.6 | E85: 56.2 | F85: 43.8 | G85: 65.6 | H85: 57.4 | I85: 59 | J85: 63 | K85: 57 | L85: 65.1 | M85: 67.8 | N85: 81.7 | O85: 68.4 | P85: 64.6 | Q85: 65.4 | R85: 61.5 | S85: 63.1 | T85: 67.9 | U85: 69.7 | V85: 74.4 | W85: 75.6 | X85: 90.1 | Y85: 76 | Z85: 49.9
B86: Wood waste | C86: 66.9 | D86: 165.5 | E86: 213.4 | F86: 239.6 | G86: 311.6 | H86: 385.9 | I86: 427.2 | J86: 430.7 | K86: 452.3 | L86: 549.7 | M86: 899.2 | N86: 766.9 | O86: 899 | P86: 1072.1 | Q86: 873.3 | R86: 1086.8 | S86: 1236.5 | T86: 1312.8 | U86: 1481.8 | V86: 1613.3 | W86: 1319.5 | X86: 1894 | Y86: 1965 | Z86: 2290.1
B87: Bio fuel | C87: 0 | D87: 0 | E87: 0 | F87: 0 | G87: 0 | H87: 0 | I87: 0 | J87: 0 | K87: 0 | L87: 0 | M87: 0 | N87: 0 | O87: 0 | P87: 67.2 | Q87: 34.2 | R87: 31.7 | S87: 50.8 | T87: 36.1 | U87: 81 | V87: 65.3 | W87: 30.6 | X87: 201 | Y87: 262.2 | Z87: 244.5
B88: Electric boilers | C88: 384.3 | D88: 538.1 | E88: 421 | F88: 187.9 | G88: 547.4 | H88: 632.9 | I88: 516.5 | J88: 622.9 | K88: 543.6 | L88: 703 | M88: 662.2 | N88: 549.8 | O88: 769.4 | P88: 765.9 | Q88: 669.1 | R88: 673.1 | S88: 784.4 | T88: 788.6 | U88: 752 | V88: 646.4 | W88: 731.7 | X88: 781.3 | Y88: 509.2 | Z88: 821.9
B89: Heat pumps | C89: 85.8 | D89: 105.1 | E89: 125.8 | F89: 139.4 | G89: 139.4 | H89: 154 | I89: 256 | J89: 248.5 | K89: 335.7 | L89: 384.6 | M89: 414.2 | N89: 374.2 | O89: 439.1 | P89: 521.1 | Q89: 467 | R89: 542.8 | S89: 574.2 | T89: 602.3 | U89: 643.3 | V89: 694.5 | W89: 663.5 | X89: 735.6 | Y89: 669.8 | Z89: 737.6
B90: Fossil gas | C90: 34.4 | D90: 53.9 | E90: 57 | F90: 114.6 | G90: 99.4 | H90: 106.8 | I90: 163.5 | J90: 169.6 | K90: 228.2 | L90: 269.6 | M90: 366.4 | N90: 280.1 | O90: 249.8 | P90: 238.2 | Q90: 171.3 | R90: 161 | S90: 234.1 | T90: 231.4 | U90: 285.3 | V90: 279.2 | W90: 143.4 | X90: 256 | Y90: 158.7 | Z90: 234.4
B91: Biogas | C91: .. | D91: .. | E91: .. | F91: .. | G91: .. | H91: .. | I91: .. | J91: .. | K91: .. | L91: .. | M91: 36.1 | N91: 20.4 | O91: 37.9 | P91: 46.1 | Q91: 43.6 | R91: 29.7 | S91: 23.9 | T91: 21.9 | U91: 35.6 | V91: 44.5 | W91: 40.5 | X91: 38 | Y91: 42.3 | Z91: 27
B92: Waste heat | C92: 129.7 | D92: 151.8 | E92: 122.9 | F92: 63.4 | G92: 86 | H92: 119.2 | I92: 149.2 | J92: 149.4 | K92: 151.5 | L92: 173.7 | M92: 207.6 | N92: 157.2 | O92: 202.5 | P92: 206.4 | Q92: 200.7 | R92: 181.1 | S92: 184 | T92: 178.8 | U92: 198 | V92: 212 | W92: 209.9 | X92: 277 | Y92: 266.1 | Z92: 273.3

Sheet Lithuania
B2: Lithuania
B4: Country | C4: Grid | D4: Node_suffix | E4: Scenario | F4: Year | G4: Variant | H4: TWh/year | I4: Constant_share
B5: LT00 | C5: dheat | E5: all | F5: 2015 | H5: {=TRANSPOSE(N17:S17)/1000} -> 7.5753418 | I5: 0.3
B6: LT00 | C6: dheat | E6: all | F6: =F5+5 -> 2020 | H6: 7.8357265 | I6: =I5 -> 0.3
B7: LT00 | C7: dheat | E7: all | F7: =F6+5 -> 2025 | H7: 7.994005 | I7: 0.3
B8: LT00 | C8: dheat | E8: all | F8: =F7+5 -> 2030 | H8: 7.9739675 | I8: =I7 -> 0.3
B9: LT00 | C9: dheat | E9: all | F9: =F8+5 -> 2035 | H9: 7.9907938 | I9: =I8 -> 0.3
B10: LT00 | C10: dheat | E10: all | F10: =F9+5 -> 2040 | H10: 7.9911811 | I10: =I9 -> 0.3
N16: 2015 | O16: 2020 | P16: 2025 | Q16: 2030 | R16: 2035 | S16: 2040
M17: Normal year net production (GWh) | N17: =P35 -> 7575.3418 | O17: =Q35 -> 7835.7265 | P17: =R35 -> 7994.005 | Q17: =S35 -> 7973.9675 | R17: =T35 -> 7990.7938 | S17: =U35 -> 7991.1811
M19: Sto/HD | N19: =0.01*P17 -> 79.94005
B26: Energy commodities balances, Heat GWh, Total gross production
B27: https://osp.stat.gov.lt/statistiniu-rodikliu-analize?indicator=S1R009#/
C30: 2012 | D30: 2013 | E30: 2014 | F30: 2015 | G30: 2016 | H30: 2017 | I30: 2018 | J30: 2019 | K30: 2020 | L30: 2021 | M30: 2022 | N30: 2023 | P30: 2015 | Q30: 2020 | R30: 2025 | S30: 2030 | T30: 2035 | U30: 2040
B31: Sum | C31: 7460 | D31: 7291 | E31: 7151 | F31: 7072 | G31: 8046 | H31: 8330 | I31: 8247 | J31: 7948 | K31: 7514 | L31: 8677 | M31: 7728 | N31: 7167
B35: Total Supply, GWh | C35: =C31 -> 7460 | D35: =D31 -> 7291 | E35: =E31 -> 7151 | F35: =F31 -> 7072 | G35: =G31 -> 8046 | H35: =H31 -> 8330 | I35: =I31 -> 8247 | J35: =J31 -> 7948 | ... N35: =N31 -> 7167 | P35: =P37*P39* P36 / AVERAGE($C$36:$N$36) -> 7575.3418 | Q35: =Q37*Q39* Q36 / AVERAGE($C$36:$N$36) -> 7835.7265 | R35: =R37*R39* R36 / AVERAGE($C$36:$N$36) -> 7994.005 | S35: =S37*S39* S36 / AVERAGE($C$36:$N$36) -> 7973.9675 | T35: =T37*T39* T36 / AVERAGE($C$36:$N$36) -> 7990.7938 | U35: =U37*U39* U36 / AVERAGE($C$36:$N$36) -> 7991.1811
B36: HDD | C36: =HLOOKUP(C$30, HDD!$A$25:$AG$55, MATCH($B$2,HDD!$A$25:$A$55,0), FALSE) -> 4081.27 | D36: =HLOOKUP(D$30, HDD!$A$25:$AG$55, MATCH($B$2,HDD!$A$25:$A$55,0), FALSE) -> 3873.17 | E36: =HLOOKUP(E$30, HDD!$A$25:$AG$55, MATCH($B$2,HDD!$A$25:$A$55,0), FALSE) -> 3729.28 | F36: =HLOOKUP(F$30, HDD!$A$25:$AG$55, MATCH($B$2,HDD!$A$25:$A$55,0), FALSE) -> 3523.32 | G36: =HLOOKUP(G$30, HDD!$A$25:$AG$55, MATCH($B$2,HDD!$A$25:$A$55,0), FALSE) -> 3829.94 | H36: =HLOOKUP(H$30, HDD!$A$25:$AG$55, MATCH($B$2,HDD!$A$25:$A$55,0), FALSE) -> 3761.5 | I36: =HLOOKUP(I$30, HDD!$A$25:$AG$55, MATCH($B$2,HDD!$A$25:$A$55,0), FALSE) -> 3687.57 | J36: =HLOOKUP(J$30, HDD!$A$25:$AG$55, MATCH($B$2,HDD!$A$25:$A$55,0), FALSE) -> 3391.36 | ... N36: =HLOOKUP(N$30, HDD!$A$25:$AG$55, MATCH($B$2,HDD!$A$25:$A$55,0), FALSE) -> 3461.92 | P36: =HLOOKUP(P$30, HDD!$AA$25:$AG$55, MATCH($B$2,HDD!$A$25:$A$55,0), FALSE) -> 3752.6937 | Q36: =HLOOKUP(Q$30, HDD!$AA$25:$AG$55, MATCH($B$2,HDD!$A$25:$A$55,0), FALSE) -> 3676.533 | R36: =HLOOKUP(R$30, HDD!$AA$25:$AG$55, MATCH($B$2,HDD!$A$25:$A$55,0), FALSE) -> 3600.3723 | S36: =HLOOKUP(S$30, HDD!$AA$25:$AG$55, MATCH($B$2,HDD!$A$25:$A$55,0), FALSE) -> 3524.2116 | T36: =HLOOKUP(T$30, HDD!$AA$25:$AG$55, MATCH($B$2,HDD!$A$25:$A$55,0), FALSE) -> 3448.0509 | U36: =HLOOKUP(U$30, HDD!$AA$25:$AG$55, MATCH($B$2,HDD!$A$25:$A$55,0), FALSE) -> 3371.8902
B37: POP | C37: =HLOOKUP(C$30, POP!$A$27:$AC$63, MATCH($B$2, POP!$A$27:$A$63,0), FALSE) -> 2989139 | D37: =HLOOKUP(D$30, POP!$A$27:$AC$63, MATCH($B$2, POP!$A$27:$A$63,0), FALSE) -> 2961250 | E37: =HLOOKUP(E$30, POP!$A$27:$AC$63, MATCH($B$2, POP!$A$27:$A$63,0), FALSE) -> 2937253 | F37: =HLOOKUP(F$30, POP!$A$27:$AC$63, MATCH($B$2, POP!$A$27:$A$63,0), FALSE) -> 2911109 | G37: =HLOOKUP(G$30, POP!$A$27:$AC$63, MATCH($B$2, POP!$A$27:$A$63,0), FALSE) -> 2877325 | H37: =HLOOKUP(H$30, POP!$A$27:$AC$63, MATCH($B$2, POP!$A$27:$A$63,0), FALSE) -> 2842639 | I37: =HLOOKUP(I$30, POP!$A$27:$AC$63, MATCH($B$2, POP!$A$27:$A$63,0), FALSE) -> 2819200 | J37: =HLOOKUP(J$30, POP!$A$27:$AC$63, MATCH($B$2, POP!$A$27:$A$63,0), FALSE) -> 2811089 | ... N37: =HLOOKUP(N$30, POP!$A$27:$AC$63, MATCH($B$2, POP!$A$27:$A$63,0), FALSE) -> 2871585 | P37: =HLOOKUP(P$30, POP!$A$27:$AE$63, MATCH($B$2, POP!$A$27:$A$63,0), FALSE) -> 2911109 | Q37: =HLOOKUP(Q$30, POP!$A$27:$AE$63, MATCH($B$2, POP!$A$27:$A$63,0), FALSE) -> 2810369 | R37: =HLOOKUP(R$30, POP!$A$27:$AE$63, MATCH($B$2, POP!$A$27:$A$63,0), FALSE) -> 2740086.3 | S37: =HLOOKUP(S$30, POP!$A$27:$AE$63, MATCH($B$2, POP!$A$27:$A$63,0), FALSE) -> 2684711.4 | T37: =HLOOKUP(T$30, POP!$A$27:$AE$63, MATCH($B$2, POP!$A$27:$A$63,0), FALSE) -> 2647794.8 | U37: =HLOOKUP(U$30, POP!$A$27:$AE$63, MATCH($B$2, POP!$A$27:$A$63,0), FALSE) -> 2610878.2
B38: Normal year net production | C38: =C35/C36*AVERAGE($C$36:$K$36) -> 6739.1439 | D38: =D35/D36*AVERAGE($C$36:$K$36) -> 6940.3563 | E38: =E35/E36*AVERAGE($C$36:$K$36) -> 7069.733 | F38: =F35/F36*AVERAGE($C$36:$K$36) -> 7400.3352 | G38: =G35/G36*AVERAGE($C$36:$K$36) -> 7745.4969 | H38: =H35/H36*AVERAGE($C$36:$K$36) -> 8164.7927 | I38: =I35/I36*AVERAGE($C$36:$K$36) -> 8245.4991 | J38: =J35/J36*AVERAGE($C$36:$K$36) -> 8640.6257 | ... N38: =N35/N36*AVERAGE($C$36:$K$36) -> 7632.76
B39: Normal year net DH supply / pers | C39: =C38/(C37) -> 0.0022545435 | D39: =D38/(D37) -> 0.0023437252 | E39: =E38/(E37) -> 0.00240692 | F39: =F38/(F37) -> 0.0025421017 | G39: =G38/(G37) -> 0.0026919089 | H39: =H38/(H37) -> 0.002872258 | I39: =I38/(I37) -> 0.0029247656 | J39: =J38/(J37) -> 0.0030737645 | ... N39: =N38/(N37) -> 0.0026580303 | P39: {=TREND($C$39:$N$39,$C$30:$N$30,P$30)} -> 0.0025676105 | Q39: {=TREND($C$39:$N$39,$C$30:$N$30,Q$30)} -> 0.0028080572 | R39: {=(TREND($C$39:$N$39,$C$30:$N$30,R$30)-TREND($C$39:$N$39,$C$30:$N$30,$N$30))/2+TREND($C$39:$N$39,$C$30:$N$30,$N$30)} -> 0.0030004145 | S39: {=(TREND($C$39:$N$39,$C$30:$N$30,S$30)-TREND($C$39:$N$39,$C$30:$N$30,$N$30))/2+TREND($C$39:$N$39,$C$30:$N$30,$N$30)} -> 0.0031206378 | T39: {=(TREND($C$39:$N$39,$C$30:$N$30,T$30)-TREND($C$39:$N$39,$C$30:$N$30,$N$30))/2+TREND($C$39:$N$39,$C$30:$N$30,$N$30)} -> 0.0032408612 | U39: {=(TREND($C$39:$N$39,$C$30:$N$30,U$30)-TREND($C$39:$N$39,$C$30:$N$30,$N$30))/2+TREND($C$39:$N$39,$C$30:$N$30,$N$30)} -> 0.0033610845

Sheet Latvia
B2: Latvia
B4: Country | C4: Grid | D4: Node_suffix | E4: Scenario | F4: Year | G4: Variant | H4: TWh/year | I4: Constant_share
B5: LV00 | C5: dheat | E5: all | F5: 2015 | H5: {=TRANSPOSE(N15:S15)/1000} -> 12.113744 | I5: 0.3
B6: LV00 | C6: dheat | E6: all | F6: =F5+5 -> 2020 | H6: 11.273483 | I6: =I5 -> 0.3
B7: LV00 | C7: dheat | E7: all | F7: =F6+5 -> 2025 | H7: 10.537036 | I7: 0.3
B8: LV00 | C8: dheat | E8: all | F8: =F7+5 -> 2030 | H8: 10.021074 | I8: =I7 -> 0.3
B9: LV00 | C9: dheat | E9: all | F9: =F8+5 -> 2035 | H9: 9.6027728 | I9: =I8 -> 0.3
B10: LV00 | C10: dheat | E10: all | F10: =F9+5 -> 2040 | H10: 9.195687 | I10: =I9 -> 0.3
N14: 2015 | O14: 2020 | P14: 2025 | Q14: 2030 | R14: 2035 | S14: 2040
M15: Normal year net production (GWh) | N15: =Q33 -> 12113.744 | O15: =R33 -> 11273.483 | P15: =S33 -> 10537.036 | Q15: =T33 -> 10021.074 | R15: =U33 -> 9602.7728 | S15: =V33 -> 9195.687
B24: Energy commodities balances, Heat GWh, Total gross production
B25: https://osp.stat.gov.lt/statistiniu-rodikliu-analize?indicator=S1R009#/
C28: 2012 | D28: 2013 | E28: 2014 | F28: 2015 | G28: 2016 | H28: 2017 | I28: 2018 | J28: 2019 | K28: 2020 | L28: 2021 | M28: 2022 | N28: 2023 | Q28: 2015 | R28: 2020 | S28: 2025 | T28: 2030 | U28: 2035 | V28: 2040
B29: Sum | C29: 12904.2 | D29: 12118.2 | E29: 12028 | F29: 11516.7 | G29: 11985.6 | H29: 12984.9 | I29: 12751.4 | J29: 11882.4 | K29: 10533.3 | L29: 12382.7 | M29: 10105.7 | N29: 9638.2
B33: Total Supply, GWh | C33: =C29 -> 12904.2 | D33: =D29 -> 12118.2 | E33: =E29 -> 12028 | F33: =F29 -> 11516.7 | G33: =G29 -> 11985.6 | H33: =H29 -> 12984.9 | I33: =I29 -> 12751.4 | J33: =J29 -> 11882.4 | ... N33: =N29 -> 9638.2 | Q33: =Q35*Q37* Q34 / AVERAGE($C$34:$N$34) -> 12113.744 | R33: =R35*R37* R34 / AVERAGE($C$34:$N$34) -> 11273.483 | S33: =S35*S37* S34 / AVERAGE($C$34:$N$34) -> 10537.036 | T33: =T35*T37* T34 / AVERAGE($C$34:$N$34) -> 10021.074 | U33: =U35*U37* U34 / AVERAGE($C$34:$N$34) -> 9602.7728 | V33: =V35*V37* V34 / AVERAGE($C$34:$N$34) -> 9195.687
B34: HDD | C34: =HLOOKUP(C$28, HDD!$A$25:$AG$55, MATCH($B$2,HDD!$A$25:$A$55,0), FALSE) -> 4322.02 | D34: =HLOOKUP(D$28, HDD!$A$25:$AG$55, MATCH($B$2,HDD!$A$25:$A$55,0), FALSE) -> 4036.79 | E34: =HLOOKUP(E$28, HDD!$A$25:$AG$55, MATCH($B$2,HDD!$A$25:$A$55,0), FALSE) -> 3939.85 | F34: =HLOOKUP(F$28, HDD!$A$25:$AG$55, MATCH($B$2,HDD!$A$25:$A$55,0), FALSE) -> 3657.39 | G34: =HLOOKUP(G$28, HDD!$A$25:$AG$55, MATCH($B$2,HDD!$A$25:$A$55,0), FALSE) -> 4002.81 | H34: =HLOOKUP(H$28, HDD!$A$25:$AG$55, MATCH($B$2,HDD!$A$25:$A$55,0), FALSE) -> 3997.38 | I34: =HLOOKUP(I$28, HDD!$A$25:$AG$55, MATCH($B$2,HDD!$A$25:$A$55,0), FALSE) -> 3862.19 | J34: =HLOOKUP(J$28, HDD!$A$25:$AG$55, MATCH($B$2,HDD!$A$25:$A$55,0), FALSE) -> 3622.92 | ... N34: =HLOOKUP(N$28, HDD!$A$25:$AG$55, MATCH($B$2,HDD!$A$25:$A$55,0), FALSE) -> 3755.06 | Q34: =HLOOKUP(Q$28, HDD!$AA$25:$AG$55, MATCH($B$2,HDD!$A$25:$A$55,0), FALSE) -> 3942.6305 | R34: =HLOOKUP(R$28, HDD!$AA$25:$AG$55, MATCH($B$2,HDD!$A$25:$A$55,0), FALSE) -> 3876.3004 | S34: =HLOOKUP(S$28, HDD!$AA$25:$AG$55, MATCH($B$2,HDD!$A$25:$A$55,0), FALSE) -> 3809.9702 | T34: =HLOOKUP(T$28, HDD!$AA$25:$AG$55, MATCH($B$2,HDD!$A$25:$A$55,0), FALSE) -> 3743.64 | U34: =HLOOKUP(U$28, HDD!$AA$25:$AG$55, MATCH($B$2,HDD!$A$25:$A$55,0), FALSE) -> 3677.3098 | V34: =HLOOKUP(V$28, HDD!$AA$25:$AG$55, MATCH($B$2,HDD!$A$25:$A$55,0), FALSE) -> 3610.9797
B35: POP | C35: =HLOOKUP(C$28, POP!$A$27:$AC$63, MATCH($B$2, POP!$A$27:$A$63,0), FALSE) -> 2034319 | D35: =HLOOKUP(D$28, POP!$A$27:$AC$63, MATCH($B$2, POP!$A$27:$A$63,0), FALSE) -> 2012647 | E35: =HLOOKUP(E$28, POP!$A$27:$AC$63, MATCH($B$2, POP!$A$27:$A$63,0), FALSE) -> 1993782 | F35: =HLOOKUP(F$28, POP!$A$27:$AC$63, MATCH($B$2, POP!$A$27:$A$63,0), FALSE) -> 1977527 | G35: =HLOOKUP(G$28, POP!$A$27:$AC$63, MATCH($B$2, POP!$A$27:$A$63,0), FALSE) -> 1959537 | H35: =HLOOKUP(H$28, POP!$A$27:$AC$63, MATCH($B$2, POP!$A$27:$A$63,0), FALSE) -> 1942248 | I35: =HLOOKUP(I$28, POP!$A$27:$AC$63, MATCH($B$2, POP!$A$27:$A$63,0), FALSE) -> 1927174 | J35: =HLOOKUP(J$28, POP!$A$27:$AC$63, MATCH($B$2, POP!$A$27:$A$63,0), FALSE) -> 1913822 | ... N35: =HLOOKUP(N$28, POP!$A$27:$AC$63, MATCH($B$2, POP!$A$27:$A$63,0), FALSE) -> 1877445 | Q35: =HLOOKUP(Q$28, POP!$A$27:$AE$63, MATCH($B$2, POP!$A$27:$A$63,0), FALSE) -> 1977527 | R35: =HLOOKUP(R$28, POP!$A$27:$AE$63, MATCH($B$2, POP!$A$27:$A$63,0), FALSE) -> 1900449 | S35: =HLOOKUP(S$28, POP!$A$27:$AE$63, MATCH($B$2, POP!$A$27:$A$63,0), FALSE) -> 1829589.1 | T35: =HLOOKUP(T$28, POP!$A$27:$AE$63, MATCH($B$2, POP!$A$27:$A$63,0), FALSE) -> 1784632.5 | U35: =HLOOKUP(U$28, POP!$A$27:$AE$63, MATCH($B$2, POP!$A$27:$A$63,0), FALSE) -> 1754661.4 | V35: =HLOOKUP(V$28, POP!$A$27:$AE$63, MATCH($B$2, POP!$A$27:$A$63,0), FALSE) -> 1724690.3
B36: Normal year net production | C36: =C33/C34*AVERAGE($C$34:$K$34) -> 11559.277 | D36: =D33/D34*AVERAGE($C$34:$K$34) -> 11622.2 | E36: =E33/E34*AVERAGE($C$34:$K$34) -> 11819.527 | F36: =F33/F34*AVERAGE($C$34:$K$34) -> 12191.107 | G36: =G33/G34*AVERAGE($C$34:$K$34) -> 11592.609 | H36: =H33/H34*AVERAGE($C$34:$K$34) -> 12576.203 | I36: =I33/I34*AVERAGE($C$34:$K$34) -> 12782.347 | J36: =J33/J34*AVERAGE($C$34:$K$34) -> 12697.897 | ... N36: =N33/N34*AVERAGE($C$34:$K$34) -> 9937.2318
B37: Normal year net DH supply / pers | C37: =C36/(C35) -> 0.005682136 | D37: =D36/(D35) -> 0.0057745842 | E37: =E36/(E35) -> 0.0059281943 | F37: =F36/(F35) -> 0.0061648246 | G37: =G36/(G35) -> 0.0059159937 | H37: =H36/(H35) -> 0.0064750758 | I37: =I36/(I35) -> 0.0066326896 | J37: =J36/(J35) -> 0.0066348369 | ... N37: =N36/(N35) -> 0.005292955 | Q37: {=TREND($C$37:$N$37,$C$28:$N$28,Q$28)} -> 0.0060553986 | R37: {=TREND($C$37:$N$37,$C$28:$N$28,R$28)} -> 0.0059642705 | S37: {=(TREND($C$37:$N$37,$C$28:$N$28,S$28)-TREND($C$37:$N$37,$C$28:$N$28,$N$28))/2+TREND($C$37:$N$37,$C$28:$N$28,$N$28)} -> 0.0058913681 | T37: {=(TREND($C$37:$N$37,$C$28:$N$28,T$28)-TREND($C$37:$N$37,$C$28:$N$28,$N$28))/2+TREND($C$37:$N$37,$C$28:$N$28,$N$28)} -> 0.005845804 | U37: {=(TREND($C$37:$N$37,$C$28:$N$28,U$28)-TREND($C$37:$N$37,$C$28:$N$28,$N$28))/2+TREND($C$37:$N$37,$C$28:$N$28,$N$28)} -> 0.00580024 | V37: {=(TREND($C$37:$N$37,$C$28:$N$28,V$28)-TREND($C$37:$N$37,$C$28:$N$28,$N$28))/2+TREND($C$37:$N$37,$C$28:$N$28,$N$28)} -> 0.0057546759

Sheet Estonia
B2: Estonia
B4: Country | C4: Grid | D4: Node_suffix | E4: Scenario | F4: Year | G4: Variant | H4: TWh/year | I4: Constant_share
B5: EE00 | C5: dheat | E5: all | F5: 2015 | H5: {=TRANSPOSE(N15:S15)/1000} -> 4.720327 | I5: 0.3
B6: EE00 | C6: dheat | E6: all | F6: =F5+5 -> 2020 | H6: 4.7842652 | I6: =I5 -> 0.3
B7: EE00 | C7: dheat | E7: all | F7: =F6+5 -> 2025 | H7: 4.8362555 | I7: 0.3
B8: EE00 | C8: dheat | E8: all | F8: =F7+5 -> 2030 | H8: 4.8582631 | I8: =I7 -> 0.3
B9: EE00 | C9: dheat | E9: all | F9: =F8+5 -> 2035 | H9: 4.8726943 | I9: =I8 -> 0.3
B10: EE00 | C10: dheat | E10: all | F10: =F9+5 -> 2040 | H10: 4.8842862 | I10: =I9 -> 0.3
N14: 2015 | O14: 2020 | P14: 2025 | Q14: 2030 | R14: 2035 | S14: 2040
M15: Normal year net production (GWh) | N15: =L33 -> 4720.327 | O15: =M33 -> 4784.2652 | P15: =N33 -> 4836.2555 | Q15: =O33 -> 4858.2631 | R15: =P33 -> 4872.6943 | S15: =Q33 -> 4884.2862
B24: Energy removed from district networks by customers, type of networks and efficiency of network
B25: https://ec.europa.eu/eurostat/databrowser/view/nrg_dhdc_e__custom_16147672/default/table?lang=en
C28: 2019 | D28: 2020 | E28: 2021 | F28: 2022 | L28: 2015 | M28: 2020 | N28: 2025 | O28: 2030 | P28: 2035 | Q28: 2040
B29: Sum | C29: 14114 | D29: 12020 | E29: 16059 | F29: 15078
B33: Total Supply, GWh | C33: =(C29/3.6)/0.85 -> 4612.4183 | D33: =(D29/3.6)/0.85 -> 3928.1046 | E33: =(E29/3.6)/0.85 -> 5248.0392 | F33: =(F29/3.6)/0.85 -> 4927.451 | L33: =L35*L37* L34 / AVERAGE($C$34:$F$34) -> 4720.327 | M33: =M35*M37* M34 / AVERAGE($C$34:$F$34) -> 4784.2652 | N33: =N35*N37* N34 / AVERAGE($C$34:$F$34) -> 4836.2555 | O33: =O35*O37* O34 / AVERAGE($C$34:$F$34) -> 4858.2631 | P33: =P35*P37* P34 / AVERAGE($C$34:$F$34) -> 4872.6943 | Q33: =Q35*Q37* Q34 / AVERAGE($C$34:$F$34) -> 4884.2862
B34: HDD | C34: =HLOOKUP(C$28, HDD!$A$25:$AG$55, MATCH($B$2,HDD!$A$25:$A$55,0), FALSE) -> 3883.05 | D34: =HLOOKUP(D$28, HDD!$A$25:$AG$55, MATCH($B$2,HDD!$A$25:$A$55,0), FALSE) -> 3554.43 | E34: =HLOOKUP(E$28, HDD!$A$25:$AG$55, MATCH($B$2,HDD!$A$25:$A$55,0), FALSE) -> 4283.1 | F34: =HLOOKUP(F$28, HDD!$A$25:$AG$55, MATCH($B$2,HDD!$A$25:$A$55,0), FALSE) -> 4117.58 | L34: =HLOOKUP(L$28, HDD!$AA$25:$AG$55, MATCH($B$2,HDD!$A$25:$A$55,0), FALSE) -> 4122.4309 | M34: =HLOOKUP(M$28, HDD!$AA$25:$AG$55, MATCH($B$2,HDD!$A$25:$A$55,0), FALSE) -> 4057.6924 | N34: =HLOOKUP(N$28, HDD!$AA$25:$AG$55, MATCH($B$2,HDD!$A$25:$A$55,0), FALSE) -> 3992.9538 | O34: =HLOOKUP(O$28, HDD!$A$25:$AG$55, MATCH($B$2,HDD!$A$25:$A$55,0), FALSE) -> 3928.2153 | P34: =HLOOKUP(P$28, HDD!$A$25:$AG$55, MATCH($B$2,HDD!$A$25:$A$55,0), FALSE) -> 3863.4768 | Q34: =HLOOKUP(Q$28, HDD!$A$25:$AG$55, MATCH($B$2,HDD!$A$25:$A$55,0), FALSE) -> 3798.7382
B35: POP | C35: =HLOOKUP(C$28, POP!$A$27:$AC$63, MATCH($B$2, POP!$A$27:$A$63,0), FALSE) -> 1326898 | D35: =HLOOKUP(D$28, POP!$A$27:$AC$63, MATCH($B$2, POP!$A$27:$A$63,0), FALSE) -> 1329522 | E35: =HLOOKUP(E$28, POP!$A$27:$AC$63, MATCH($B$2, POP!$A$27:$A$63,0), FALSE) -> 1330932 | F35: =HLOOKUP(F$28, POP!$A$27:$AC$63, MATCH($B$2, POP!$A$27:$A$63,0), FALSE) -> 1348840 | L35: =HLOOKUP(L$28, POP!$A$27:$AE$63, MATCH($B$2, POP!$A$27:$A$63,0), FALSE) -> 1315407 | M35: =HLOOKUP(M$28, POP!$A$27:$AE$63, MATCH($B$2, POP!$A$27:$A$63,0), FALSE) -> 1329522 | N35: =HLOOKUP(N$28, POP!$A$27:$AE$63, MATCH($B$2, POP!$A$27:$A$63,0), FALSE) -> 1341034.5 | O35: =HLOOKUP(O$28, POP!$A$27:$AE$63, MATCH($B$2, POP!$A$27:$A$63,0), FALSE) -> 1344988.9 | P35: =HLOOKUP(P$28, POP!$A$27:$AE$63, MATCH($B$2, POP!$A$27:$A$63,0), FALSE) -> 1347625.3 | Q35: =HLOOKUP(Q$28, POP!$A$27:$AE$63, MATCH($B$2, POP!$A$27:$A$63,0), FALSE) -> 1350261.6
B36: Normal year net production | C36: =C33/C34*AVERAGE($C$34:$K$34) -> 4703.2757 | D36: =D33/D34*AVERAGE($C$34:$K$34) -> 4375.8035 | E36: =E33/E34*AVERAGE($C$34:$K$34) -> 4851.5844 | F36: =F33/F34*AVERAGE($C$34:$K$34) -> 4738.3267
B37: Normal year net DH supply / pers | C37: =C36/(C35) -> 0.0035445646 | D37: =D36/(D35) -> 0.0032912607 | E37: =E36/(E35) -> 0.0036452534 | F37: =F36/(F35) -> 0.0035128901 | L37: {=(TREND($C$37:$F$37,$C$28:$F$28,L$28)-TREND($C$37:$F$37,$C$28:$F$28,$F$28))/2+TREND($C$37:$F$37,$C$28:$F$28,$F$28)} -> 0.0034466984 | M37: {=(TREND($C$37:$F$37,$C$28:$F$28,M$28)-TREND($C$37:$F$37,$C$28:$F$28,$F$28))/2+TREND($C$37:$F$37,$C$28:$F$28,$F$28)} -> 0.0035114407 | N37: {=(TREND($C$37:$F$37,$C$28:$F$28,N$28)-TREND($C$37:$F$37,$C$28:$F$28,$F$28))/2+TREND($C$37:$F$37,$C$28:$F$28,$F$28)} -> 0.003576183 | O37: {=(TREND($C$37:$F$37,$C$28:$F$28,O$28)-TREND($C$37:$F$37,$C$28:$F$28,$F$28))/2+TREND($C$37:$F$37,$C$28:$F$28,$F$28)} -> 0.0036409253 | P37: {=(TREND($C$37:$F$37,$C$28:$F$28,P$28)-TREND($C$37:$F$37,$C$28:$F$28,$F$28))/2+TREND($C$37:$F$37,$C$28:$F$28,$F$28)} -> 0.0037056676 | Q37: {=(TREND($C$37:$F$37,$C$28:$F$28,Q$28)-TREND($C$37:$F$37,$C$28:$F$28,$F$28))/2+TREND($C$37:$F$37,$C$28:$F$28,$F$28)} -> 0.0037704099

Sheet Sweden
B2: Sweden
B4: Country | C4: Grid | D4: Node_suffix | E4: Scenario | F4: Year | G4: Variant | H4: TWh/year | I4: Constant_share
B5: SE01 | C5: dheat | E5: all | F5: 2015 | H5: {=SUMIFS($N$8:$S$8,$N$7:$S$7,$F5) * SUM($N$12:$S$15 * ($N$11:$S$11=$F5) * ($M$12:$M$15=$B5)) / 1000} -> 1.4684667 | I5: 0.3
B6: SE02 | C6: dheat | E6: all | F6: 2015 | H6: {=SUMIFS($N$8:$S$8,$N$7:$S$7,$F6) * SUM($N$12:$S$15 * ($N$11:$S$11=$F6) * ($M$12:$M$15=$B6)) / 1000} -> 5.3582965 | I6: =I5 -> 0.3
B7: SE03 | C7: dheat | E7: all | F7: 2015 | H7: {=SUMIFS($N$8:$S$8,$N$7:$S$7,$F7) * SUM($N$12:$S$15 * ($N$11:$S$11=$F7) * ($M$12:$M$15=$B7)) / 1000} -> 39.018196 | I7: =I6 -> 0.3 | N7: 2015 | O7: 2020 | P7: 2025 | Q7: 2030 | R7: 2035 | S7: 2040
B8: SE04 | C8: dheat | E8: all | F8: 2015 | H8: {=SUMIFS($N$8:$S$8,$N$7:$S$7,$F8) * SUM($N$12:$S$15 * ($N$11:$S$11=$F8) * ($M$12:$M$15=$B8)) / 1000} -> 11.412682 | I8: =I7 -> 0.3 | M8: Normal year net production (GWh) | N8: =N114 -> 57257.641 | O8: =O114 -> 58678.858 | P8: =P114 -> 59417.118 | Q8: =Q114 -> 59531.546 | R8: =R114 -> 59180.806 | S8: =S114 -> 58807.568
B9: SE01 | C9: dheat | E9: all | F9: =F5+5 -> 2020 | H9: {=SUMIFS($N$8:$S$8,$N$7:$S$7,$F9) * SUM($N$12:$S$15 * ($N$11:$S$11=$F9) * ($M$12:$M$15=$B9)) / 1000} -> 1.4209678 | I9: =I8 -> 0.3
B10: SE02 | C10: dheat | E10: all | F10: =F6+5 -> 2020 | H10: {=SUMIFS($N$8:$S$8,$N$7:$S$7,$F10) * SUM($N$12:$S$15 * ($N$11:$S$11=$F10) * ($M$12:$M$15=$B10)) / 1000} -> 5.3140059 | I10: =I9 -> 0.3
B11: SE03 | C11: dheat | E11: all | F11: =F7+5 -> 2020 | H11: {=SUMIFS($N$8:$S$8,$N$7:$S$7,$F11) * SUM($N$12:$S$15 * ($N$11:$S$11=$F11) * ($M$12:$M$15=$B11)) / 1000} -> 40.167021 | I11: =I10 -> 0.3 | N11: 2015 | O11: 2020 | P11: 2025 | Q11: 2030 | R11: 2035 | S11: 2040
B12: SE04 | C12: dheat | E12: all | F12: =F8+5 -> 2020 | H12: {=SUMIFS($N$8:$S$8,$N$7:$S$7,$F12) * SUM($N$12:$S$15 * ($N$11:$S$11=$F12) * ($M$12:$M$15=$B12)) / 1000} -> 11.776863 | I12: =I11 -> 0.3 | M12: SE01 | N12: =C69 -> 0.02564665 | O12: =D69 -> 0.02421601 | P12: =E69 -> 0.023215895 | Q12: =F69 -> 0.022320027 | R12: =G69 -> 0.02138458 | S12: =H69 -> 0.020540357
B13: SE01 | C13: dheat | E13: all | F13: =F9+5 -> 2025 | H13: {=SUMIFS($N$8:$S$8,$N$7:$S$7,$F13) * SUM($N$12:$S$15 * ($N$11:$S$11=$F13) * ($M$12:$M$15=$B13)) / 1000} -> 1.3794216 | I13: 0.3 | M13: SE02 | N13: =C70 -> 0.093582208 | O13: =D70 -> 0.090560827 | P13: =E70 -> 0.088217349 | Q13: =F70 -> 0.086014319 | R13: =G70 -> 0.083702568 | S13: =H70 -> 0.081672303
B14: SE02 | C14: dheat | E14: all | F14: =F10+5 -> 2025 | H14: {=SUMIFS($N$8:$S$8,$N$7:$S$7,$F14) * SUM($N$12:$S$15 * ($N$11:$S$11=$F14) * ($M$12:$M$15=$B14)) / 1000} -> 5.2416207 | I14: =I13 -> 0.3 | M14: SE03 | N14: =C71 -> 0.68144958 | O14: =D71 -> 0.68452288 | P14: =E71 -> 0.68666959 | Q14: =F71 -> 0.68905983 | R14: =G71 -> 0.69177224 | S14: =H71 -> 0.69397372
B15: SE03 | C15: dheat | E15: all | F15: =F11+5 -> 2025 | H15: {=SUMIFS($N$8:$S$8,$N$7:$S$7,$F15) * SUM($N$12:$S$15 * ($N$11:$S$11=$F15) * ($M$12:$M$15=$B15)) / 1000} -> 40.799928 | I15: =I14 -> 0.3 | M15: SE04 | N15: =C72 -> 0.19932156 | O15: =D72 -> 0.20070028 | P15: =E72 -> 0.20189717 | Q15: =F72 -> 0.20260583 | R15: =G72 -> 0.20314061 | S15: =H72 -> 0.20381362
B16: SE04 | C16: dheat | E16: all | F16: =F12+5 -> 2025 | H16: {=SUMIFS($N$8:$S$8,$N$7:$S$7,$F16) * SUM($N$12:$S$15 * ($N$11:$S$11=$F16) * ($M$12:$M$15=$B16)) / 1000} -> 11.996148 | I16: =I15 -> 0.3
B17: SE01 | C17: dheat | E17: all | F17: =F13+5 -> 2030 | H17: {=SUMIFS($N$8:$S$8,$N$7:$S$7,$F17) * SUM($N$12:$S$15 * ($N$11:$S$11=$F17) * ($M$12:$M$15=$B17)) / 1000} -> 1.3287457 | I17: =I16 -> 0.3
B18: SE02 | C18: dheat | E18: all | F18: =F14+5 -> 2030 | H18: {=SUMIFS($N$8:$S$8,$N$7:$S$7,$F18) * SUM($N$12:$S$15 * ($N$11:$S$11=$F18) * ($M$12:$M$15=$B18)) / 1000} -> 5.1205654 | I18: =I17 -> 0.3
B19: SE03 | C19: dheat | E19: all | F19: =F15+5 -> 2030 | H19: {=SUMIFS($N$8:$S$8,$N$7:$S$7,$F19) * SUM($N$12:$S$15 * ($N$11:$S$11=$F19) * ($M$12:$M$15=$B19)) / 1000} -> 41.020797 | I19: =I18 -> 0.3
B20: SE04 | C20: dheat | E20: all | F20: =F16+5 -> 2030 | H20: {=SUMIFS($N$8:$S$8,$N$7:$S$7,$F20) * SUM($N$12:$S$15 * ($N$11:$S$11=$F20) * ($M$12:$M$15=$B20)) / 1000} -> 12.061438 | I20: =I19 -> 0.3
B21: SE01 | C21: dheat | E21: all | F21: =F17+5 -> 2035 | H21: {=SUMIFS($N$8:$S$8,$N$7:$S$7,$F21) * SUM($N$12:$S$15 * ($N$11:$S$11=$F21) * ($M$12:$M$15=$B21)) / 1000} -> 1.2655567 | I21: =I20 -> 0.3
B22: SE02 | C22: dheat | E22: all | F22: =F18+5 -> 2035 | H22: {=SUMIFS($N$8:$S$8,$N$7:$S$7,$F22) * SUM($N$12:$S$15 * ($N$11:$S$11=$F22) * ($M$12:$M$15=$B22)) / 1000} -> 4.9535854 | I22: =I21 -> 0.3
B23: SE03 | C23: dheat | E23: all | F23: =F19+5 -> 2035 | H23: {=SUMIFS($N$8:$S$8,$N$7:$S$7,$F23) * SUM($N$12:$S$15 * ($N$11:$S$11=$F23) * ($M$12:$M$15=$B23)) / 1000} -> 40.939639 | I23: =I22 -> 0.3
B24: SE04 | C24: dheat | E24: all | F24: =F20+5 -> 2035 | H24: {=SUMIFS($N$8:$S$8,$N$7:$S$7,$F24) * SUM($N$12:$S$15 * ($N$11:$S$11=$F24) * ($M$12:$M$15=$B24)) / 1000} -> 12.022025 | I24: =I23 -> 0.3
B25: SE01 | C25: dheat | E25: all | F25: =F21+5 -> 2040 | H25: {=SUMIFS($N$8:$S$8,$N$7:$S$7,$F25) * SUM($N$12:$S$15 * ($N$11:$S$11=$F25) * ($M$12:$M$15=$B25)) / 1000} -> 1.2079284 | I25: =I24 -> 0.3
B26: SE02 | C26: dheat | E26: all | F26: =F22+5 -> 2040 | H26: {=SUMIFS($N$8:$S$8,$N$7:$S$7,$F26) * SUM($N$12:$S$15 * ($N$11:$S$11=$F26) * ($M$12:$M$15=$B26)) / 1000} -> 4.8029495 | I26: =I25 -> 0.3
B27: SE03 | C27: dheat | E27: all | F27: =F23+5 -> 2040 | H27: {=SUMIFS($N$8:$S$8,$N$7:$S$7,$F27) * SUM($N$12:$S$15 * ($N$11:$S$11=$F27) * ($M$12:$M$15=$B27)) / 1000} -> 40.810906 | I27: =I26 -> 0.3
B28: SE04 | C28: dheat | E28: all | F28: =F24+5 -> 2040 | H28: {=SUMIFS($N$8:$S$8,$N$7:$S$7,$F28) * SUM($N$12:$S$15 * ($N$11:$S$11=$F28) * ($M$12:$M$15=$B28)) / 1000} -> 11.985783 | I28: =I27 -> 0.3
B36: Regional population + prediction: https://www.statistikdatabasen.scb.se/pxweb/en/ssd/START__BE__BE0101__BE0101A/BefolkningNy/
B38: Note: Original values end of Dec, changed to match values in Pop-sheet, that are beginning of Jan
B39: Population | C39: 2010 | D39: 2011 | E39: 2012 | F39: 2013 | G39: 2014 | H39: 2015 | I39: 2016 | J39: 2017 | K39: 2018 | L39: 2019 | M39: 2020 | N39: 2021 | O39: 2022 | P39: 2025 | Q39: 2030 | T39: 2035 | U39: 2040
B40: 25 Norrbotten county | C40: 249019 | D40: 248609 | E40: 248545 | F40: 248637 | G40: 249436 | H40: 249987 | I40: 249733 | J40: 250570 | K40: 251295 | L40: 250497 | M40: 250093 | N40: 249614 | O40: 249693 | P40: 246676.99 | Q40: 242598.11 | T40: {=TREND($C40:$Q40,$C$39:$Q$39,T$39)} -> 245480.1 | U40: {=TREND($C40:$Q40,$C$39:$Q$39,U$39)} -> 244472.43
B41: SE01 | C41: =C40 -> 249019 | D41: 248609 | E41: 248545 | F41: 248637 | G41: 249436 | H41: 249987 | I41: 249733 | J41: 250570 | K41: 251295 | L41: 250497 | M41: 250093 | N41: 249614 | O41: 249693 | P41: =P40 -> 246676.99 | Q41: =Q40 -> 242598.11 | T41: =T40 -> 245480.1 | U41: =U40 -> 244472.43
B42: 21 Gävleborg county | C42: 276220 | D42: 276508 | E42: 276130 | F42: 276637 | G42: 277970 | H42: 279991 | I42: 281815 | J42: 284586 | K42: 285637 | L42: 286547 | M42: 287382 | N42: 287502 | O42: 287767 | P42: 287507.95 | Q42: 286504.4 | T42: {=TREND($C42:$Q42,$C$39:$Q$39,T$39)} -> 295697 | U42: {=TREND($C42:$Q42,$C$39:$Q$39,U$39)} -> 299451.79
B43: 22 Västernorrland county | C43: 243042 | D43: 242625 | E43: 242155 | F43: 241981 | G43: 242156 | H43: 243061 | I43: 243897 | J43: 245572 | K43: 245968 | L43: 245453 | M43: 245347 | N43: 244554 | O43: 244193 | P43: 241393.47 | Q43: 236925.78 | T43: {=TREND($C43:$Q43,$C$39:$Q$39,T$39)} -> 240965.8 | U43: {=TREND($C43:$Q43,$C$39:$Q$39,U$39)} -> 240320.07
B44: 23 Jämtland county | C44: 126666 | D44: 126691 | E44: 126299 | F44: 126201 | G44: 126461 | H44: 126765 | I44: 127376 | J44: 128673 | K44: 129806 | L44: 130280 | M44: 130810 | N44: 131155 | O44: 132054 | P44: 132009.36 | Q44: 131952.29 | T44: {=TREND($C44:$Q44,$C$39:$Q$39,T$39)} -> 135669.21 | U44: {=TREND($C44:$Q44,$C$39:$Q$39,U$39)} -> 137612.72
B45: 24 Västerbotten county | C45: 258548 | D45: 259286 | E45: 259667 | F45: 260217 | G45: 261112 | H45: 262362 | I45: 263378 | J45: 265881 | K45: 268465 | L45: 270154 | M45: 271736 | N45: 273192 | O45: 274563 | P45: 276429.34 | Q45: 279513.87 | T45: {=TREND($C45:$Q45,$C$39:$Q$39,T$39)} -> 288515.19 | U45: {=TREND($C45:$Q45,$C$39:$Q$39,U$39)} -> 294683.58
B46: SE02 | C46: =SUM(C42:C45) -> 904476 | D46: 905110 | E46: 904251 | F46: 905036 | G46: 907699 | H46: 912179 | I46: 916466 | J46: 924712 | K46: 929876 | L46: 932434 | M46: 935275 | N46: 936403 | O46: 938577 | P46: =SUM(P42:P45) -> 937340.12 | Q46: =SUM(Q42:Q45) -> 934896.34 | T46: =SUM(T42:T45) -> 960847.2 | U46: =SUM(U42:U45) -> 972068.15
B47: 01 Stockholm county | C47: 2019182 | D47: 2054343 | E47: 2091473 | F47: 2127006 | G47: 2163042 | H47: 2198044 | I47: 2231439 | J47: 2269060 | K47: 2308143 | L47: 2344124 | M47: 2377081 | N47: 2391990 | O47: 2415139 | P47: 2485769.6 | Q47: 2585007 | T47: {=TREND($C47:$Q47,$C$39:$Q$39,T$39)} -> 2788225.6 | U47: {=TREND($C47:$Q47,$C$39:$Q$39,U$39)} -> 2936365.7
B48: 03 Uppsala county | C48: 331898 | D48: 335882 | E48: 338630 | F48: 341977 | G48: 345481 | H48: 348942 | I48: 354164 | J48: 361373 | K48: 368971 | L48: 376354 | M48: 383713 | N48: 388394 | O48: 395026 | P48: 407662.81 | Q48: 426440.7 | T48: {=TREND($C48:$Q48,$C$39:$Q$39,T$39)} -> 456957.57 | U48: {=TREND($C48:$Q48,$C$39:$Q$39,U$39)} -> 482710.53
B49: 04 Södermanland county | C49: 269053 | D49: 270738 | E49: 272563 | F49: 274723 | G49: 277569 | H49: 280666 | I49: 283712 | J49: 288097 | K49: 291341 | L49: 294695 | M49: 297540 | N49: 299401 | O49: 301801 | P49: 306173.42 | Q49: 311959.39 | T49: {=TREND($C49:$Q49,$C$39:$Q$39,T$39)} -> 330605.79 | U49: {=TREND($C49:$Q49,$C$39:$Q$39,U$39)} -> 342801.5
B50: 05 Östergötland county | C50: 427106 | D50: 429642 | E50: 431075 | F50: 433784 | G50: 437848 | H50: 442105 | I50: 445661 | J50: 452105 | K50: 457496 | L50: 461583 | M50: 465495 | N50: 467158 | O50: 469704 | P50: 476486.54 | Q50: 486557.95 | T50: {=TREND($C50:$Q50,$C$39:$Q$39,T$39)} -> 510453.32 | U50: {=TREND($C50:$Q50,$C$39:$Q$39,U$39)} -> 527113.5
B51: 06 Jönköping county | C51: 336044 | D51: 336866 | E51: 337896 | F51: 339116 | G51: 341235 | H51: 344262 | I51: 347837 | J51: 352735 | K51: 357237 | L51: 360825 | M51: 363599 | N51: 365010 | O51: 367064 | P51: 371248.19 | Q51: 377059.64 | T51: {=TREND($C51:$Q51,$C$39:$Q$39,T$39)} -> 395728.73 | U51: {=TREND($C51:$Q51,$C$39:$Q$39,U$39)} -> 407902.34
B52: 14 Västra Götaland county | C52: 1569458 | D52: 1580297 | E52: 1590604 | F52: 1600447 | G52: 1615084 | H52: 1632012 | I52: 1648682 | J52: 1671783 | K52: 1690782 | L52: 1709814 | M52: 1725881 | N52: 1734443 | O52: 1744859 | P52: 1775156.9 | Q52: 1817974 | T52: {=TREND($C52:$Q52,$C$39:$Q$39,T$39)} -> 1913465.8 | U52: {=TREND($C52:$Q52,$C$39:$Q$39,U$39)} -> 1982067.2
B53: 17 Värmland county | C53: 273257 | D53: 273265 | E53: 272736 | F53: 273080 | G53: 273815 | H53: 274691 | I53: 275904 | J53: 279334 | K53: 280399 | L53: 281482 | M53: 282414 | N53: 282885 | O53: 283196 | P53: 282635.23 | Q53: 281936.58 | T53: {=TREND($C53:$Q53,$C$39:$Q$39,T$39)} -> 289804.79 | U53: {=TREND($C53:$Q53,$C$39:$Q$39,U$39)} -> 293164.37
B54: 18 Örebro county | C54: 278882 | D54: 280230 | E54: 281572 | F54: 283113 | G54: 285395 | H54: 288150 | I54: 291012 | J54: 294941 | K54: 298907 | L54: 302252 | M54: 304805 | N54: 305643 | O54: 306792 | P54: 309956.51 | Q54: 314959.27 | T54: {=TREND($C54:$Q54,$C$39:$Q$39,T$39)} -> 331804.59 | U54: {=TREND($C54:$Q54,$C$39:$Q$39,U$39)} -> 342309.54
B55: 19 Västmanland county | C55: 251353 | D55: 252756 | E55: 254257 | F55: 256224 | G55: 259054 | H55: 261703 | I55: 264276 | J55: 267629 | K55: 271095 | L55: 273929 | M55: 275845 | N55: 277141 | O55: 278967 | P55: 283069.6 | Q55: 288659.61 | T55: {=TREND($C55:$Q55,$C$39:$Q$39,T$39)} -> 304340.57 | U55: {=TREND($C55:$Q55,$C$39:$Q$39,U$39)} -> 314820.54
B56: 20 Dalarna county | C56: 276454 | D56: 277047 | E56: 276565 | F56: 276555 | G56: 277349 | H56: 278903 | I56: 281028 | J56: 284531 | K56: 286165 | L56: 287191 | M56: 287966 | N56: 287676 | O56: 288387 | P56: 289007.31 | Q56: 288986.77 | T56: {=TREND($C56:$Q56,$C$39:$Q$39,T$39)} -> 297975.37 | U56: {=TREND($C56:$Q56,$C$39:$Q$39,U$39)} -> 302284.9
B57: 08 Kalmar county | C57: 233639 | D57: 233536 | E57: 233090 | F57: 233548 | G57: 233874 | H57: 235598 | I57: 237679 | J57: 242301 | K57: 243536 | L57: 244670 | M57: 245446 | N57: 246010 | O57: 247175 | P57: 247007.42 | Q57: 246693.48 | T57: {=TREND($C57:$Q57,$C$39:$Q$39,T$39)} -> 256879.87 | U57: {=TREND($C57:$Q57,$C$39:$Q$39,U$39)} -> 261639.32
B58: 09 Gotland county | C58: 57221 | D58: 57269 | E58: 57308 | F58: 57241 | G58: 57161 | H58: 57255 | I58: 57391 | J58: 58003 | K58: 58595 | L58: 59249 | M58: 59686 | N58: 60124 | O58: 61001 | P58: 61930.469 | Q58: 63210.654 | T58: {=TREND($C58:$Q58,$C$39:$Q$39,T$39)} -> 64821.735 | U58: {=TREND($C58:$Q58,$C$39:$Q$39,U$39)} -> 66533.203
B59: SE03 | C59: =SUM(C47:C58) -> 6323547 | D59: 6381871 | E59: 6437769 | F59: 6496814 | G59: 6566907 | H59: 6642331 | I59: 6718785 | J59: 6821892 | K59: 6912667 | L59: 6996168 | M59: 7069471 | N59: 7105875 | O59: 7159111 | P59: =SUM(P47:P58) -> 7296104 | Q59: =SUM(Q47:Q58) -> 7489445 | T59: =SUM(T47:T58) -> 7941063.8 | U59: =SUM(U47:U58) -> 8259712.6
B60: 10 Blekinge county | C60: 152591 | D60: 153227 | E60: 152979 | F60: 152315 | G60: 152757 | H60: 154157 | I60: 156253 | J60: 158453 | K60: 159371 | L60: 159684 | M60: 159606 | N60: 159056 | O60: 158937 | P60: 158261.32 | Q60: 157129 | T60: {=TREND($C60:$Q60,$C$39:$Q$39,T$39)} -> 163004.21 | U60: {=TREND($C60:$Q60,$C$39:$Q$39,U$39)} -> 164918.08
B61: 12 Skåne county | C61: 1231062 | D61: 1243329 | E61: 1252933 | F61: 1263088 | G61: 1274069 | H61: 1288908 | I61: 1303627 | J61: 1324565 | K61: 1344689 | L61: 1362164 | M61: 1377827 | N61: 1389336 | O61: 1402425 | P61: 1433436.9 | Q61: 1477704.6 | T61: {=TREND($C61:$Q61,$C$39:$Q$39,T$39)} -> 1566291.3 | U61: {=TREND($C61:$Q61,$C$39:$Q$39,U$39)} -> 1633566.3
B62: 13 Halland county | C62: 296825 | D62: 299484 | E62: 301724 | F62: 304116 | G62: 306840 | H62: 310665 | I62: 314784 | J62: 320333 | K62: 324825 | L62: 329352 | M62: 333848 | N62: 336748 | O62: 340243 | P62: 348458.62 | Q62: 359808.27 | T62: {=TREND($C62:$Q62,$C$39:$Q$39,T$39)} -> 382345.32 | U62: {=TREND($C62:$Q62,$C$39:$Q$39,U$39)} -> 399656.89
B63: 07 Kronoberg county | C63: 183162 | D63: 183940 | E63: 184654 | F63: 185887 | G63: 187156 | H63: 189128 | I63: 191369 | J63: 194628 | K63: 197519 | L63: 199886 | M63: 201469 | N63: 202263 | O63: 203340 | P63: 205071.06 | Q63: 207496.66 | T63: {=TREND($C63:$Q63,$C$39:$Q$39,T$39)} -> 220271.88 | U63: {=TREND($C63:$Q63,$C$39:$Q$39,U$39)} -> 227659.47
B64: SE04 | C64: =SUM(C60:C63) -> 1863640 | D64: 1879980 | E64: 1892290 | F64: 1905406 | G64: 1920822 | H64: 1942858 | I64: 1966033 | J64: 1997979 | K64: 2026404 | L64: 2051086 | M64: 2072750 | N64: 2087403 | O64: 2104945 | P64: =SUM(P60:P63) -> 2145227.9 | Q64: =SUM(Q60:Q63) -> 2202138.6 | T64: =SUM(T60:T63) -> 2331912.8 | U64: =SUM(U60:U63) -> 2425800.7
B65: Total | C65: =C41+C46+C59+C64 -> 9340682 | D65: 9415570 | E65: 9482855 | F65: 9555893 | G65: 9644864 | H65: 9747355 | I65: 9851017 | J65: 9995153 | K65: 10120242 | L65: 10230185 | M65: 10327589 | N65: 10379295 | O65: 10452326 | P65: =P41+P46+P59+P64 -> 10625349 | Q65: =Q41+Q46+Q59+Q64 -> 10869078 | T65: =T41+T46+T59+T64 -> 11479304 | U65: =U41+U46+U59+U64 -> 11902054
C68: 2015 | D68: 2020 | E68: 2025 | F68: 2030 | G68: 2035 | H68: 2040
B69: SE01 | C69: =H41/H$65 -> 0.02564665 | D69: =M41/M$65 -> 0.02421601 | E69: =P41/P$65 -> 0.023215895 | F69: =Q41/Q$65 -> 0.022320027 | G69: =T41/T$65 -> 0.02138458 | H69: =U41/U$65 -> 0.020540357
B70: SE02 | C70: =H46/H$65 -> 0.093582208 | D70: =M46/M$65 -> 0.090560827 | E70: =P46/P$65 -> 0.088217349 | F70: =Q46/Q$65 -> 0.086014319 | G70: =T46/T$65 -> 0.083702568 | H70: =U46/U$65 -> 0.081672303
B71: SE03 | C71: =H59/H$65 -> 0.68144958 | D71: =M59/M$65 -> 0.68452288 | E71: =P59/P$65 -> 0.68666959 | F71: =Q59/Q$65 -> 0.68905983 | G71: =T59/T$65 -> 0.69177224 | H71: =U59/U$65 -> 0.69397372
B72: SE04 | C72: =H64/H$65 -> 0.19932156 | D72: =M64/M$65 -> 0.20070028 | E72: =P64/P$65 -> 0.20189717 | F72: =Q64/Q$65 -> 0.20260583 | G72: =T64/T$65 -> 0.20314061 | H72: =U64/U$65 -> 0.20381362
B77: Heating supply. Year 2015 - 2023
B78: https://www.statistikdatabasen.scb.se/pxweb/en/ssd/START__EN__EN0105__EN0105A/OmsVarme/
C80: 2015 | D80: 2016 | E80: 2017 | F80: 2018 | G80: 2019 | H80: 2020 | I80: 2021 | J80: 2022 | K80: 2023
B81: CHP production, GWh | C81: 23408 | D81: 25570 | E81: 25930 | F81: 25427 | G81: 26497 | H81: 22269 | I81: 26471 | J81: 25868 | K81: 24681
B82: Heat only production, GWh | C82: 17974 | D82: 18604 | E82: 16915 | F82: 17947 | G82: 15867 | H82: 16126 | I82: 18902 | J82: 16826 | K82: 18508
B83: Flue gas condensation, GWh | C83: 5559 | D83: 5683 | E83: 6110 | F83: 5752 | G83: 5917 | H83: 5654 | I83: 6319 | J83: 5731 | K83: 6332
B84: Electric boilers, GWh | C84: 197 | D84: 238 | E84: 218 | F84: 192 | G84: 199 | H84: 349 | I84: 226 | J84: 193 | K84: 357
B85: Heat pumps, GWh | C85: 4925 | D85: 4491 | E85: 4347 | F85: 4354 | G85: 4294 | H85: 4704 | I85: 4533 | J85: 4150 | K85: 5235
B86: Received heat from other sectors, GWh | C86: 4467 | D86: 4827 | E86: 5342 | F86: 4777 | G86: 4889 | H86: 4630 | I86: 5906 | J86: 5250 | K86: 5406
B87: Received heat within the sector, GWh | C87: 18591 | D87: 18181 | E87: 17036 | F87: 17441 | G87: 17537 | H87: 17089 | I87: 15791 | J87: 12841 | K87: 13256
B88: Transmission losses, GWh | C88: 6825 | D88: 6908 | E88: 7069 | F88: 7100 | G88: 7628 | H88: 7650 | I88: 8250 | J88: 8305 | K88: 7805
B89: Electricity cons. for operation of heating plant excl. boilers, heat pumps, GWh | C89: 1910 | D89: 2088 | E89: 2172 | F89: 1914 | G89: 1947 | H89: 1851 | I89: 1986 | J89: 1998 | K89: 1978
B90: Electricity consumption for electric boilers, GWh | C90: 252 | D90: 299 | E90: 282 | F90: 195 | G90: 205 | H90: 351 | I90: 231 | J90: 197 | K90: 365
B91: Electricity consumption for heat pumps, GWh | C91: 1222 | D91: 1144 | E91: 1262 | F91: 1093 | G91: 1033 | H91: 1181 | I91: 1101 | J91: 980 | K91: 1298
B92: Fuel consumption for CHP production, GWh | C92: 27511 | D92: 29707 | E92: 30512 | F92: 29712 | G92: 31405 | H92: 26567 | I92: 31291 | J92: 30898 | K92: 29748
... B94: Efficiency net, percent | C94: 83.1 | D94: 83 | E94: 81.8 | F94: 82.4 | G94: 81.1 | H94: 81 | I94: 82.4 | J94: 81.5 | K94: 80.8
B105: Delivery of district heating (steam and hot water), GWh by user category and year
B106: https://www.statistikdatabasen.scb.se/pxweb/en/ssd/START__EN__EN0105__EN0105A/VarmeLev/table/tableViewLayout1/
C109: 2015 | D109: 2016 | E109: 2017 | F109: 2018 | G109: 2019 | H109: 2020 | I109: 2021 | J109: 2022 | K109: 2023 | N109: 2015 | O109: 2020 | P109: 2025 | Q109: 2030 | R109: 2035 | S109: 2040
B110: Sum | C110: 48761 | D110: 51440 | E110: 50775 | F110: 50951 | G110: 50244 | H110: 46258 | I110: 53334 | J110: 49514 | K110: 52078
B114: Total Supply, GWh | C114: =C110+C88 -> 55586 | D114: =D110+D88 -> 58348 | E114: =E110+E88 -> 57844 | F114: =F110+F88 -> 58051 | G114: =G110+G88 -> 57872 | H114: =H110+H88 -> 53908 | I114: =I110+I88 -> 61584 | J114: =J110+J88 -> 57819 | K114: =K110+K88 -> 59883 | N114: =N116*N118* N115 / AVERAGE($C$115:$K$115) -> 57257.641 | O114: =O116*O118* O115 / AVERAGE($C$115:$K$115) -> 58678.858 | P114: =P116*P118* P115 / AVERAGE($C$115:$K$115) -> 59417.118 | Q114: =Q116*Q118* Q115 / AVERAGE($C$115:$K$115) -> 59531.546 | R114: =R116*R118* R115 / AVERAGE($C$115:$K$115) -> 59180.806 | S114: =S116*S118* S115 / AVERAGE($C$115:$K$115) -> 58807.568
B115: HDD | C115: =HLOOKUP(C$109, HDD!$A$25:$AG$55, MATCH($B$2,HDD!$A$25:$A$55,0), FALSE) -> 4875.48 | D115: =HLOOKUP(D$109, HDD!$A$25:$AG$55, MATCH($B$2,HDD!$A$25:$A$55,0), FALSE) -> 5092.48 | E115: =HLOOKUP(E$109, HDD!$A$25:$AG$55, MATCH($B$2,HDD!$A$25:$A$55,0), FALSE) -> 5181.13 | F115: =HLOOKUP(F$109, HDD!$A$25:$AG$55, MATCH($B$2,HDD!$A$25:$A$55,0), FALSE) -> 5122.22 | G115: =HLOOKUP(G$109, HDD!$A$25:$AG$55, MATCH($B$2,HDD!$A$25:$A$55,0), FALSE) -> 5119.61 | H115: =HLOOKUP(H$109, HDD!$A$25:$AG$55, MATCH($B$2,HDD!$A$25:$A$55,0), FALSE) -> 4592.22 | I115: =HLOOKUP(I$109, HDD!$A$25:$AG$55, MATCH($B$2,HDD!$A$25:$A$55,0), FALSE) -> 5201.47 | J115: =HLOOKUP(J$109, HDD!$A$25:$AG$55, MATCH($B$2,HDD!$A$25:$A$55,0), FALSE) -> 4919.42 | K115: =HLOOKUP(K$109, HDD!$A$25:$AG$55, MATCH($B$2,HDD!$A$25:$A$55,0), FALSE) -> 5180.32 | N115: =HLOOKUP(N$109, HDD!$AA$25:$AG$55, MATCH($B$2,HDD!$A$25:$A$55,0), FALSE) -> 5102.4648 | O115: =HLOOKUP(O$109, HDD!$AA$25:$AG$55, MATCH($B$2,HDD!$A$25:$A$55,0), FALSE) -> 5057.3263 | P115: =HLOOKUP(P$109, HDD!$AA$25:$AG$55, MATCH($B$2,HDD!$A$25:$A$55,0), FALSE) -> 5012.1879 | Q115: =HLOOKUP(Q$109, HDD!$A$25:$AG$55, MATCH($B$2,HDD!$A$25:$A$55,0), FALSE) -> 4967.0495 | R115: =HLOOKUP(R$109, HDD!$A$25:$AG$55, MATCH($B$2,HDD!$A$25:$A$55,0), FALSE) -> 4921.911 | S115: =HLOOKUP(S$109, HDD!$A$25:$AG$55, MATCH($B$2,HDD!$A$25:$A$55,0), FALSE) -> 4876.7726
B116: POP | C116: =HLOOKUP(C$109, POP!$A$27:$AC$63, MATCH($B$2, POP!$A$27:$A$63,0), FALSE) -> 9799186 | D116: =HLOOKUP(D$109, POP!$A$27:$AC$63, MATCH($B$2, POP!$A$27:$A$63,0), FALSE) -> 9923085 | E116: =HLOOKUP(E$109, POP!$A$27:$AC$63, MATCH($B$2, POP!$A$27:$A$63,0), FALSE) -> 10057698 | F116: =HLOOKUP(F$109, POP!$A$27:$AC$63, MATCH($B$2, POP!$A$27:$A$63,0), FALSE) -> 10175214 | G116: =HLOOKUP(G$109, POP!$A$27:$AC$63, MATCH($B$2, POP!$A$27:$A$63,0), FALSE) -> 10278887 | H116: =HLOOKUP(H$109, POP!$A$27:$AC$63, MATCH($B$2, POP!$A$27:$A$63,0), FALSE) -> 10353442 | I116: =HLOOKUP(I$109, POP!$A$27:$AC$63, MATCH($B$2, POP!$A$27:$A$63,0), FALSE) -> 10415811 | J116: =HLOOKUP(J$109, POP!$A$27:$AC$63, MATCH($B$2, POP!$A$27:$A$63,0), FALSE) -> 10486941 | K116: =HLOOKUP(K$109, POP!$A$27:$AC$63, MATCH($B$2, POP!$A$27:$A$63,0), FALSE) -> 10536632 | N116: =HLOOKUP(N$109, POP!$A$27:$AE$63, MATCH($B$2, POP!$A$27:$A$63,0), FALSE) -> 9799186 | O116: =HLOOKUP(O$109, POP!$A$27:$AE$63, MATCH($B$2, POP!$A$27:$A$63,0), FALSE) -> 10353442 | P116: =HLOOKUP(P$109, POP!$A$27:$AE$63, MATCH($B$2, POP!$A$27:$A$63,0), FALSE) -> 10695276 | Q116: =HLOOKUP(Q$109, POP!$A$27:$AE$63, MATCH($B$2, POP!$A$27:$A$63,0), FALSE) -> 10934036 | R116: =HLOOKUP(R$109, POP!$A$27:$AE$63, MATCH($B$2, POP!$A$27:$A$63,0), FALSE) -> 11093210 | S116: =HLOOKUP(S$109, POP!$A$27:$AE$63, MATCH($B$2, POP!$A$27:$A$63,0), FALSE) -> 11252384
B117: Normal year net production | C117: =C114/C115*AVERAGE($C$115:$K$115) -> 57365.882 | D117: =D114/D115*AVERAGE($C$115:$K$115) -> 57650.393 | E117: =E114/E115*AVERAGE($C$115:$K$115) -> 56174.531 | F117: =F114/F115*AVERAGE($C$115:$K$115) -> 57023.925 | G117: =G114/G115*AVERAGE($C$115:$K$115) -> 56877.073 | H117: =H114/H115*AVERAGE($C$115:$K$115) -> 59065.81 | I117: =I114/I115*AVERAGE($C$115:$K$115) -> 59572.719 | J117: =J114/J115*AVERAGE($C$115:$K$115) -> 59137.41 | K117: =K114/K115*AVERAGE($C$115:$K$115) -> 58163.776
B118: Normal year net DH supply / pers | C118: =C117/(C116) -> 0.0058541476 | D118: =D117/(D116) -> 0.0058097248 | E118: =E117/(E116) -> 0.0055852275 | F118: =F117/(F116) -> 0.0056041991 | G118: =G117/(G116) -> 0.0055333883 | H118: =H117/(H116) -> 0.0057049443 | I118: =I117/(I116) -> 0.0057194509 | J118: =J117/(J116) -> 0.0056391478 | K118: =K117/(K116) -> 0.0055201487 | N118: {=TREND($C$118:$K$118,$C$109:$K$109,N$109)} -> 0.0057619444 | O118: {=TREND($C$118:$K$118,$C$109:$K$109,O$109)} -> 0.0056387332 | P118: {=(TREND($C118:$K118,$C$109:$K$109,P$109) - TREND($C118:$K118,$C$109:$K$109,$K$109)) + AVERAGE(I118:K118)} -> 0.0055769646 | Q118: {=(TREND($C118:$K118,$C$109:$K$109,Q109) - TREND($C118:$K118,$C$109:$K$109,P109))/2 + P118} -> 0.005515359 | R118: {=(TREND($C118:$K118,$C$109:$K$109,R109) - TREND($C118:$K118,$C$109:$K$109,Q109))/2 + Q118} -> 0.0054537534 | S118: {=(TREND($C118:$K118,$C$109:$K$109,S109) - TREND($C118:$K118,$C$109:$K$109,R109))/2 + R118} -> 0.0053921478

Sheet Denmark
B2: Denmark
B4: Country | C4: Grid | D4: Node_suffix | E4: Scenario | F4: Year | G4: Variant | H4: TWh/year | I4: Constant_share | N4: share (%)
B5: DKW1 | C5: dheat | E5: all | F5: 2015 | H5: {=SUM($N$6:$S$7*($N$5:$S$5=$F5)*($M$6:$M$7=$B5)) * SUMIFS($N$11:$S$11,$N$10:$S$10,$F5) / 1000} -> 19.805125 | I5: 0.3 | M5: region | N5: 2015 | O5: 2020 | P5: 2025 | Q5: 2030 | R5: 2035 | S5: 2040
B6: DKE1 | C6: dheat | E6: all | F6: 2015 | H6: {=SUM($N$6:$S$7*($N$5:$S$5=$F6)*($M$6:$M$7=$B6)) * SUMIFS($N$11:$S$11,$N$10:$S$10,$F6) / 1000} -> 16.693523 | I6: =I5 -> 0.3 | M6: DKW1 | N6: =HLOOKUP(N$5,$C$44:$Z$50,6,FALSE) -> 0.54262626 | O6: =HLOOKUP(O$5,$C$44:$Z$50,6,FALSE) -> 0.53915658 | P6: =HLOOKUP(P$5,$C$44:$Z$50,6,FALSE) -> 0.53515457 | Q6: =HLOOKUP(Q$5,$C$44:$Z$50,6,FALSE) -> 0.53297905 | R6: =HLOOKUP(R$5,$C$44:$Z$50,6,FALSE) -> 0.53014955 | S6: =HLOOKUP(S$5,$C$44:$Z$50,6,FALSE) -> 0.52745405
B7: DKW1 | C7: dheat | E7: all | F7: =F5+5 -> 2020 | H7: {=SUM($N$6:$S$7*($N$5:$S$5=$F7)*($M$6:$M$7=$B7)) * SUMIFS($N$11:$S$11,$N$10:$S$10,$F7) / 1000} -> 19.97973 | I7: =I6 -> 0.3 | M7: DKE1 | N7: =HLOOKUP(N$5,$C$44:$Z$50,7,FALSE) -> 0.45737374 | O7: =HLOOKUP(O$5,$C$44:$Z$50,7,FALSE) -> 0.46084342 | P7: =HLOOKUP(P$5,$C$44:$Z$50,7,FALSE) -> 0.46484543 | Q7: =HLOOKUP(Q$5,$C$44:$Z$50,7,FALSE) -> 0.46702095 | R7: =HLOOKUP(R$5,$C$44:$Z$50,7,FALSE) -> 0.46985045 | S7: =HLOOKUP(S$5,$C$44:$Z$50,7,FALSE) -> 0.47254595
B8: DKE1 | C8: dheat | E8: all | F8: =F6+5 -> 2020 | H8: {=SUM($N$6:$S$7*($N$5:$S$5=$F8)*($M$6:$M$7=$B8)) * SUMIFS($N$11:$S$11,$N$10:$S$10,$F8) / 1000} -> 17.077649 | I8: =I7 -> 0.3
B9: DKW1 | C9: dheat | E9: all | F9: =F7+5 -> 2025 | H9: {=SUM($N$6:$S$7*($N$5:$S$5=$F9)*($M$6:$M$7=$B9)) * SUMIFS($N$11:$S$11,$N$10:$S$10,$F9) / 1000} -> 20.030689 | I9: 0.3
B10: DKE1 | C10: dheat | E10: all | F10: =F8+5 -> 2025 | H10: {=SUM($N$6:$S$7*($N$5:$S$5=$F10)*($M$6:$M$7=$B10)) * SUMIFS($N$11:$S$11,$N$10:$S$10,$F10) / 1000} -> 17.399037 | I10: =I9 -> 0.3 | N10: 2015 | O10: 2020 | P10: 2025 | Q10: 2030 | R10: 2035 | S10: 2040
B11: DKW1 | C11: dheat | E11: all | F11: =F9+5 -> 2030 | H11: {=SUM($N$6:$S$7*($N$5:$S$5=$F11)*($M$6:$M$7=$B11)) * SUMIFS($N$11:$S$11,$N$10:$S$10,$F11) / 1000} -> 19.905301 | I11: =I10 -> 0.3 | M11: Normal year, DH net production (GWh) | N11: =AB71 -> 36498.649 | O11: =AC71 -> 37057.379 | P11: =AD71 -> 37429.726 | Q11: =AE71 -> 37347.248 | R11: =AF71 -> 37092.254 | S11: =AG71 -> 36822.847
B12: DKE1 | C12: dheat | E12: all | F12: =F10+5 -> 2030 | H12: {=SUM($N$6:$S$7*($N$5:$S$5=$F12)*($M$6:$M$7=$B12)) * SUMIFS($N$11:$S$11,$N$10:$S$10,$F12) / 1000} -> 17.441947 | I12: =I11 -> 0.3
B13: DKW1 | C13: dheat | E13: all | F13: =F11+5 -> 2035 | H13: {=SUM($N$6:$S$7*($N$5:$S$5=$F13)*($M$6:$M$7=$B13)) * SUMIFS($N$11:$S$11,$N$10:$S$10,$F13) / 1000} -> 19.664442 | I13: =I12 -> 0.3
B14: DKE1 | C14: dheat | E14: all | F14: =F12+5 -> 2035 | H14: {=SUM($N$6:$S$7*($N$5:$S$5=$F14)*($M$6:$M$7=$B14)) * SUMIFS($N$11:$S$11,$N$10:$S$10,$F14) / 1000} -> 17.427812 | I14: =I13 -> 0.3
B15: DKW1 | C15: dheat | E15: all | F15: =F13+5 -> 2040 | H15: {=SUM($N$6:$S$7*($N$5:$S$5=$F15)*($M$6:$M$7=$B15)) * SUMIFS($N$11:$S$11,$N$10:$S$10,$F15) / 1000} -> 19.42236 | I15: =I14 -> 0.3
B16: DKE1 | C16: dheat | E16: all | F16: =F14+5 -> 2040 | H16: {=SUM($N$6:$S$7*($N$5:$S$5=$F16)*($M$6:$M$7=$B16)) * SUMIFS($N$11:$S$11,$N$10:$S$10,$F16) / 1000} -> 17.400487 | I16: =I15 -> 0.3
P29: https://statbank.dk/FOLK1AM
P30: Population at the first day of the quarter by marital status, age, sex,
B31: Population by sex, age, key figures, group of persons, region and time | P31: region and time
C32: 2006 | D32: 2007 | E32: 2008 | F32: 2009 | G32: 2010 | H32: 2011 | I32: 2012 | J32: 2013 | K32: 2014 | L32: 2015 | M32: 2016 | N32: 2017 | O32: 2018 | P32: 2019 | Q32: 2020 | R32: 2021 | S32: 2022 | T32: 2023 | U32: 2024 | V32: 2025
A33: DKE1 | B33: Region Hovedstaden | C33: 1633565 | D33: 1636744 | E33: 1645825 | F33: 1662285 | G33: 1680271 | H33: 1699387 | I33: 1714589 | J33: 1732068 | K33: 1749405 | L33: 1768125 | M33: 1789174 | N33: 1807404 | O33: 1822659 | P33: 1835562 | Q33: 1846023 | R33: 1855084 | S33: 1867948 | T33: 1891871 | U33: 1911067 | V33: 1930793
A34: DKE1 | B34: Region Sjælland | C34: 811511 | D34: 816117 | E34: 819427 | F34: 821252 | G34: 820564 | H34: 819763 | I34: 817907 | J34: 816359 | K34: 816726 | L34: 820480 | M34: 827499 | N34: 832553 | O34: 835024 | P34: 836738 | Q34: 837359 | R34: 838840 | S34: 843513 | T34: 849857 | U34: 852953 | V34: 854902
A35: DKW1 | B35: Region Syddanmark | C35: 1185840 | D35: 1189812 | E35: 1194659 | F35: 1199667 | G35: 1200277 | H35: 1200656 | I35: 1201342 | J35: 1201419 | K35: 1202509 | L35: 1205728 | M35: 1211770 | N35: 1217224 | O35: 1220763 | P35: 1223348 | Q35: 1223105 | R35: 1223634 | S35: 1228362 | T35: 1237413 | U35: 1238406 | V35: 1240472
A36: DKW1 | B36: Region Midtjylland | C36: 1219732 | D36: 1227422 | E36: 1237041 | F36: 1247732 | G36: 1253998 | H36: 1260993 | I36: 1266682 | J36: 1272510 | K36: 1277538 | L36: 1282750 | M36: 1293309 | N36: 1304253 | O36: 1313596 | P36: 1320678 | Q36: 1326340 | R36: 1332048 | S36: 1341857 | T36: 1358879 | U36: 1365688 | V36: 1373799
A37: DKW1 | B37: Region Nordjylland | C37: 576801 | D37: 576971 | E37: 578839 | F37: 580515 | G37: 579628 | H37: 579829 | I37: 579996 | J37: 580272 | K37: 581057 | L37: 582632 | M37: 585499 | N37: 587335 | O37: 589148 | P37: 589755 | Q37: 589936 | R37: 590439 | S37: 591740 | T37: 594634 | U37: 593135 | V37: 592768
B39: This table is no longer updated in its current form (the table is based on LPR2 and contains data up to and including 2018).
C44: 2006 | D44: 2007 | E44: 2008 | F44: 2009 | G44: 2010 | H44: 2011 | I44: 2012 | J44: 2013 | K44: 2014 | L44: 2015 | M44: 2016 | N44: 2017 | O44: 2018 | P44: 2019 | Q44: 2020 | R44: 2021 | S44: 2022 | T44: 2023 | U44: 2024 | V44: 2025 | X44: 2030 | Y44: 2035 | Z44: 2040
B45: DKW1 | C45: =SUMIFS(C$33:C$37,$A$33:$A$37,$B45) -> 2982373 | D45: =SUMIFS(D$33:D$37,$A$33:$A$37,$B45) -> 2994205 | E45: =SUMIFS(E$33:E$37,$A$33:$A$37,$B45) -> 3010539 | F45: =SUMIFS(F$33:F$37,$A$33:$A$37,$B45) -> 3027914 | G45: =SUMIFS(G$33:G$37,$A$33:$A$37,$B45) -> 3033903 | H45: =SUMIFS(H$33:H$37,$A$33:$A$37,$B45) -> 3041478 | I45: =SUMIFS(I$33:I$37,$A$33:$A$37,$B45) -> 3048020 | J45: =SUMIFS(J$33:J$37,$A$33:$A$37,$B45) -> 3054201 | ... V45: =SUMIFS(V$33:V$37,$A$33:$A$37,$B45) -> 3207039 | X45: {=TREND($M45:$V45,$M$44:$V$44,X$44)} -> 3270579.7 | Y45: {=TREND($M45:$V45,$M$44:$V$44,Y$44)} -> 3334077.8 | Z45: {=TREND($M45:$V45,$M$44:$V$44,Z$44)} -> 3397575.9
B46: DKE1 | C46: =SUMIFS(C$33:C$37,$A$33:$A$37,$B46) -> 2445076 | D46: =SUMIFS(D$33:D$37,$A$33:$A$37,$B46) -> 2452861 | E46: =SUMIFS(E$33:E$37,$A$33:$A$37,$B46) -> 2465252 | F46: =SUMIFS(F$33:F$37,$A$33:$A$37,$B46) -> 2483537 | G46: =SUMIFS(G$33:G$37,$A$33:$A$37,$B46) -> 2500835 | H46: =SUMIFS(H$33:H$37,$A$33:$A$37,$B46) -> 2519150 | I46: =SUMIFS(I$33:I$37,$A$33:$A$37,$B46) -> 2532496 | J46: =SUMIFS(J$33:J$37,$A$33:$A$37,$B46) -> 2548427 | ... V46: =SUMIFS(V$33:V$37,$A$33:$A$37,$B46) -> 2785695 | X46: {=TREND($M46:$V46,$M$44:$V$44,X$44)} -> 2865833.5 | Y46: {=TREND($M46:$V46,$M$44:$V$44,Y$44)} -> 2954860.4 | Z46: {=TREND($M46:$V46,$M$44:$V$44,Z$44)} -> 3043887.4
B47: Total | C47: =SUM(C45:C46) -> 5427449 | D47: =SUM(D45:D46) -> 5447066 | E47: =SUM(E45:E46) -> 5475791 | F47: =SUM(F45:F46) -> 5511451 | G47: =SUM(G45:G46) -> 5534738 | H47: =SUM(H45:H46) -> 5560628 | I47: =SUM(I45:I46) -> 5580516 | J47: =SUM(J45:J46) -> 5602628 | ... V47: =SUM(V45:V46) -> 5992734 | X47: =SUM(X45:X46) -> 6136413.2 | Y47: =SUM(Y45:Y46) -> 6288938.2 | Z47: =SUM(Z45:Z46) -> 6441463.2
B49: DKW1 | C49: =C45/C$47 -> 0.54949812 | D49: =D45/D$47 -> 0.54969134 | E49: =E45/E$47 -> 0.54979071 | F49: =F45/F$47 -> 0.549386 | G49: =G45/G$47 -> 0.54815657 | H49: =H45/H$47 -> 0.54696664 | I49: =I45/I$47 -> 0.54618964 | J49: =J45/J$47 -> 0.54513721 | ... V49: =V45/V$47 -> 0.53515457 | X49: =X45/X$47 -> 0.53297905 | Y49: =Y45/Y$47 -> 0.53014955 | Z49: =Z45/Z$47 -> 0.52745405
B50: DKE1 | C50: =C46/C$47 -> 0.45050188 | D50: =D46/D$47 -> 0.45030866 | E50: =E46/E$47 -> 0.45020929 | F50: =F46/F$47 -> 0.450614 | G50: =G46/G$47 -> 0.45184343 | H50: =H46/H$47 -> 0.45303336 | I50: =I46/I$47 -> 0.45381036 | J50: =J46/J$47 -> 0.45486279 | ... V50: =V46/V$47 -> 0.46484543 | X50: =X46/X$47 -> 0.46702095 | Y50: =Y46/Y$47 -> 0.46985045 | Z50: =Z46/Z$47 -> 0.47254595
B54: https://www.statbank.dk/INDAMP01
B56: Energy Account in GJ (summary table) by type of energy, supply and use
B57: and time
C58: 2000 | D58: 2001 | E58: 2002 | F58: 2003 | G58: 2004 | H58: 2005 | I58: 2006 | J58: 2007 | K58: 2008 | L58: 2009 | M58: 2010 | N58: 2011 | O58: 2012 | P58: 2013 | Q58: 2014 | R58: 2015 | S58: 2016 | T58: 2017 | U58: 2018 | V58: 2019 | W58: 2020 | X58: 2021 | Y58: 2022 | Z58: 2023 | AB58: 2015 | AC58: 2020 | AD58: 2025 | AE58: 2030 | AF58: 2035 | AG58: 2040
B59: District heat
B60: Total supply | C60: 118191710 | D60: 127591954 | E60: 126096476 | F60: 129657990 | G60: 129012619 | H60: 127164593 | I60: 126371188 | J60: 123246968 | K60: 126141496 | L60: 128973862 | M60: 148964328 | N60: 131725231 | O60: 135613583 | P60: 133472780 | Q60: 119991730 | R60: 129268770 | S60: 134290844 | T60: 135053501 | U60: 134191853 | V60: 130587672 | W60: 127822998 | X60: 141033844 | Y60: 128877696 | Z60: 130981976
B61: Imports | C61: 0 | D61: 0 | E61: 0 | F61: 0 | G61: 0 | H61: 0 | I61: 0 | J61: 0 | K61: 0 | L61: 0 | M61: 0 | N61: 0 | O61: 0 | P61: 0 | Q61: 0 | R61: 0 | S61: 128149 | T61: 123744 | U61: 113520 | V61: 106650 | W61: 107088 | X61: 110959 | Y61: 102061 | Z61: 102061
B62: Production etc | C62: 118191710 | D62: 127591954 | E62: 126096476 | F62: 129657990 | G62: 129012619 | H62: 127164593 | I62: 126371188 | J62: 123246968 | K62: 126141496 | L62: 128973862 | M62: 148964328 | N62: 131725231 | O62: 135613583 | P62: 133472780 | Q62: 119991730 | R62: 129268770 | S62: 134162695 | T62: 134929757 | U62: 134078333 | V62: 130481021 | W62: 127715910 | X62: 140922884 | Y62: 128775635 | Z62: 130879914
B63: Total use | C63: 118191710 | D63: 127591954 | E63: 126096476 | F63: 129657990 | G63: 129012619 | H63: 127164593 | I63: 126371188 | J63: 123246968 | K63: 126141496 | L63: 128973862 | M63: 148964328 | N63: 131725231 | O63: 135613583 | P63: 133472780 | Q63: 119991730 | R63: 129268770 | S63: 134290844 | T63: 135053501 | U63: 134191853 | V63: 130587672 | W63: 127822998 | X63: 141033844 | Y63: 128877696 | Z63: 130981976
B64: Exports | C64: 0 | D64: 0 | E64: 0 | F64: 0 | G64: 0 | H64: 0 | I64: 0 | J64: 0 | K64: 0 | L64: 0 | M64: 0 | N64: 0 | O64: 0 | P64: 0 | Q64: 0 | R64: 0 | S64: 0 | T64: 0 | U64: 0 | V64: 0 | W64: 0 | X64: 0 | Y64: 0 | Z64: 0
B65: Changes in inventories | C65: 0 | D65: 0 | E65: 0 | F65: 0 | G65: 0 | H65: 0 | I65: 0 | J65: 0 | K65: 0 | L65: 0 | M65: 0 | N65: 0 | O65: 0 | P65: 0 | Q65: 0 | R65: 0 | S65: 0 | T65: 0 | U65: 0 | V65: 0 | W65: 0 | X65: 0 | Y65: 0 | Z65: 0
B66: Distribution losses etc. | C66: 23522874 | D66: 25396791 | E66: 25097639 | F66: 25809998 | G66: 25678524 | H66: 25310476 | I66: 25151878 | J66: 24530994 | K66: 25105899 | L66: 25672372 | M66: 29655848 | N66: 26223997 | O66: 26995662 | P66: 26809288 | Q66: 24120499 | R66: 26317898 | S66: 26858169 | T66: 27010700 | U66: 26838371 | V66: 26117534 | W66: 25564600 | X66: 28206769 | Y66: 25775539 | Z66: 26056395
B67: Industries and households | C67: 94668836 | D67: 102195163 | E67: 100998837 | F67: 103847992 | G67: 103334095 | H67: 101854116 | I67: 101219310 | J67: 98715975 | K67: 101035597 | L67: 103301490 | M67: 119308479 | N67: 105501233 | O67: 108617921 | P67: 106663492 | Q67: 95871231 | R67: 102950872 | S67: 107432675 | T67: 108042801 | U67: 107353483 | V67: 104470137 | W67: 102258399 | X67: 112827075 | Y67: 103102157 | Z67: 104925580
B71: Total Supply (GWh) | C71: =C60/3.6/1000 -> 32831.031 | D71: =D60/3.6/1000 -> 35442.209 | E71: =E60/3.6/1000 -> 35026.799 | F71: =F60/3.6/1000 -> 36016.108 | G71: =G60/3.6/1000 -> 35836.839 | H71: =H60/3.6/1000 -> 35323.498 | I71: =I60/3.6/1000 -> 35103.108 | J71: =J60/3.6/1000 -> 34235.269 | ... Z71: =Z60/3.6/1000 -> 36383.882 | AB71: =AB73*AB75* AB72 / AVERAGE($C72:$Z72) -> 36498.649 | AC71: =AC73*AC75* AC72 / AVERAGE($C72:$Z72) -> 37057.379 | AD71: =AD73*AD75* AD72 / AVERAGE($C72:$Z72) -> 37429.726 | AE71: =AE73*AE75* AE72 / AVERAGE($C72:$Z72) -> 37347.248 | AF71: =AF73*AF75* AF72 / AVERAGE($C72:$Z72) -> 37092.254 | AG71: =AG73*AG75* AG72 / AVERAGE($C72:$Z72) -> 36822.847
B72: HDD | C72: =HLOOKUP(C$58, HDD!$A$25:$AG$55, MATCH($B$2,HDD!$A$25:$A$55,0), FALSE) -> 3112.07 | D72: =HLOOKUP(D$58, HDD!$A$25:$AG$55, MATCH($B$2,HDD!$A$25:$A$55,0), FALSE) -> 3494.43 | E72: =HLOOKUP(E$58, HDD!$A$25:$AG$55, MATCH($B$2,HDD!$A$25:$A$55,0), FALSE) -> 3189.34 | F72: =HLOOKUP(F$58, HDD!$A$25:$AG$55, MATCH($B$2,HDD!$A$25:$A$55,0), FALSE) -> 3325.61 | G72: =HLOOKUP(G$58, HDD!$A$25:$AG$55, MATCH($B$2,HDD!$A$25:$A$55,0), FALSE) -> 3309.22 | H72: =HLOOKUP(H$58, HDD!$A$25:$AG$55, MATCH($B$2,HDD!$A$25:$A$55,0), FALSE) -> 3261.34 | I72: =HLOOKUP(I$58, HDD!$A$25:$AG$55, MATCH($B$2,HDD!$A$25:$A$55,0), FALSE) -> 3084.26 | J72: =HLOOKUP(J$58, HDD!$A$25:$AG$55, MATCH($B$2,HDD!$A$25:$A$55,0), FALSE) -> 3000.97 | ... Z72: =HLOOKUP(Z$58, HDD!$A$25:$AG$55, MATCH($B$2,HDD!$A$25:$A$55,0), FALSE) -> 3034.4 | AB72: =HLOOKUP(AB$58, HDD!$AA$25:$AG$55, MATCH($B$2,HDD!$A$25:$A$55,0), FALSE) -> 3148.563 | AC72: =HLOOKUP(AC$58, HDD!$AA$25:$AG$55, MATCH($B$2,HDD!$A$25:$A$55,0), FALSE) -> 3093.2281 | AD72: =HLOOKUP(AD$58, HDD!$AA$25:$AG$55, MATCH($B$2,HDD!$A$25:$A$55,0), FALSE) -> 3037.8931 | AE72: =HLOOKUP(AE$58, HDD!$A$25:$AG$55, MATCH($B$2,HDD!$A$25:$A$55,0), FALSE) -> 2982.5582 | AF72: =HLOOKUP(AF$58, HDD!$A$25:$AG$55, MATCH($B$2,HDD!$A$25:$A$55,0), FALSE) -> 2927.2232 | AG72: =HLOOKUP(AG$58, HDD!$A$25:$AG$55, MATCH($B$2,HDD!$A$25:$A$55,0), FALSE) -> 2871.8882
B73: POP | C73: =HLOOKUP(C$58, POP!$A$27:$AE$63, MATCH($B$2, POP!$A$27:$A$63,0), FALSE) -> 5339616 | D73: =HLOOKUP(D$58, POP!$A$27:$AE$63, MATCH($B$2, POP!$A$27:$A$63,0), FALSE) -> 5358783 | E73: =HLOOKUP(E$58, POP!$A$27:$AE$63, MATCH($B$2, POP!$A$27:$A$63,0), FALSE) -> 5375931 | F73: =HLOOKUP(F$58, POP!$A$27:$AE$63, MATCH($B$2, POP!$A$27:$A$63,0), FALSE) -> 5390574 | G73: =HLOOKUP(G$58, POP!$A$27:$AE$63, MATCH($B$2, POP!$A$27:$A$63,0), FALSE) -> 5404523 | H73: =HLOOKUP(H$58, POP!$A$27:$AE$63, MATCH($B$2, POP!$A$27:$A$63,0), FALSE) -> 5419432 | I73: =HLOOKUP(I$58, POP!$A$27:$AE$63, MATCH($B$2, POP!$A$27:$A$63,0), FALSE) -> 5437272 | J73: =HLOOKUP(J$58, POP!$A$27:$AE$63, MATCH($B$2, POP!$A$27:$A$63,0), FALSE) -> 5461438 | ... Z73: =HLOOKUP(Z$58, POP!$A$27:$AE$63, MATCH($B$2, POP!$A$27:$A$63,0), FALSE) -> 5946952 | AB73: =HLOOKUP(AB$58, POP!$A$27:$AE$63, MATCH($B$2, POP!$A$27:$A$63,0), FALSE) -> 5683483 | AC73: =HLOOKUP(AC$58, POP!$A$27:$AE$63, MATCH($B$2, POP!$A$27:$A$63,0), FALSE) -> 5831404 | AD73: =HLOOKUP(AD$58, POP!$A$27:$AE$63, MATCH($B$2, POP!$A$27:$A$63,0), FALSE) -> 5962919.4 | AE73: =HLOOKUP(AE$58, POP!$A$27:$AE$63, MATCH($B$2, POP!$A$27:$A$63,0), FALSE) -> 6038540.3 | AF73: =HLOOKUP(AF$58, POP!$A$27:$AE$63, MATCH($B$2, POP!$A$27:$A$63,0), FALSE) -> 6088954.3 | AG73: =HLOOKUP(AG$58, POP!$A$27:$AE$63, MATCH($B$2, POP!$A$27:$A$63,0), FALSE) -> 6139368.3
B74: Normal year net production | C74: =C71/C72*AVERAGE($C$72:$Z$72) -> 33624.649 | D74: =D71/D72*AVERAGE($C$72:$Z$72) -> 32327.122 | E74: =E71/E72*AVERAGE($C$72:$Z$72) -> 35004.367 | F74: =F71/F72*AVERAGE($C$72:$Z$72) -> 34518.194 | G74: =G71/G72*AVERAGE($C$72:$Z$72) -> 34516.492 | H74: =H71/H72*AVERAGE($C$72:$Z$72) -> 34521.545 | I74: =I71/I72*AVERAGE($C$72:$Z$72) -> 36275.816 | J74: =J71/J72*AVERAGE($C$72:$Z$72) -> 36360.906 | ... Z74: =Z71/Z72*AVERAGE($C$72:$Z$72) -> 38217.195
B75: Normal year net DH supply / pers | C75: =C74/(C73) -> 0.0062972036 | D75: =D74/(D73) -> 0.0060325492 | E75: =E74/(E73) -> 0.0065113126 | F75: =F74/(F73) -> 0.0064034358 | G75: =G74/(G73) -> 0.0063865936 | H75: =H74/(H73) -> 0.0063699564 | I75: =I74/(I73) -> 0.0066716942 | J75: =J74/(J73) -> 0.0066577531 | ... Z75: =Z74/(Z73) -> 0.00642635 | AB75: {=TREND($C$75:$Z$75,$C$58:$Z$58, AB$58)} -> 0.0065008843 | AC75: {=TREND($C$75:$Z$75,$C$58:$Z$58, AC$58)} -> 0.0065480536 | AD75: {=(TREND($C75:$Z75,$C$58:$Z$58,AD$58) - TREND($C75:$Z75,$C$58:$Z$58,$Z$58))/2 + TREND($C75:$Z75,$C$58:$Z$58,$Z$58)} -> 0.0065857891 | AE75: {=(TREND($C75:$Z75,$C$58:$Z$58,AE$58) - TREND($C75:$Z75,$C$58:$Z$58,$Z$58))/2 + TREND($C75:$Z75,$C$58:$Z$58,$Z$58)} -> 0.0066093737 | AF75: {=(TREND($C75:$Z75,$C$58:$Z$58,AF$58) - TREND($C75:$Z75,$C$58:$Z$58,$Z$58))/2 + TREND($C75:$Z75,$C$58:$Z$58,$Z$58)} -> 0.0066329584 | AG75: {=(TREND($C75:$Z75,$C$58:$Z$58,AG$58) - TREND($C75:$Z75,$C$58:$Z$58,$Z$58))/2 + TREND($C75:$Z75,$C$58:$Z$58,$Z$58)} -> 0.0066565431

Sheet Poland
B2: Poland
B4: Country | C4: Grid | D4: Node_suffix | E4: Scenario | F4: Year | G4: Variant | H4: TWh/year | I4: Constant_share
B5: PL00 | C5: dheat | E5: all | F5: 2015 | H5: {=TRANSPOSE(N15:S15)/1000} -> 105.45686 | I5: 0.3
B6: PL00 | C6: dheat | E6: all | F6: =F5+5 -> 2020 | H6: 104.49221 | I6: =I5 -> 0.3
B7: PL00 | C7: dheat | E7: all | F7: =F6+5 -> 2025 | H7: 102.75009 | I7: 0.3
B8: PL00 | C8: dheat | E8: all | F8: =F7+5 -> 2030 | H8: 100.82674 | I8: =I7 -> 0.3
B9: PL00 | C9: dheat | E9: all | F9: =F8+5 -> 2035 | H9: 99.052833 | I9: =I8 -> 0.3
B10: PL00 | C10: dheat | E10: all | F10: =F9+5 -> 2040 | H10: 97.218765 | I10: =I9 -> 0.3
N14: 2015 | O14: 2020 | P14: 2025 | Q14: 2030 | R14: 2035 | S14: 2040
M15: Normal year net production (GWh) | N15: =Q33 -> 105456.86 | O15: =R33 -> 104492.21 | P15: =S33 -> 102750.09 | Q15: =T33 -> 100826.74 | R15: =U33 -> 99052.833 | S15: =V33 -> 97218.765
B24: Produkcja ciepła = Tuotettu lämpö
B25: Thermal energy in numbers - Energy Regulatory Office
B27: year | C27: 2012 | D27: 2013 | E27: 2014 | F27: 2015 | G27: 2016 | H27: 2017 | I27: 2018 | J27: 2019 | K27: 2020 | L27: 2021 | M27: 2022 | N27: 2023 | O27: 2024 | Q27: 2015 | R27: 2020 | S27: 2025 | T27: 2030 | U27: 2035 | V27: 2040
B28: TJ | C28: 399674 | D28: 395035.1 | E28: 360210.6 | F28: 359551.6 | G28: 383783 | H28: 395596.9 | I28: 376010.2 | J28: 365629 | K28: 358710 | L28: 390579.9 | M28: 370611.3 | N28: 346087 | O28: 335486.9
B29: GWh | C29: =0.27777777*C28 -> 111020.55 | D29: =0.27777777*D28 -> 109731.97 | E29: =0.27777777*E28 -> 100058.5 | F29: =0.27777777*F28 -> 99875.442 | G29: =0.27777777*G28 -> 106606.39 | H29: =0.27777777*H28 -> 109888.02 | I29: =0.27777777*I28 -> 104447.27 | J29: =0.27777777*J28 -> 101563.61 | ... O29: =0.27777777*O28 -> 93190.803
B33: Total Supply, GWh | C33: =C29 -> 111020.55 | D33: =D29 -> 109731.97 | E33: =E29 -> 100058.5 | F33: =F29 -> 99875.442 | G33: =G29 -> 106606.39 | H33: =H29 -> 109888.02 | I33: =I29 -> 104447.27 | J33: =J29 -> 101563.61 | ... O33: =O29 -> 93190.803 | Q33: =Q35*Q37* Q34 / AVERAGE($C$34:$N$34) -> 105456.86 | R33: =R35*R37* R34 / AVERAGE($C$34:$N$34) -> 104492.21 | S33: =S35*S37* S34 / AVERAGE($C$34:$N$34) -> 102750.09 | T33: =T35*T37* T34 / AVERAGE($C$34:$N$34) -> 100826.74 | U33: =U35*U37* U34 / AVERAGE($C$34:$N$34) -> 99052.833 | V33: =V35*V37* V34 / AVERAGE($C$34:$N$34) -> 97218.765
B34: HDD | C34: =HLOOKUP(C$27, HDD!$A$25:$AG$55, MATCH($B$2,HDD!$A$25:$A$55,0), FALSE) -> 3551.16 | D34: =HLOOKUP(D$27, HDD!$A$25:$AG$55, MATCH($B$2,HDD!$A$25:$A$55,0), FALSE) -> 3502.91 | E34: =HLOOKUP(E$27, HDD!$A$25:$AG$55, MATCH($B$2,HDD!$A$25:$A$55,0), FALSE) -> 3094.64 | F34: =HLOOKUP(F$27, HDD!$A$25:$AG$55, MATCH($B$2,HDD!$A$25:$A$55,0), FALSE) -> 3112.56 | G34: =HLOOKUP(G$27, HDD!$A$25:$AG$55, MATCH($B$2,HDD!$A$25:$A$55,0), FALSE) -> 3286.01 | H34: =HLOOKUP(H$27, HDD!$A$25:$AG$55, MATCH($B$2,HDD!$A$25:$A$55,0), FALSE) -> 3288.37 | I34: =HLOOKUP(I$27, HDD!$A$25:$AG$55, MATCH($B$2,HDD!$A$25:$A$55,0), FALSE) -> 3123.43 | J34: =HLOOKUP(J$27, HDD!$A$25:$AG$55, MATCH($B$2,HDD!$A$25:$A$55,0), FALSE) -> 2951.82 | ... O34: =HLOOKUP(O$27, HDD!$A$25:$AG$55, MATCH($B$2,HDD!$A$25:$A$55,0), FALSE) -> #N/A | Q34: =HLOOKUP(Q$27, HDD!$AA$25:$AG$55, MATCH($B$2,HDD!$A$25:$A$55,0), FALSE) -> 3270.0192 | R34: =HLOOKUP(R$27, HDD!$AA$25:$AG$55, MATCH($B$2,HDD!$A$25:$A$55,0), FALSE) -> 3189.4781 | S34: =HLOOKUP(S$27, HDD!$AA$25:$AG$55, MATCH($B$2,HDD!$A$25:$A$55,0), FALSE) -> 3108.937 | T34: =HLOOKUP(T$27, HDD!$AA$25:$AG$55, MATCH($B$2,HDD!$A$25:$A$55,0), FALSE) -> 3028.396 | U34: =HLOOKUP(U$27, HDD!$AA$25:$AG$55, MATCH($B$2,HDD!$A$25:$A$55,0), FALSE) -> 2947.8549 | V34: =HLOOKUP(V$27, HDD!$AA$25:$AG$55, MATCH($B$2,HDD!$A$25:$A$55,0), FALSE) -> 2867.3138
B35: POP | C35: =HLOOKUP(C$27, POP!$A$27:$AC$63, MATCH($B$2, POP!$A$27:$A$63,0), FALSE) -> 38063164 | D35: =HLOOKUP(D$27, POP!$A$27:$AC$63, MATCH($B$2, POP!$A$27:$A$63,0), FALSE) -> 38040196 | E35: =HLOOKUP(E$27, POP!$A$27:$AC$63, MATCH($B$2, POP!$A$27:$A$63,0), FALSE) -> 38011735 | F35: =HLOOKUP(F$27, POP!$A$27:$AC$63, MATCH($B$2, POP!$A$27:$A$63,0), FALSE) -> 37986412 | G35: =HLOOKUP(G$27, POP!$A$27:$AC$63, MATCH($B$2, POP!$A$27:$A$63,0), FALSE) -> 37970087 | H35: =HLOOKUP(H$27, POP!$A$27:$AC$63, MATCH($B$2, POP!$A$27:$A$63,0), FALSE) -> 37974826 | I35: =HLOOKUP(I$27, POP!$A$27:$AC$63, MATCH($B$2, POP!$A$27:$A$63,0), FALSE) -> 37974750 | J35: =HLOOKUP(J$27, POP!$A$27:$AC$63, MATCH($B$2, POP!$A$27:$A$63,0), FALSE) -> 37965475 | ... O35: =HLOOKUP(O$27, POP!$A$27:$AC$63, MATCH($B$2, POP!$A$27:$A$63,0), FALSE) -> #N/A | Q35: =HLOOKUP(Q$27, POP!$A$27:$AE$63, MATCH($B$2, POP!$A$27:$A$63,0), FALSE) -> 37986412 | R35: =HLOOKUP(R$27, POP!$A$27:$AE$63, MATCH($B$2, POP!$A$27:$A$63,0), FALSE) -> 37515748 | S35: =HLOOKUP(S$27, POP!$A$27:$AE$63, MATCH($B$2, POP!$A$27:$A$63,0), FALSE) -> 37021936 | T35: =HLOOKUP(T$27, POP!$A$27:$AE$63, MATCH($B$2, POP!$A$27:$A$63,0), FALSE) -> 36794401 | U35: =HLOOKUP(U$27, POP!$A$27:$AE$63, MATCH($B$2, POP!$A$27:$A$63,0), FALSE) -> 36642712 | V35: =HLOOKUP(V$27, POP!$A$27:$AE$63, MATCH($B$2, POP!$A$27:$A$63,0), FALSE) -> 36491022
B36: Normal year net production | C36: =C33/C34*AVERAGE($C$34:$K$34) -> 100447.03 | D36: =D33/D34*AVERAGE($C$34:$K$34) -> 100648.7 | E36: =E33/E34*AVERAGE($C$34:$K$34) -> 103883.8 | F36: =F33/F34*AVERAGE($C$34:$K$34) -> 103096.74 | G36: =G33/G34*AVERAGE($C$34:$K$34) -> 104236.14 | H36: =H33/H34*AVERAGE($C$34:$K$34) -> 107367.7 | I36: =I33/I34*AVERAGE($C$34:$K$34) -> 107440.82 | J36: =J33/J34*AVERAGE($C$34:$K$34) -> 110548.34 | ... O36: =O33/O34*AVERAGE($C$34:$K$34) -> #N/A
B37: Normal year net DH supply / pers | C37: =C36/(C35) -> 0.0026389565 | D37: =D36/(D35) -> 0.0026458512 | E37: =E36/(E35) -> 0.0027329401 | F37: =F36/(F35) -> 0.0027140427 | G37: =G36/(G35) -> 0.0027452172 | H37: =H36/(H35) -> 0.0028273389 | I37: =I36/(I35) -> 0.0028292699 | J37: =J36/(J35) -> 0.0029118123 | ... O37: =O36/(O35) -> #N/A | Q37: {=TREND($C$37:$N$37,$C$27:$N$27,Q$27)} -> 0.002729546 | R37: {=TREND($C$37:$N$37,$C$27:$N$27,R$27)} -> 0.0028076619 | S37: {=(TREND($C$37:$N$37,$C$27:$N$27,S$27)-TREND($C$37:$N$37,$C$27:$N$27,$N$27))/2+TREND($C$37:$N$37,$C$27:$N$27,$N$27)} -> 0.0028701546 | T37: {=(TREND($C$37:$N$37,$C$27:$N$27,T$27)-TREND($C$37:$N$37,$C$27:$N$27,$N$27))/2+TREND($C$37:$N$37,$C$27:$N$27,$N$27)} -> 0.0029092126 | U37: {=(TREND($C$37:$N$37,$C$27:$N$27,U$27)-TREND($C$37:$N$37,$C$27:$N$27,$N$27))/2+TREND($C$37:$N$37,$C$27:$N$27,$N$27)} -> 0.0029482706 | V37: {=(TREND($C$37:$N$37,$C$27:$N$27,V$27)-TREND($C$37:$N$37,$C$27:$N$27,$N$27))/2+TREND($C$37:$N$37,$C$27:$N$27,$N$27)} -> 0.0029873285

Sheet Germany
B2: Germany
B4: Country | C4: Grid | D4: Node_suffix | E4: Scenario | F4: Year | G4: Variant | H4: TWh/year | I4: Constant_share
B5: DE00 | C5: dheat | E5: all | F5: 2015 | H5: {=TRANSPOSE(N15:S15)/1000} -> 86.539255 | I5: 0.3
B6: DE00 | C6: dheat | E6: all | F6: =F5+5 -> 2020 | H6: 79.922016 | I6: =I5 -> 0.3
B7: DE00 | C7: dheat | E7: all | F7: =F6+5 -> 2025 | H7: 72.78434 | I7: 0.3
B8: DE00 | C8: dheat | E8: all | F8: =F7+5 -> 2030 | H8: 65.586134 | I8: =I7 -> 0.3
B9: DE00 | C9: dheat | E9: all | F9: =F8+5 -> 2035 | H9: 58.468852 | I9: =I8 -> 0.3
B10: DE00 | C10: dheat | E10: all | F10: =F9+5 -> 2040 | H10: 51.601301 | I10: =I9 -> 0.3
N14: 2015 | O14: 2020 | P14: 2025 | Q14: 2030 | R14: 2035 | S14: 2040
M15: Normal year net production (GWh) | N15: =O33 -> 86539.255 | O15: =P33 -> 79922.016 | P15: =Q33 -> 72784.34 | Q15: =R33 -> 65586.134 | R15: =S33 -> 58468.852 | S15: =T33 -> 51601.301
B24: 4.2 Transformation input for district heating by energy source
B25: https://www.agfw.de/zahlen-und-statistiken/agfw-hauptbericht/
B26: Table 4.2
C28: 2014 | D28: 2015 | E28: 2016 | F28: 2017 | G28: 2018 | H28: 2019 | I28: 2020 | J28: 2021 | K28: 2022 | L28: 2023 | O28: 2015 | P28: 2020 | Q28: 2025 | R28: 2030 | S28: 2035 | T28: 2040
B30: TWh | C30: 77.2 | D30: 82.4 | E30: 83.7 | F30: 85.7 | G30: 82.9 | H30: 80.7 | I30: 76.8 | J30: 83.9 | K30: 74.6 | L30: 66.6
B31: GWh | C31: =C30*10^3 -> 77200 | D31: =D30*10^3 -> 82400 | E31: =E30*10^3 -> 83700 | F31: =F30*10^3 -> 85700 | G31: =G30*10^3 -> 82900 | H31: =H30*10^3 -> 80700 | I31: =I30*10^3 -> 76800 | J31: =J30*10^3 -> 83900 | ... L31: =L30*10^3 -> 66600
B33: Total Supply, GWh | C33: =C31 -> 77200 | D33: =D31 -> 82400 | E33: =E31 -> 83700 | F33: =F31 -> 85700 | G33: =G31 -> 82900 | H33: =H31 -> 80700 | I33: =I31 -> 76800 | J33: =J31 -> 83900 | ... L33: =L31 -> 66600 | O33: =O35*O37* O34 / AVERAGE($C$34:$M$34) -> 86539.255 | P33: =P35*P37* P34 / AVERAGE($C$34:$M$34) -> 79922.016 | Q33: =Q35*Q37* Q34 / AVERAGE($C$34:$M$34) -> 72784.34 | R33: =R35*R37* R34 / AVERAGE($C$34:$M$34) -> 65586.134 | S33: =S35*S37* S34 / AVERAGE($C$34:$M$34) -> 58468.852 | T33: =T35*T37* T34 / AVERAGE($C$34:$M$34) -> 51601.301
B34: HDD | C34: =HLOOKUP(C28, HDD!$A$25:$AG$55, MATCH($B$2,HDD!$A$25:$A$55,0), FALSE) -> 2659 | D34: =HLOOKUP(D28, HDD!$A$25:$AG$55, MATCH($B$2,HDD!$A$25:$A$55,0), FALSE) -> 2908.42 | E34: =HLOOKUP(E28, HDD!$A$25:$AG$55, MATCH($B$2,HDD!$A$25:$A$55,0), FALSE) -> 3009.02 | F34: =HLOOKUP(F28, HDD!$A$25:$AG$55, MATCH($B$2,HDD!$A$25:$A$55,0), FALSE) -> 2965.83 | G34: =HLOOKUP(G28, HDD!$A$25:$AG$55, MATCH($B$2,HDD!$A$25:$A$55,0), FALSE) -> 2774.95 | H34: =HLOOKUP(H28, HDD!$A$25:$AG$55, MATCH($B$2,HDD!$A$25:$A$55,0), FALSE) -> 2800.81 | I34: =HLOOKUP(I28, HDD!$A$25:$AG$55, MATCH($B$2,HDD!$A$25:$A$55,0), FALSE) -> 2741.03 | J34: =HLOOKUP(J28, HDD!$A$25:$AG$55, MATCH($B$2,HDD!$A$25:$A$55,0), FALSE) -> 3114.19 | ... L34: =HLOOKUP(L28, HDD!$A$25:$AG$55, MATCH($B$2,HDD!$A$25:$A$55,0), FALSE) -> 2661.88 | O34: =HLOOKUP(O$28, HDD!$AA$25:$AG$55, MATCH($B$2,HDD!$A$25:$A$55,0), FALSE) -> 2942.6466 | P34: =HLOOKUP(P$28, HDD!$AA$25:$AG$55, MATCH($B$2,HDD!$A$25:$A$55,0), FALSE) -> 2868.5395 | Q34: =HLOOKUP(Q$28, HDD!$AA$25:$AG$55, MATCH($B$2,HDD!$A$25:$A$55,0), FALSE) -> 2794.4323 | R34: =HLOOKUP(R$28, HDD!$AA$25:$AG$55, MATCH($B$2,HDD!$A$25:$A$55,0), FALSE) -> 2720.3251 | S34: =HLOOKUP(S$28, HDD!$AA$25:$AG$55, MATCH($B$2,HDD!$A$25:$A$55,0), FALSE) -> 2646.2179 | T34: =HLOOKUP(T$28, HDD!$AA$25:$AG$55, MATCH($B$2,HDD!$A$25:$A$55,0), FALSE) -> 2572.1108
B35: POP | C35: =HLOOKUP(C28, POP!$A$27:$AC$63, MATCH($B$2, POP!$A$27:$A$63,0), FALSE) -> 80982500 | D35: =HLOOKUP(D28, POP!$A$27:$AC$63, MATCH($B$2, POP!$A$27:$A$63,0), FALSE) -> 81686611 | E35: =HLOOKUP(E28, POP!$A$27:$AC$63, MATCH($B$2, POP!$A$27:$A$63,0), FALSE) -> 82348669 | F35: =HLOOKUP(F28, POP!$A$27:$AC$63, MATCH($B$2, POP!$A$27:$A$63,0), FALSE) -> 82657002 | G35: =HLOOKUP(G28, POP!$A$27:$AC$63, MATCH($B$2, POP!$A$27:$A$63,0), FALSE) -> 82905782 | H35: =HLOOKUP(H28, POP!$A$27:$AC$63, MATCH($B$2, POP!$A$27:$A$63,0), FALSE) -> 83092962 | I35: =HLOOKUP(I28, POP!$A$27:$AC$63, MATCH($B$2, POP!$A$27:$A$63,0), FALSE) -> 83160871 | J35: =HLOOKUP(J28, POP!$A$27:$AC$63, MATCH($B$2, POP!$A$27:$A$63,0), FALSE) -> 83196078 | ... L35: =HLOOKUP(L28, POP!$A$27:$AC$63, MATCH($B$2, POP!$A$27:$A$63,0), FALSE) -> 83901923 | O35: =HLOOKUP(O$28, POP!$A$27:$AE$63, MATCH($B$2, POP!$A$27:$A$63,0), FALSE) -> 81686611 | P35: =HLOOKUP(P$28, POP!$A$27:$AE$63, MATCH($B$2, POP!$A$27:$A$63,0), FALSE) -> 83160871 | Q35: =HLOOKUP(Q$28, POP!$A$27:$AE$63, MATCH($B$2, POP!$A$27:$A$63,0), FALSE) -> 84007402 | R35: =HLOOKUP(R$28, POP!$A$27:$AE$63, MATCH($B$2, POP!$A$27:$A$63,0), FALSE) -> 84577298 | S35: =HLOOKUP(S$28, POP!$A$27:$AE$63, MATCH($B$2, POP!$A$27:$A$63,0), FALSE) -> 84957229 | T35: =HLOOKUP(T$28, POP!$A$27:$AE$63, MATCH($B$2, POP!$A$27:$A$63,0), FALSE) -> 85337159
B36: Normal year net production | C36: =C33/C34*AVERAGE($C$34:$J$34) -> 83374.149 | D36: =D33/D34*AVERAGE($C$34:$J$34) -> 81358.427 | E36: =E33/E34*AVERAGE($C$34:$J$34) -> 79879.04 | F36: =F33/F34*AVERAGE($C$34:$J$34) -> 82978.775 | G36: =G33/G34*AVERAGE($C$34:$J$34) -> 85789.042 | H36: =H33/H34*AVERAGE($C$34:$J$34) -> 82741.3 | I36: =I33/I34*AVERAGE($C$34:$J$34) -> 80459.973 | J36: =J33/J34*AVERAGE($C$34:$J$34) -> 77365.851 | ... L36: =L33/L34*AVERAGE($C$34:$J$34) -> 71848.583
B37: Normal year net DH supply / pers | C37: =C36/(C35) -> 0.0010295329 | D37: =D36/(D35) -> 0.0009959824 | E37: =E36/(E35) -> 0.00097001009 | F37: =F36/(F35) -> 0.0010038929 | G37: =G36/(G35) -> 0.0010347776 | H37: =H36/(H35) -> 0.00099576784 | I37: =I36/(I35) -> 0.00096752201 | J37: =J36/(J35) -> 0.00092992185 | ... L37: =L36/(L35) -> 0.00085634012 | O37: {=TREND($C$37:$L$37,$C$28:$L$28,O$28)} -> 0.0010214231 | P37: {=TREND($C$37:$L$37,$C$28:$L$28,P$28)} -> 0.00095053498 | Q37: {=TREND($C$37:$L$37,$C$28:$L$28,Q$28)} -> 0.00087964682 | R37: {=TREND($C$37:$L$37,$C$28:$L$28,R$28)} -> 0.00080875866 | S37: {=TREND($C$37:$L$37,$C$28:$L$28,S$28)} -> 0.0007378705 | T37: {=TREND($C$37:$L$37,$C$28:$L$28,T$28)} -> 0.00066698234

Sheet Austria
B2: Austria
B4: Country | C4: Grid | D4: Node_suffix | E4: Scenario | F4: Year | G4: Variant | H4: TWh/year | I4: Constant_share
B5: AT00 | C5: dheat | E5: all | F5: 2015 | H5: {=TRANSPOSE(N15:S15)/1000} -> 16.42635 | I5: 0.3
B6: AT00 | C6: dheat | E6: all | F6: =F5+5 -> 2020 | H6: 18.616137 | I6: =I5 -> 0.3 | AK6: 1970 | AL6: 1971 | AM6: 1972 | AN6: 1973 | AO6: 1974 | AP6: 1975 | AQ6: 1976 | AR6: 1977 | AS6: 1978 | AT6: 1979 | AU6: 1980 | AV6: 1981 | AW6: 1982 | AX6: 1983 | AY6: 1984 | AZ6: 1985 | BA6: 1986 | BB6: 1987 | BC6: 1988 | BD6: 1989 | BE6: 1990 | BF6: 1991 | BG6: 1992 | BH6: 1993 | BI6: 1994 | BJ6: 1995 | BK6: 1996 | BL6: 1997 | BM6: 1998 | BN6: 1999 | BO6: 2000 | BP6: 2001 | BQ6: 2002 | BR6: 2003 | BS6: 2004 | BT6: 2005 | BU6: 2006 | BV6: 2007 | BW6: 2008 | BX6: 2009 | BY6: 2010 | BZ6: 2011 | CA6: 2012 | CB6: 2013 | CC6: 2014 | CD6: 2015 | CE6: 2016 | CF6: 2017 | CG6: 2018 | CH6: 2019 | CI6: 2020 | CJ6: 2021 | CK6: 2022 | CL6: 2023 | CM6: 2024
B7: AT00 | C7: dheat | E7: all | F7: =F6+5 -> 2025 | H7: 17.784725 | I7: 0.3 | AJ7: Öffentliche und Private Dienstleistungen | AK7: 597240 | AL7: 698032 | AM7: 819273 | AN7: 868721 | AO7: 887231 | AP7: 992021 | AQ7: 1121808 | AR7: 1319090 | AS7: 1522030 | AT7: 1579234 | AU7: 1704302 | AV7: 1840307 | AW7: 2139852 | AX7: 2123093 | AY7: 2178010 | AZ7: 2589581 | BA7: 2688923 | BB7: 2834159 | BC7: 2808239.8 | BD7: 2929994.8 | BE7: 3190302.1 | BF7: 3798802.3 | BG7: 3559082.6 | BH7: 3915830.2 | BI7: 3841722.2 | BJ7: 4248478.4 | BK7: 5787397.3 | BL7: 4805460.6 | BM7: 5173973.8 | BN7: 5874684.5 | BO7: 5702736.9 | BP7: 6127116.8 | BQ7: 5846212.8 | BR7: 6354237.6 | BS7: 6794571.5 | BT7: 6452532.1 | BU7: 7059094.7 | BV7: 6451940 | BW7: 7439475.8 | BX7: 7854215.7 | BY7: 8574232.7 | BZ7: 8554984.3 | CA7: 8472797.1 | CB7: 8145385.3 | CC7: 7281121.1 | CD7: 7472460.2 | CE7: 7967949.7 | CF7: 8044650.5 | CG7: 7631440.7 | CH7: 7945736.8 | CI7: 7500675.5 | CJ7: 8380801.6 | CK7: 6958657 | CL7: 6302459.4 | CM7: 6382808.5
B8: AT00 | C8: dheat | E8: all | F8: =F7+5 -> 2030 | H8: 18.619691 | I8: =I7 -> 0.3 | AJ8: Private Haushalte | AK8: 527095 | AL8: 616049 | AM8: 723051 | AN8: 766691 | AO8: 783027 | AP8: 875510 | AQ8: 990054 | AR8: 1164166 | AS8: 1343271 | AT8: 1393757 | AU8: 1504136 | AV8: 1624168 | AW8: 1888532 | AX8: 1965694 | AY8: 2100367 | AZ8: 2283021 | BA8: 2407621 | BB8: 2564782 | BC8: 2524928 | BD8: 2617641 | BE8: 2864599 | BF8: 3397946 | BG8: 3396767 | BH8: 3822477 | BI8: 3716159 | BJ8: 4194591 | BK8: 4850250 | BL8: 4739651 | BM8: 4849371 | BN8: 4765997 | BO8: 4448381.1 | BP8: 4627175.2 | BQ8: 4805969.4 | BR8: 5120522.7 | BS8: 5391797.5 | BT8: 5565676.1 | BU8: 5083522.5 | BV8: 5632087 | BW8: 5853781.8 | BX8: 6077045 | BY8: 6809101.4 | BZ8: 6803406.1 | CA8: 7624873.2 | CB8: 8503002.1 | CC8: 7939202.2 | CD8: 8752182.1 | CE8: 9178284.5 | CF8: 9749447.9 | CG8: 9198559.8 | CH8: 9002135.3 | CI8: 9788089.2 | CJ8: 10524504 | CK8: 10036189 | CL8: 10351227 | CM8: 10599664
B9: AT00 | C9: dheat | E9: all | F9: =F8+5 -> 2035 | H9: 19.313145 | I9: =I8 -> 0.3 | AJ9: Sum | AK9: =SUM(AK7:AK8) -> 1124335 | AL9: =SUM(AL7:AL8) -> 1314081 | AM9: =SUM(AM7:AM8) -> 1542324 | AN9: =SUM(AN7:AN8) -> 1635412 | AO9: =SUM(AO7:AO8) -> 1670258 | AP9: =SUM(AP7:AP8) -> 1867531 | AQ9: =SUM(AQ7:AQ8) -> 2111862 | AR9: =SUM(AR7:AR8) -> 2483256 | ... CM9: =SUM(CM7:CM8) -> 16982473
B10: AT00 | C10: dheat | E10: all | F10: =F9+5 -> 2040 | H10: 19.957404 | I10: =I9 -> 0.3
N14: 2015 | O14: 2020 | P14: 2025 | Q14: 2030 | R14: 2035 | S14: 2040
M15: Normal year net production (GWh) | N15: =AB33 -> 16426.35 | O15: =AC33 -> 18616.137 | P15: =AD33 -> 17784.725 | Q15: =AE33 -> 18619.691 | R15: =AF33 -> 19313.145 | S15: =AG33 -> 19957.404 | AM15: For Validation
AM16: https://www.iea-dhc.org/fileadmin/documents/Annex_TS3/guidebook_Appendix_B_Country_report_Austria.pdf
B24: From the provided excel: sheet "Fernwärme" (= district heating), section "Sektoraler Energetischer Endverbrauch" and lines "Private Haushalte" and "Öffenliche und Private Dienstleistungen"
B25: Energy Balances - STATISTIK AUSTRIA - The Information Managers
B26: https://www.statistik.at/fileadmin/pages/99/Austria_Daten_Publikation.ods
B27: year | C27: 2000 | D27: 2001 | E27: 2002 | F27: 2003 | G27: 2004 | H27: 2005 | I27: 2006 | J27: 2007 | K27: 2008 | L27: 2009 | M27: 2010 | N27: 2011 | O27: 2012 | P27: 2013 | Q27: 2014 | R27: 2015 | S27: 2016 | T27: 2017 | U27: 2018 | V27: 2019 | W27: 2020 | X27: 2021 | Y27: 2022 | Z27: 2023 | AB27: 2015 | AC27: 2020 | AD27: 2025 | AE27: 2030 | AF27: 2035 | AG27: 2040
B28: MWh | C28: 10151118 | D28: 10754292 | E28: 10652182 | F28: 11474760 | G28: 12186369 | H28: 12018208 | I28: 12142617 | J28: 12084027 | K28: 13293258 | L28: 13931261 | M28: 15383334 | N28: 15358390 | O28: 16097670 | P28: 16648387 | Q28: 15220323 | R28: 16224642 | S28: 17146234 | T28: 17794098 | U28: 16830001 | V28: 16947872 | W28: 17288765 | X28: 18905306 | Y28: 16994846 | Z28: 16653687
B29: GWh | C29: =C28/10^3 -> 10151.118 | D29: =D28/10^3 -> 10754.292 | E29: =E28/10^3 -> 10652.182 | F29: =F28/10^3 -> 11474.76 | G29: =G28/10^3 -> 12186.369 | H29: =H28/10^3 -> 12018.208 | I29: =I28/10^3 -> 12142.617 | J29: =J28/10^3 -> 12084.027 | ... Z29: =Z28/10^3 -> 16653.687
B33: Total Supply, GWh | C33: =C29 -> 10151.118 | D33: =D29 -> 10754.292 | E33: =E29 -> 10652.182 | F33: =F29 -> 11474.76 | G33: =G29 -> 12186.369 | H33: =H29 -> 12018.208 | I33: =I29 -> 12142.617 | J33: =J29 -> 12084.027 | ... Z33: =Z29 -> 16653.687 | AB33: =AB35*AB37* AB34 / AVERAGE($C$34:$Z$34) -> 16426.35 | AC33: =AC35*AC37* AC34 / AVERAGE($C$34:$N$34) -> 18616.137 | AD33: =AD35*AD37* AD34 / AVERAGE($C$34:$N$34) -> 17784.725 | AE33: =AE35*AE37* AE34 / AVERAGE($C$34:$N$34) -> 18619.691 | AF33: =AF35*AF37* AF34 / AVERAGE($C$34:$N$34) -> 19313.145 | AG33: =AG35*AG37* AG34 / AVERAGE($C$34:$N$34) -> 19957.404
B34: HDD | C34: =HLOOKUP(C$27, HDD!$A$25:$AG$55, MATCH($B$2,HDD!$A$25:$A$55,0), FALSE) -> 3408.97 | D34: =HLOOKUP(D$27, HDD!$A$25:$AG$55, MATCH($B$2,HDD!$A$25:$A$55,0), FALSE) -> 3747.09 | E34: =HLOOKUP(E$27, HDD!$A$25:$AG$55, MATCH($B$2,HDD!$A$25:$A$55,0), FALSE) -> 3480.79 | F34: =HLOOKUP(F$27, HDD!$A$25:$AG$55, MATCH($B$2,HDD!$A$25:$A$55,0), FALSE) -> 3703.61 | G34: =HLOOKUP(G$27, HDD!$A$25:$AG$55, MATCH($B$2,HDD!$A$25:$A$55,0), FALSE) -> 3737.74 | H34: =HLOOKUP(H$27, HDD!$A$25:$AG$55, MATCH($B$2,HDD!$A$25:$A$55,0), FALSE) -> 3853.61 | I34: =HLOOKUP(I$27, HDD!$A$25:$AG$55, MATCH($B$2,HDD!$A$25:$A$55,0), FALSE) -> 3649.35 | J34: =HLOOKUP(J$27, HDD!$A$25:$AG$55, MATCH($B$2,HDD!$A$25:$A$55,0), FALSE) -> 3363.28 | ... Z34: =HLOOKUP(Z$27, HDD!$A$25:$AG$55, MATCH($B$2,HDD!$A$25:$A$55,0), FALSE) -> 3147.64 | AB34: =HLOOKUP(AB$27, HDD!$AA$25:$AG$55, MATCH($B$2,HDD!$A$25:$A$55,0), FALSE) -> 3420.1121 | AC34: =HLOOKUP(AC$27, HDD!$AA$25:$AG$55, MATCH($B$2,HDD!$A$25:$A$55,0), FALSE) -> 3331.9788 | AD34: =HLOOKUP(AD$27, HDD!$AA$25:$AG$55, MATCH($B$2,HDD!$A$25:$A$55,0), FALSE) -> 3243.8454 | AE34: =HLOOKUP(AE$27, HDD!$AA$25:$AG$55, MATCH($B$2,HDD!$A$25:$A$55,0), FALSE) -> 3155.7121 | AF34: =HLOOKUP(AF$27, HDD!$AA$25:$AG$55, MATCH($B$2,HDD!$A$25:$A$55,0), FALSE) -> 3067.5788 | AG34: =HLOOKUP(AG$27, HDD!$AA$25:$AG$55, MATCH($B$2,HDD!$A$25:$A$55,0), FALSE) -> 2979.4455
B35: POP | C35: =HLOOKUP(C$27, POP!$A$27:$AC$63, MATCH($B$2, POP!$A$27:$A$63,0), FALSE) -> 8011566 | D35: =HLOOKUP(D$27, POP!$A$27:$AC$63, MATCH($B$2, POP!$A$27:$A$63,0), FALSE) -> 8042293 | E35: =HLOOKUP(E$27, POP!$A$27:$AC$63, MATCH($B$2, POP!$A$27:$A$63,0), FALSE) -> 8081957 | F35: =HLOOKUP(F$27, POP!$A$27:$AC$63, MATCH($B$2, POP!$A$27:$A$63,0), FALSE) -> 8121423 | G35: =HLOOKUP(G$27, POP!$A$27:$AC$63, MATCH($B$2, POP!$A$27:$A$63,0), FALSE) -> 8171966 | H35: =HLOOKUP(H$27, POP!$A$27:$AC$63, MATCH($B$2, POP!$A$27:$A$63,0), FALSE) -> 8227829 | I35: =HLOOKUP(I$27, POP!$A$27:$AC$63, MATCH($B$2, POP!$A$27:$A$63,0), FALSE) -> 8268641 | J35: =HLOOKUP(J$27, POP!$A$27:$AC$63, MATCH($B$2, POP!$A$27:$A$63,0), FALSE) -> 8295487 | ... Z35: =HLOOKUP(Z$27, POP!$A$27:$AC$63, MATCH($B$2, POP!$A$27:$A$63,0), FALSE) -> 9131761 | AB35: =HLOOKUP(AB$27, POP!$A$27:$AE$63, MATCH($B$2, POP!$A$27:$A$63,0), FALSE) -> 8642699 | AC35: =HLOOKUP(AC$27, POP!$A$27:$AE$63, MATCH($B$2, POP!$A$27:$A$63,0), FALSE) -> 8916864 | AD35: =HLOOKUP(AD$27, POP!$A$27:$AE$63, MATCH($B$2, POP!$A$27:$A$63,0), FALSE) -> 9165636.2 | AE35: =HLOOKUP(AE$27, POP!$A$27:$AE$63, MATCH($B$2, POP!$A$27:$A$63,0), FALSE) -> 9311185.3 | AF35: =HLOOKUP(AF$27, POP!$A$27:$AE$63, MATCH($B$2, POP!$A$27:$A$63,0), FALSE) -> 9408218 | AG35: =HLOOKUP(AG$27, POP!$A$27:$AE$63, MATCH($B$2, POP!$A$27:$A$63,0), FALSE) -> 9505250.8
B36: Normal year net production | C36: =C33/C34*AVERAGE($C$34:$K$34) -> 10716.278 | D36: =D33/D34*AVERAGE($C$34:$K$34) -> 10328.589 | E36: =E33/E34*AVERAGE($C$34:$K$34) -> 11013.213 | F36: =F33/F34*AVERAGE($C$34:$K$34) -> 11149.918 | G36: =G33/G34*AVERAGE($C$34:$K$34) -> 11733.255 | H36: =H33/H34*AVERAGE($C$34:$K$34) -> 11223.421 | I36: =I33/I34*AVERAGE($C$34:$K$34) -> 11974.298 | J36: =J33/J34*AVERAGE($C$34:$K$34) -> 12930.102 | ... Z36: =Z33/Z34*AVERAGE($C$34:$K$34) -> 19040.512
B37: Normal year net DH supply / pers | C37: =C36/(C35) -> 0.0013376009 | D37: =D36/(D35) -> 0.0012842841 | E37: =E36/(E35) -> 0.0013626914 | F37: =F36/(F35) -> 0.001372902 | G37: =G36/(G35) -> 0.0014357935 | H37: =H36/(H35) -> 0.0013640805 | I37: =I36/(I35) -> 0.001448158 | J37: =J36/(J35) -> 0.0015586911 | ... Z37: =Z36/(Z35) -> 0.0020850865 | AB37: {=TREND($C$37:$Z$37,$C$27:$Z$27,AB$27)} -> 0.001934888 | AC37: {=TREND($C$37:$N$37,$C$27:$N$27,AC$27)} -> 0.0022561443 | AD37: {=(TREND($C$37:$N$37,$C$27:$N$27,AD$27)-TREND($C$37:$N$37,$C$27:$N$27,$N$27))/2+TREND($C$37:$N$37,$C$27:$N$27,$N$27)} -> 0.002153853 | AE37: {=(TREND($C$37:$N$37,$C$27:$N$27,AE$27)-TREND($C$37:$N$37,$C$27:$N$27,$N$27))/2+TREND($C$37:$N$37,$C$27:$N$27,$N$27)} -> 0.0022817171 | AF37: {=(TREND($C$37:$N$37,$C$27:$N$27,AF$27)-TREND($C$37:$N$37,$C$27:$N$27,$N$27))/2+TREND($C$37:$N$37,$C$27:$N$27,$N$27)} -> 0.0024095812 | AG37: {=(TREND($C$37:$N$37,$C$27:$N$27,AG$27)-TREND($C$37:$N$37,$C$27:$N$27,$N$27))/2+TREND($C$37:$N$37,$C$27:$N$27,$N$27)} -> 0.0025374453 | AL37: Services+Residental consumption for 2018
AL38: =0.84*19.5 -> 16.38 | AM38: TWh/a

Sheet DH demand, eurostat
A1: Energy removed from district networks by customers, type of networks and efficiency of network [nrg_dhdc_e__custom_15484031]
A2: Open product page | B2: Open in Data Browser
A3: Description: | B3: -
A4: Data extracted on 20/02/2025 05:44:05 from [ESTAT]
A5: Dataset: | B5: Energy removed from district networks by customers, type of networks and efficiency of network [nrg_dhdc_e__custom_15484031]
A6: Last updated: | B6: 09/01/2025 11:00
A8: Time frequency | C8: Annual
A9: Unit of measure | C9: Terajoule
A10: Customer | C10: All customers
A11: Type of network | C11: District heating
A13: TIME | B13: TIME | C13: 2019 | D13: 2020 | E13: 2021 | F13: 2022
A14: GEO (Labels) | B14: LEV_EFCY (Labels)
A15: European Union - 27 countries (from 2020) | B15: High | C15: : | D15: 456211.6 | E15: : | F15: 475078.37
A16: European Union - 27 countries (from 2020) | B16: Low | C16: : | D16: 63627.512 | E16: : | F16: 55280.548
A17: Euro area – 20 countries (from 2023) | B17: High | C17: : | D17: 297850.16 | E17: : | F17: 315224.44
A18: Euro area – 20 countries (from 2023) | B18: Low | C18: : | D18: 41791.442 | E18: : | F18: 38836.129
A19: Belgium | B19: High | C19: : | D19: 2254.653 | E19: : | F19: :
A20: Belgium | B20: Low | C20: : | D20: 494.473 | E20: : | F20: :
A21: Bulgaria | B21: High | C21: 15142 | D21: 15349 | E21: 17077 | F21: 16340
A22: Bulgaria | B22: Low | C22: 4487 | D22: 4921 | E22: 4679 | F22: 4679
A23: Denmark | B23: High | C23: 124169.91 | D23: 119463.98 | E23: 134113.65 | F23: 125063.58
A24: Denmark | B24: Low | C24: 5671.208 | D24: 7961.574 | E24: 6310.149 | F24: 3709.449
A25: Estonia | B25: High | C25: 14114 | D25: 12020 | E25: 16059 | F25: 15078
