Workbook

Sheet unitdata
A1: Country | B1: Generator_ID | C1: unit_name_prefix | D1: Scenario | E1: Year | F1: capacity_input1 | G1: node_suffix_input1 | H1: capacity_output1 | I1: node_suffix_output1 | J1: capacity_output2 | K1: node_suffix_output2 | L1: cb | M1: cv | N1: Note | O1: method
A2: =IF(PL00!A2="","",PL00!A2) -> PL00 | B2: =IF(PL00!B2="","",PL00!B2) -> Hard coal old 1 | C2: =IF(PL00!C2="","",PL00!C2) | D2: =IF(PL00!D2="","",PL00!D2) -> all | E2: =IF(PL00!E2="","",PL00!E2) -> 2030 | F2: =IF(PL00!F2="","",PL00!F2) | G2: =IF(PL00!G2="","",PL00!G2) | H2: =IF(PL00!H2="","",PL00!H2) -> -5544.3547 | ... O2: =IF(PL00!O2="","",PL00!O2) -> add-non-negative
A3: =IF(PL00!A3="","",PL00!A3) -> PL00 | B3: =IF(PL00!B3="","",PL00!B3) -> Gas CCGT new | C3: =IF(PL00!C3="","",PL00!C3) | D3: =IF(PL00!D3="","",PL00!D3) -> all | E3: =IF(PL00!E3="","",PL00!E3) -> 2030 | F3: =IF(PL00!F3="","",PL00!F3) | G3: =IF(PL00!G3="","",PL00!G3) | H3: =IF(PL00!H3="","",PL00!H3) -> -6934.6427 | ... O3: =IF(PL00!O3="","",PL00!O3) -> add-non-negative
A4: =IF(PL00!A4="","",PL00!A4) -> PL00 | B4: =IF(PL00!B4="","",PL00!B4) -> Lignite old 1 | C4: =IF(PL00!C4="","",PL00!C4) | D4: =IF(PL00!D4="","",PL00!D4) -> all | E4: =IF(PL00!E4="","",PL00!E4) -> 2030 | F4: =IF(PL00!F4="","",PL00!F4) | G4: =IF(PL00!G4="","",PL00!G4) | H4: =IF(PL00!H4="","",PL00!H4) -> -1110.3194 | ... O4: =IF(PL00!O4="","",PL00!O4) -> add-non-negative
A5: =IF(PL00!A5="","",PL00!A5) -> PL00 | B5: =IF(PL00!B5="","",PL00!B5) -> Hard coal old 2 | C5: =IF(PL00!C5="","",PL00!C5) | D5: =IF(PL00!D5="","",PL00!D5) -> all | E5: =IF(PL00!E5="","",PL00!E5) -> 2040 | F5: =IF(PL00!F5="","",PL00!F5) | G5: =IF(PL00!G5="","",PL00!G5) | H5: =IF(PL00!H5="","",PL00!H5) -> -2172 | ... O5: =IF(PL00!O5="","",PL00!O5) -> add-non-negative
A6: =IF(PL00!A6="","",PL00!A6) -> PL00 | B6: =IF(PL00!B6="","",PL00!B6) -> Hard coal old 1 | C6: =IF(PL00!C6="","",PL00!C6) | D6: =IF(PL00!D6="","",PL00!D6) -> all | E6: =IF(PL00!E6="","",PL00!E6) -> 2040 | F6: =IF(PL00!F6="","",PL00!F6) | G6: =IF(PL00!G6="","",PL00!G6) | H6: =IF(PL00!H6="","",PL00!H6) -> -1193.0715 | ... O6: =IF(PL00!O6="","",PL00!O6) -> add-non-negative
A7: =IF(PL00!A7="","",PL00!A7) -> PL00 | B7: =IF(PL00!B7="","",PL00!B7) -> Gas CCGT new | C7: =IF(PL00!C7="","",PL00!C7) | D7: =IF(PL00!D7="","",PL00!D7) -> all | E7: =IF(PL00!E7="","",PL00!E7) -> 2040 | F7: =IF(PL00!F7="","",PL00!F7) | G7: =IF(PL00!G7="","",PL00!G7) | H7: =IF(PL00!H7="","",PL00!H7) -> -8865.1783 | ... O7: =IF(PL00!O7="","",PL00!O7) -> add-non-negative
A8: =IF(PL00!A8="","",PL00!A8) -> PL00 | B8: =IF(PL00!B8="","",PL00!B8) -> Hard coal new | C8: =IF(PL00!C8="","",PL00!C8) | D8: =IF(PL00!D8="","",PL00!D8) -> all | E8: =IF(PL00!E8="","",PL00!E8) -> 2040 | F8: =IF(PL00!F8="","",PL00!F8) | G8: =IF(PL00!G8="","",PL00!G8) | H8: =IF(PL00!H8="","",PL00!H8) -> -1912.0092 | ... O8: =IF(PL00!O8="","",PL00!O8) -> add-non-negative
A9: =IF(PL00!A9="","",PL00!A9) -> PL00 | B9: =IF(PL00!B9="","",PL00!B9) -> Lignite old 1 | C9: =IF(PL00!C9="","",PL00!C9) | D9: =IF(PL00!D9="","",PL00!D9) -> all | E9: =IF(PL00!E9="","",PL00!E9) -> 2040 | F9: =IF(PL00!F9="","",PL00!F9) | G9: =IF(PL00!G9="","",PL00!G9) | H9: =IF(PL00!H9="","",PL00!H9) -> -237 | ... O9: =IF(PL00!O9="","",PL00!O9) -> add-non-negative
A10: =IF(PL00!A10="","",PL00!A10) -> PL00 | B10: =IF(PL00!B10="","",PL00!B10) -> Lignite old 2 | C10: =IF(PL00!C10="","",PL00!C10) | D10: =IF(PL00!D10="","",PL00!D10) -> all | E10: =IF(PL00!E10="","",PL00!E10) -> 2040 | F10: =IF(PL00!F10="","",PL00!F10) | G10: =IF(PL00!G10="","",PL00!G10) | H10: =IF(PL00!H10="","",PL00!H10) -> -446 | ... O10: =IF(PL00!O10="","",PL00!O10) -> add-non-negative
A11: =IF(PL00!A11="","",PL00!A11) -> PL00 | B11: =IF(PL00!B11="","",PL00!B11) -> Coal CHP | C11: =IF(PL00!C11="","",PL00!C11) | D11: =IF(PL00!D11="","",PL00!D11) -> all | E11: =IF(PL00!E11="","",PL00!E11) -> 2040 | F11: =IF(PL00!F11="","",PL00!F11) | G11: =IF(PL00!G11="","",PL00!G11) | H11: =IF(PL00!H11="","",PL00!H11) -> 3365.0715 | ... O11: =IF(PL00!O11="","",PL00!O11)
A12: =IF(PL00!A12="","",PL00!A12) -> PL00 | B12: =IF(PL00!B12="","",PL00!B12) -> Gas CCGT CHP | C12: =IF(PL00!C12="","",PL00!C12) | D12: =IF(PL00!D12="","",PL00!D12) -> all | E12: =IF(PL00!E12="","",PL00!E12) -> 2040 | F12: =IF(PL00!F12="","",PL00!F12) | G12: =IF(PL00!G12="","",PL00!G12) | H12: =IF(PL00!H12="","",PL00!H12) -> 8865.1783 | ... O12: =IF(PL00!O12="","",PL00!O12)
A13: =IF(PL00!A13="","",PL00!A13) -> PL00 | B13: =IF(PL00!B13="","",PL00!B13) -> Bio CHP | C13: =IF(PL00!C13="","",PL00!C13) | D13: =IF(PL00!D13="","",PL00!D13) -> all | E13: =IF(PL00!E13="","",PL00!E13) -> 2040 | F13: =IF(PL00!F13="","",PL00!F13) | G13: =IF(PL00!G13="","",PL00!G13) | H13: =IF(PL00!H13="","",PL00!H13) -> 1912.0092 | ... O13: =IF(PL00!O13="","",PL00!O13)
... A61: =IF(PL00!A61="","",PL00!A61) -> PL00 | B61: =IF(PL00!B61="","",PL00!B61) -> Bio CHP extraction | C61: =IF(PL00!C61="","",PL00!C61) | D61: =IF(PL00!D61="","",PL00!D61) -> all | E61: =IF(PL00!E61="","",PL00!E61) -> 1 | F61: =IF(PL00!F61="","",PL00!F61) | G61: =IF(PL00!G61="","",PL00!G61) | H61: =IF(PL00!H61="","",PL00!H61) -> 166.5 | ... O61: =IF(PL00!O61="","",PL00!O61)
A62: =IF(DE00!A2="","",DE00!A2) -> DE00 | B62: =IF(DE00!B2="","",DE00!B2) -> Coal CHP | C62: =IF(DE00!C2="","",DE00!C2) | D62: =IF(DE00!D2="","",DE00!D2) -> all | E62: =IF(DE00!E2="","",DE00!E2) -> 2015 | F62: =IF(DE00!F2="","",DE00!F2) | G62: =IF(DE00!G2="","",DE00!G2) | H62: =IF(DE00!H2="","",DE00!H2) -> 4992.2703 | ... O62: =IF(DE00!O2="","",DE00!O2)
A63: =IF(DE00!A3="","",DE00!A3) -> DE00 | B63: =IF(DE00!B3="","",DE00!B3) -> Gas CCGT CHP | C63: =IF(DE00!C3="","",DE00!C3) | D63: =IF(DE00!D3="","",DE00!D3) -> all | E63: =IF(DE00!E3="","",DE00!E3) -> 2015 | F63: =IF(DE00!F3="","",DE00!F3) | G63: =IF(DE00!G3="","",DE00!G3) | H63: =IF(DE00!H3="","",DE00!H3) -> 9358.3496 | ... O63: =IF(DE00!O3="","",DE00!O3)
A64: =IF(DE00!A4="","",DE00!A4) -> DE00 | B64: =IF(DE00!B4="","",DE00!B4) -> Bio CHP | C64: =IF(DE00!C4="","",DE00!C4) | D64: =IF(DE00!D4="","",DE00!D4) -> all | E64: =IF(DE00!E4="","",DE00!E4) -> 2015 | F64: =IF(DE00!F4="","",DE00!F4) | G64: =IF(DE00!G4="","",DE00!G4) | H64: =IF(DE00!H4="","",DE00!H4) -> 809.3731 | ... O64: =IF(DE00!O4="","",DE00!O4)
A65: =IF(DE00!A5="","",DE00!A5) -> DE00 | B65: =IF(DE00!B5="","",DE00!B5) -> Waste CHP | C65: =IF(DE00!C5="","",DE00!C5) | D65: =IF(DE00!D5="","",DE00!D5) -> all | E65: =IF(DE00!E5="","",DE00!E5) -> 2015 | F65: =IF(DE00!F5="","",DE00!F5) | G65: =IF(DE00!G5="","",DE00!G5) | H65: =IF(DE00!H5="","",DE00!H5) -> 483.61574 | ... O65: =IF(DE00!O5="","",DE00!O5)
A66: =IF(DE00!A6="","",DE00!A6) -> DE00 | B66: =IF(DE00!B6="","",DE00!B6) -> Coal HOB | C66: =IF(DE00!C6="","",DE00!C6) | D66: =IF(DE00!D6="","",DE00!D6) -> all | E66: =IF(DE00!E6="","",DE00!E6) -> 2015 | F66: =IF(DE00!F6="","",DE00!F6) | G66: =IF(DE00!G6="","",DE00!G6) | H66: =IF(DE00!H6="","",DE00!H6) -> 3991.1209 | ... O66: =IF(DE00!O6="","",DE00!O6)
A67: =IF(DE00!A7="","",DE00!A7) -> DE00 | B67: =IF(DE00!B7="","",DE00!B7) -> Oil HOB | C67: =IF(DE00!C7="","",DE00!C7) | D67: =IF(DE00!D7="","",DE00!D7) -> all | E67: =IF(DE00!E7="","",DE00!E7) -> 2015 | F67: =IF(DE00!F7="","",DE00!F7) | G67: =IF(DE00!G7="","",DE00!G7) | H67: =IF(DE00!H7="","",DE00!H7) -> 7497.8967 | ... O67: =IF(DE00!O7="","",DE00!O7)
A68: =IF(DE00!A8="","",DE00!A8) -> DE00 | B68: =IF(DE00!B8="","",DE00!B8) -> Gas HOB | C68: =IF(DE00!C8="","",DE00!C8) | D68: =IF(DE00!D8="","",DE00!D8) -> all | E68: =IF(DE00!E8="","",DE00!E8) -> 2015 | F68: =IF(DE00!F8="","",DE00!F8) | G68: =IF(DE00!G8="","",DE00!G8) | H68: =IF(DE00!H8="","",DE00!H8) -> 623.49659 | ... O68: =IF(DE00!O8="","",DE00!O8)
A69: =IF(DE00!A9="","",DE00!A9) -> DE00 | B69: =IF(DE00!B9="","",DE00!B9) -> Bio HOB | C69: =IF(DE00!C9="","",DE00!C9) | D69: =IF(DE00!D9="","",DE00!D9) -> all | E69: =IF(DE00!E9="","",DE00!E9) -> 2015 | F69: =IF(DE00!F9="","",DE00!F9) | G69: =IF(DE00!G9="","",DE00!G9) | H69: =IF(DE00!H9="","",DE00!H9) -> 273.89196 | ... O69: =IF(DE00!O9="","",DE00!O9)
A70: =IF(DE00!A10="","",DE00!A10) -> DE00 | B70: =IF(DE00!B10="","",DE00!B10) -> Coal CHP | C70: =IF(DE00!C10="","",DE00!C10) | D70: =IF(DE00!D10="","",DE00!D10) -> all | E70: =IF(DE00!E10="","",DE00!E10) -> 2020 | F70: =IF(DE00!F10="","",DE00!F10) | G70: =IF(DE00!G10="","",DE00!G10) | H70: =IF(DE00!H10="","",DE00!H10) -> 3397.4675 | ... O70: =IF(DE00!O10="","",DE00!O10)
A71: =IF(DE00!A11="","",DE00!A11) -> DE00 | B71: =IF(DE00!B11="","",DE00!B11) -> Gas CCGT CHP | C71: =IF(DE00!C11="","",DE00!C11) | D71: =IF(DE00!D11="","",DE00!D11) -> all | E71: =IF(DE00!E11="","",DE00!E11) -> 2020 | F71: =IF(DE00!F11="","",DE00!F11) | G71: =IF(DE00!G11="","",DE00!G11) | H71: =IF(DE00!H11="","",DE00!H11) -> 8626.1985 | ... O71: =IF(DE00!O11="","",DE00!O11)
A72: =IF(DE00!A12="","",DE00!A12) -> DE00 | B72: =IF(DE00!B12="","",DE00!B12) -> Bio CHP | C72: =IF(DE00!C12="","",DE00!C12) | D72: =IF(DE00!D12="","",DE00!D12) -> all | E72: =IF(DE00!E12="","",DE00!E12) -> 2020 | F72: =IF(DE00!F12="","",DE00!F12) | G72: =IF(DE00!G12="","",DE00!G12) | H72: =IF(DE00!H12="","",DE00!H12) -> 834.3002 | ... O72: =IF(DE00!O12="","",DE00!O12)
A73: =IF(DE00!A13="","",DE00!A13) -> DE00 | B73: =IF(DE00!B13="","",DE00!B13) -> Waste CHP | C73: =IF(DE00!C13="","",DE00!C13) | D73: =IF(DE00!D13="","",DE00!D13) -> all | E73: =IF(DE00!E13="","",DE00!E13) -> 2020 | F73: =IF(DE00!F13="","",DE00!F13) | G73: =IF(DE00!G13="","",DE00!G13) | H73: =IF(DE00!H13="","",DE00!H13) -> 431.52696 | ... O73: =IF(DE00!O13="","",DE00!O13)
... A143: =IF(DE00!A83="","",DE00!A83) -> DE00 | B143: =IF(DE00!B83="","",DE00!B83) -> Bio CHP extraction | C143: =IF(DE00!C83="","",DE00!C83) | D143: =IF(DE00!D83="","",DE00!D83) -> all | E143: =IF(DE00!E83="","",DE00!E83) -> 1 | F143: =IF(DE00!F83="","",DE00!F83) | G143: =IF(DE00!G83="","",DE00!G83) | H143: =IF(DE00!H83="","",DE00!H83) -> 333 | ... O143: =IF(DE00!O83="","",DE00!O83)
A144: =IF(AT00!A2="","",AT00!A2) -> AT00 | B144: =IF(AT00!B2="","",AT00!B2) -> Coal CHP | C144: =IF(AT00!C2="","",AT00!C2) | D144: =IF(AT00!D2="","",AT00!D2) -> all | E144: =IF(AT00!E2="","",AT00!E2) -> 2015 | F144: =IF(AT00!F2="","",AT00!F2) | G144: =IF(AT00!G2="","",AT00!G2) | H144: =IF(AT00!H2="","",AT00!H2) -> 143.15799 | ... O144: =IF(AT00!O2="","",AT00!O2)
A145: =IF(AT00!A3="","",AT00!A3) -> AT00 | B145: =IF(AT00!B3="","",AT00!B3) -> Gas CCGT CHP | C145: =IF(AT00!C3="","",AT00!C3) | D145: =IF(AT00!D3="","",AT00!D3) -> all | E145: =IF(AT00!E3="","",AT00!E3) -> 2015 | F145: =IF(AT00!F3="","",AT00!F3) | G145: =IF(AT00!G3="","",AT00!G3) | H145: =IF(AT00!H3="","",AT00!H3) -> 1552.9431 | ... O145: =IF(AT00!O3="","",AT00!O3)
A146: =IF(AT00!A4="","",AT00!A4) -> AT00 | B146: =IF(AT00!B4="","",AT00!B4) -> Waste CHP | C146: =IF(AT00!C4="","",AT00!C4) | D146: =IF(AT00!D4="","",AT00!D4) -> all | E146: =IF(AT00!E4="","",AT00!E4) -> 2015 | F146: =IF(AT00!F4="","",AT00!F4) | G146: =IF(AT00!G4="","",AT00!G4) | H146: =IF(AT00!H4="","",AT00!H4) -> 54.206638 | ... O146: =IF(AT00!O4="","",AT00!O4)
A147: =IF(AT00!A5="","",AT00!A5) -> AT00 | B147: =IF(AT00!B5="","",AT00!B5) -> Bio CHP | C147: =IF(AT00!C5="","",AT00!C5) | D147: =IF(AT00!D5="","",AT00!D5) -> all | E147: =IF(AT00!E5="","",AT00!E5) -> 2015 | F147: =IF(AT00!F5="","",AT00!F5) | G147: =IF(AT00!G5="","",AT00!G5) | H147: =IF(AT00!H5="","",AT00!H5) -> 150.53353 | ... O147: =IF(AT00!O5="","",AT00!O5)
A148: =IF(AT00!A6="","",AT00!A6) -> AT00 | B148: =IF(AT00!B6="","",AT00!B6) -> Coal CHP | C148: =IF(AT00!C6="","",AT00!C6) | D148: =IF(AT00!D6="","",AT00!D6) -> all | E148: =IF(AT00!E6="","",AT00!E6) -> 2020 | F148: =IF(AT00!F6="","",AT00!F6) | G148: =IF(AT00!G6="","",AT00!G6) | H148: =IF(AT00!H6="","",AT00!H6) -> 78.087537 | ... O148: =IF(AT00!O6="","",AT00!O6)
A149: =IF(AT00!A7="","",AT00!A7) -> AT00 | B149: =IF(AT00!B7="","",AT00!B7) -> Gas CCGT CHP | C149: =IF(AT00!C7="","",AT00!C7) | D149: =IF(AT00!D7="","",AT00!D7) -> all | E149: =IF(AT00!E7="","",AT00!E7) -> 2020 | F149: =IF(AT00!F7="","",AT00!F7) | G149: =IF(AT00!G7="","",AT00!G7) | H149: =IF(AT00!H7="","",AT00!H7) -> 1540.7457 | ... O149: =IF(AT00!O7="","",AT00!O7)
A150: =IF(AT00!A8="","",AT00!A8) -> AT00 | B150: =IF(AT00!B8="","",AT00!B8) -> Waste CHP | C150: =IF(AT00!C8="","",AT00!C8) | D150: =IF(AT00!D8="","",AT00!D8) -> all | E150: =IF(AT00!E8="","",AT00!E8) -> 2020 | F150: =IF(AT00!F8="","",AT00!F8) | G150: =IF(AT00!G8="","",AT00!G8) | H150: =IF(AT00!H8="","",AT00!H8) -> 58.470494 | ... O150: =IF(AT00!O8="","",AT00!O8)
A151: =IF(AT00!A9="","",AT00!A9) -> AT00 | B151: =IF(AT00!B9="","",AT00!B9) -> Bio CHP | C151: =IF(AT00!C9="","",AT00!C9) | D151: =IF(AT00!D9="","",AT00!D9) -> all | E151: =IF(AT00!E9="","",AT00!E9) -> 2020 | F151: =IF(AT00!F9="","",AT00!F9) | G151: =IF(AT00!G9="","",AT00!G9) | H151: =IF(AT00!H9="","",AT00!H9) -> 149.50617 | ... O151: =IF(AT00!O9="","",AT00!O9)
A152: =IF(AT00!A10="","",AT00!A10) -> AT00 | B152: =IF(AT00!B10="","",AT00!B10) -> Coal CHP | C152: =IF(AT00!C10="","",AT00!C10) | D152: =IF(AT00!D10="","",AT00!D10) -> all | E152: =IF(AT00!E10="","",AT00!E10) -> 2025 | F152: =IF(AT00!F10="","",AT00!F10) | G152: =IF(AT00!G10="","",AT00!G10) | H152: =IF(AT00!H10="","",AT00!H10) -> 13.017084 | ... O152: =IF(AT00!O10="","",AT00!O10)
A153: =IF(AT00!A11="","",AT00!A11) -> AT00 | B153: =IF(AT00!B11="","",AT00!B11) -> Gas CCGT CHP | C153: =IF(AT00!C11="","",AT00!C11) | D153: =IF(AT00!D11="","",AT00!D11) -> all | E153: =IF(AT00!E11="","",AT00!E11) -> 2025 | F153: =IF(AT00!F11="","",AT00!F11) | G153: =IF(AT00!G11="","",AT00!G11) | H153: =IF(AT00!H11="","",AT00!H11) -> 1528.5484 | ... O153: =IF(AT00!O11="","",AT00!O11)
A154: =IF(AT00!A12="","",AT00!A12) -> AT00 | B154: =IF(AT00!B12="","",AT00!B12) -> Waste CHP | C154: =IF(AT00!C12="","",AT00!C12) | D154: =IF(AT00!D12="","",AT00!D12) -> all | E154: =IF(AT00!E12="","",AT00!E12) -> 2025 | F154: =IF(AT00!F12="","",AT00!F12) | G154: =IF(AT00!G12="","",AT00!G12) | H154: =IF(AT00!H12="","",AT00!H12) -> 62.73435 | ... O154: =IF(AT00!O12="","",AT00!O12)
A155: =IF(AT00!A13="","",AT00!A13) -> AT00 | B155: =IF(AT00!B13="","",AT00!B13) -> Bio CHP | C155: =IF(AT00!C13="","",AT00!C13) | D155: =IF(AT00!D13="","",AT00!D13) -> all | E155: =IF(AT00!E13="","",AT00!E13) -> 2025 | F155: =IF(AT00!F13="","",AT00!F13) | G155: =IF(AT00!G13="","",AT00!G13) | H155: =IF(AT00!H13="","",AT00!H13) -> 148.47881 | ... O155: =IF(AT00!O13="","",AT00!O13)
... A216: =IF(AT00!A74="","",AT00!A74) -> AT00 | B216: =IF(AT00!B74="","",AT00!B74) -> Heat storage charger | C216: =IF(AT00!C74="","",AT00!C74) | D216: =IF(AT00!D74="","",AT00!D74) -> all | E216: =IF(AT00!E74="","",AT00!E74) -> 2040 | F216: =IF(AT00!F74="","",AT00!F74) | G216: =IF(AT00!G74="","",AT00!G74) | H216: =IF(AT00!H74="","",AT00!H74) -> 1350 | ... O216: =IF(AT00!O74="","",AT00!O74)

Sheet PL00
A1: Country | B1: Generator_ID | C1: unit_name_prefix | D1: Scenario | E1: Year | F1: capacity_input1 | G1: node_suffix_input1 | H1: capacity_output1 | I1: node_suffix_output1 | J1: capacity_output2 | K1: node_suffix_output2 | L1: cb | M1: cv | N1: Note | O1: method | X1: ## | Y1: ## | Z1: ## | AA1: ## | AB1: ## | AC1: ## | AD1: ## | AE1: ## | AF1: ## | AG1: ## | AH1: ## | AI1: ## | AJ1: ## | AK1: ## | AL1: ## | AM1: ## | AN1: ## | AO1: ## | AP1: ## | AQ1: ## | AR1: ## | AS1: ## | AT1: ## | AU1: ## | AV1: ## | AW1: ## | AX1: ## | AY1: ## | AZ1: ## | BA1: ## | BB1: ## | BC1: ## | BD1: ## | BE1: ## | BF1: ## | BG1: ## | BH1: ## | BI1: ## | BJ1: ## | BK1: ## | BL1: ## | BM1: ## | BN1: ## | BO1: ## | BP1: ## | BQ1: ## | BR1: ## | BS1: ## | BT1: ##
A2: PL00 | B2: Hard coal old 1 | D2: all | E2: 2030 | H2: =-1*BA103 -> -5544.3547 | N2: Reducing ENTSO‑E coal condensing capacity to offset added coal CHP electricity output | O2: add-non-negative
A3: PL00 | B3: Gas CCGT new | D3: all | E3: 2030 | H3: =-1*BA104 -> -6934.6427 | N3: Reducing ENTSO‑E gas condensing capacity to offset added gas CHP electricity output | O3: add-non-negative
A4: PL00 | B4: Lignite old 1 | D4: all | E4: 2030 | H4: =-1*BA105 -> -1110.3194 | N4: Reducing ENTSO‑E coal condensing capacity to offset added bio CHP electricity output | O4: add-non-negative
A5: PL00 | B5: Hard coal old 2 | D5: all | E5: 2040 | H5: =-1*BD91 -> -2172 | N5: Reducing ENTSO‑E coal condensing capacity to offset added coal CHP electricity output | O5: add-non-negative
A6: PL00 | B6: Hard coal old 1 | D6: all | E6: 2040 | H6: =-1*(BB103+H5) -> -1193.0715 | N6: Reducing ENTSO‑E coal condensing capacity to offset added coal CHP electricity output | O6: add-non-negative | Y6: Current (national trends)
A7: PL00 | B7: Gas CCGT new | D7: all | E7: 2040 | H7: =-1*BB104 -> -8865.1783 | N7: Reducing ENTSO‑E gas condensing capacity to offset added gas CHP electricity output | O7: add-non-negative | Y7: grid | Z7: node | AA7: unit | AB7: input_output | AC7: isActive | AD7: capacity | AJ7: https://iea.blob.core.windows.net/assets/b9ea5a7d-3e41-4318-a69e-f7d456ebb118/Poland2022.pdf
A8: PL00 | B8: Hard coal new | D8: all | E8: 2040 | H8: =-1*BB105 -> -1912.0092 | N8: Reducing ENTSO‑E coal condensing capacity to offset added bio CHP electricity output | O8: add-non-negative | Y8: dheat | Z8: PL00_dheat | AA8: PL00_CCGTCHPgas | AB8: output | AC8: 1 | AD8: 960 | AJ8: "In 2019, co-generation accounted for 17% of electricity generation and 65% of district heating supply."
A9: PL00 | B9: Lignite old 1 | D9: all | E9: 2040 | H9: =-1*BD92 -> -237 | N9: Reducing ENTSO‑E coal condensing capacity to offset added bio CHP electricity output | O9: add-non-negative | Y9: dheat | Z9: PL00_dheat | AA9: PL00_CHPcoal | AB9: output | AC9: 1 | AD9: 10650 | AJ9: https://polandinsight.com/ptec-district-heating-transformation-could-cost-up-to-pln-466-billion-by-2050/
A10: PL00 | B10: Lignite old 2 | D10: all | E10: 2040 | H10: =-1*BD93 -> -446 | N10: Reducing ENTSO‑E coal condensing capacity to offset added bio CHP electricity output | O10: add-non-negative | Y10: dheat | Z10: PL00_dheat | AA10: PL00_HeatstorCharger | AB10: input | AC10: 1 | AD10: 2141.4141 | AJ10: “According to data from the Energy Regulatory Office, more than 60 percent of the generation mix in heating still comes from coal. By comparison, gas or renewable energy sources each account for around 10 percent, so the disparity is significant,” said Monika Gruźlewska, director of the Polish District Heating Association, in an interview with Newseria.
A11: PL00 | B11: Coal CHP | D11: all | E11: 2040 | H11: =L11*J11 -> 3365.0715 | J11: =BQ25-BB123 -> 7477.9366 | L11: 0.45 | Y11: dheat | Z11: PL00_dheat | AA11: PL00_HeatstorDischarger | AB11: output | AC11: 1 | AD11: 2120
A12: PL00 | B12: Gas CCGT CHP | D12: all | E12: 2040 | H12: =L12*J12 -> 8865.1783 | J12: =BQ26-BB124 -> 8865.1783 | L12: 1 | Y12: dheat | Z12: PL00_dheat | AA12: PL00_HOBgas | AB12: output | AC12: 1 | AD12: 11000
A13: PL00 | B13: Bio CHP | D13: all | E13: 2040 | H13: =L13*J13 -> 1912.0092 | J13: =BQ27-BB125 -> 3824.0183 | L13: 0.5 | Y13: dheat | Z13: PL00_dheat | AA13: PL00_HOBoil | AB13: output | AC13: 1 | AD13: 22000
A14: PL00 | B14: Waste CHP | D14: all | E14: 2040 | H14: =L14*J14 -> 188.96947 | J14: =BQ28 -> 472.42368 | L14: 0.4 | AD14: =AD8+AD9+AD12+AD13 -> 44610
A15: PL00 | B15: Coal CHP | D15: all | E15: 2035 | H15: =L15*J15 -> 4454.7131 | J15: =BQ29-BB123 -> 9899.3624 | L15: 0.45
A16: PL00 | B16: Gas CCGT CHP | D16: all | E16: 2035 | H16: =L16*J16 -> 7899.9105 | J16: =BQ30-BB124 -> 7899.9105 | L16: 1
A17: PL00 | B17: Bio CHP | D17: all | E17: 2035 | H17: =L17*J17 -> 1511.1643 | J17: =BQ31-BB125 -> 3022.3285 | L17: 0.5
A18: PL00 | B18: Waste CHP | D18: all | E18: 2035 | H18: =L18*J18 -> 185.97418 | J18: =BQ32 -> 464.93545 | L18: 0.4
A19: PL00 | B19: Coal CHP | D19: all | E19: 2030 | H19: =L19*J19 -> 5544.3547 | J19: =BQ33-BB123 -> 12320.788 | L19: 0.45
A20: PL00 | B20: Gas CCGT CHP | D20: all | E20: 2030 | H20: =L20*J20 -> 6934.6427 | J20: =BQ34-BB124 -> 6934.6427 | L20: 1
A21: PL00 | B21: Bio CHP | D21: all | E21: 2030 | H21: =L21*J21 -> 1110.3194 | J21: =BQ35-BB125 -> 2220.6387 | L21: 0.5
A22: PL00 | B22: Waste CHP | D22: all | E22: 2030 | H22: =L22*J22 -> 182.97889 | J22: =BQ36 -> 457.44721 | L22: 0.4 | AJ22: Kapasiteetit vuosille 2015, 2020, 2025, 2030 (min), 2035 ja 2040 (max)
A23: PL00 | B23: Coal CHP | D23: all | E23: 2025 | H23: =L23*J23 -> 6633.9963 | J23: =BQ37-BB123 -> 14742.214 | L23: 0.45
A24: PL00 | B24: Gas CCGT CHP | D24: all | E24: 2025 | H24: =L24*J24 -> 5969.3749 | J24: =BQ38-BB124 -> 5969.3749 | L24: 1 | AJ24: DH demand (produced heat) | BQ24: sorting
A25: PL00 | B25: Bio CHP | D25: all | E25: 2025 | H25: =L25*J25 -> 709.47446 | J25: =BQ39-BB125 -> 1418.9489 | L25: 0.5 | AJ25: year | AK25: 2012 | AL25: 2013 | AM25: 2014 | AN25: 2015 | AO25: 2016 | AP25: 2017 | AQ25: 2018 | AR25: 2019 | AS25: 2020 | AT25: 2021 | AU25: 2022 | AV25: 2023 | AW25: 2024 | BQ25: {=TRANSPOSE(BA53:BD53)} -> 7765.0056
A26: PL00 | B26: Waste CHP | D26: all | E26: 2025 | H26: =L26*J26 -> 179.98359 | J26: =BQ40 -> 449.95898 | L26: 0.4 | AJ26: TJ | AK26: 399674 | AL26: 395035.1 | AM26: 360210.6 | AN26: 359551.6 | AO26: 383783 | AP26: 395596.9 | AQ26: 376010.2 | AR26: 365629 | AS26: 358710 | AT26: 390579.9 | AU26: 370611.3 | AV26: 346087 | AW26: 335486.9 | BQ26: 9012.5234
A27: PL00 | B27: Coal CHP | D27: all | E27: 2020 | H27: =L27*J27 -> 8813.2794 | J27: =BQ41-BB123 -> 19585.065 | L27: 0.45 | AJ27: GWh | AK27: =0.27777777*AK26 -> 111020.55 | AL27: =0.27777777*AL26 -> 109731.97 | AM27: =0.27777777*AM26 -> 100058.5 | AN27: =0.27777777*AN26 -> 99875.442 | AO27: =0.27777777*AO26 -> 106606.39 | AP27: =0.27777777*AP26 -> 109888.02 | AQ27: =0.27777777*AQ26 -> 104447.27 | AR27: =0.27777777*AR26 -> 101563.61 | ... AW27: =0.27777777*AW26 -> 93190.803 | BQ27: 4088.304
A28: PL00 | B28: Gas CCGT CHP | D28: all | E28: 2020 | H28: =L28*J28 -> 5004.1071 | J28: =BQ42-BB124 -> 5004.1071 | L28: 1 | AY28: Based on data | BQ28: 472.42368
A29: PL00 | B29: Bio CHP | D29: all | E29: 2020 | H29: =L29*J29 -> 629.30548 | J29: =BQ43-BB125 -> 1258.611 | L29: 0.5 | AY29: CHP | BA29: Coal | BB29: Oil | BC29: Gas | BD29: Bio | BE29: Waste | BF29: Others | BG29: HOB | BH29: Coal | BI29: Oil | BJ29: Gas | BK29: Bio | BL29: Waste | BM29: Others | BN29: Total CHP + HOB cap [MW] | BQ29: {=TRANSPOSE(BA54:BD54)} -> 10186.431
A30: PL00 | B30: Waste CHP | D30: all | E30: 2020 | H30: =L30*J30 -> 176.9883 | J30: =BQ44 -> 442.47075 | L30: 0.4 | AO30: =AO27/1000 -> 106.60639 | AP30: =AP27/1000 -> 109.88802 | AS30: =AS27/1000 -> 99.641664 | AT30: =AT27/1000 -> 108.49441 | AU30: =AU27/1000 -> 102.94758 | AV30: =AV27/1000 -> 96.135275 | AW30: =AW27/1000 -> 93.190803 | AY30: Trend | AZ30: 2040 | BA30: {=TREND($BA$38:$BA$44,$AZ$38:$AZ$44,AZ30)} -> 596.7598 | BB30: {=TREND($BB$38:$BB$44,$AZ$38:$AZ$44,AZ30)} -> 1892.988 | BC30: {=TREND($BC$38:$BC$44,$AZ$38:$AZ$44,AZ30)} -> 7215.5669 | BD30: {=TREND($BD$38:$BD$44,$AZ$38:$AZ$44,AZ30)} -> 2260.28 | BE30: {=TREND($BE$38:$BE$44,$AZ$38:$AZ$44,AZ30)} -> 568.45514 | BF30: {=TREND($BF$38:$BF$44,$AZ$38:$AZ$44,AZ30)} -> -480.15732 | BH30: {=TREND($BH$38:$BH$44,$AZ$38:$AZ$44,AZ30)} -> 7225.7206 | BI30: {=TREND($BI$38:$BI$44,$AZ$38:$AZ$44,AZ30)} -> 2626.9324 | BJ30: {=TREND($BJ$38:$BJ$44,$AZ$38:$AZ$44,AZ30)} -> 6403.9557 | BK30: {=TREND($BK$38:$BK$44,$AZ$38:$AZ$44,AZ30)} -> 6074.9667 | BL30: {=TREND($BL$38:$BL$44,$AZ$38:$AZ$44,AZ30)} -> 0 | BM30: {=TREND($BM$38:$BM$44,$AZ$38:$AZ$44,AZ30)} -> 1443.6535 | BN30: =SUM(BA30:BM30) -> 35829.121 | BQ30: 8047.2556
A31: PL00 | B31: Coal CHP | D31: all | E31: 2015 | H31: =L31*J31 -> 10992.563 | J31: =BQ45-BB123 -> 24427.917 | L31: 0.45 | AO31: =0.0000002778*SUM(AG122:AG133) -> 121.4234 | AP31: =0.0000002778*SUM(AG108:AG119) -> 122.06744 | AS31: =0.0000002778*SUM(AG80:AG91) -> 117.06171 | AT31: =0.0000002778*SUM(AG66:AG77) -> 108.5031 | AV31: =0.0000002778*SUM(AG52:AG63) -> 115.33914 | AW31: =0.0000002778*SUM(AG38:AG49) -> 111.04239 | AZ31: 2035 | BA31: {=TREND($BA$38:$BA$44,$AZ$38:$AZ$44,AZ31)} -> 5361.1266 | BB31: {=TREND($BB$38:$BB$44,$AZ$38:$AZ$44,AZ31)} -> 1813.3811 | BC31: {=TREND($BC$38:$BC$44,$AZ$38:$AZ$44,AZ31)} -> 6251.4213 | BD31: {=TREND($BD$38:$BD$44,$AZ$38:$AZ$44,AZ31)} -> 2021.4574 | BE31: {=TREND($BE$38:$BE$44,$AZ$38:$AZ$44,AZ31)} -> 482.48224 | BF31: {=TREND($BF$38:$BF$44,$AZ$38:$AZ$44,AZ31)} -> -87.733943 | BH31: {=TREND($BH$38:$BH$44,$AZ$38:$AZ$44,AZ31)} -> 9099.6525 | BI31: {=TREND($BI$38:$BI$44,$AZ$38:$AZ$44,AZ31)} -> 2075.5448 | BJ31: {=TREND($BJ$38:$BJ$44,$AZ$38:$AZ$44,AZ31)} -> 5489.1457 | BK31: {=TREND($BK$38:$BK$44,$AZ$38:$AZ$44,AZ31)} -> 4832.7915 | BL31: {=TREND($BL$38:$BL$44,$AZ$38:$AZ$44,AZ31)} -> 0 | BM31: {=TREND($BM$38:$BM$44,$AZ$38:$AZ$44,AZ31)} -> 1214.7352 | BN31: =SUM(BA31:BM31) -> 38554.004 | BQ31: 3286.6142
A32: PL00 | B32: Gas CCGT CHP | D32: all | E32: 2015 | H32: =L32*J32 -> 4038.8392 | J32: =BQ46-BB124 -> 4038.8392 | L32: 1 | AZ32: 2030 | BA32: {=TREND($BA$38:$BA$44,$AZ$38:$AZ$44,AZ32)} -> 10125.493 | BB32: {=TREND($BB$38:$BB$44,$AZ$38:$AZ$44,AZ32)} -> 1733.7743 | BC32: {=TREND($BC$38:$BC$44,$AZ$38:$AZ$44,AZ32)} -> 5287.2756 | BD32: {=TREND($BD$38:$BD$44,$AZ$38:$AZ$44,AZ32)} -> 1782.6347 | BE32: {=TREND($BE$38:$BE$44,$AZ$38:$AZ$44,AZ32)} -> 396.50933 | BF32: {=TREND($BF$38:$BF$44,$AZ$38:$AZ$44,AZ32)} -> 304.68944 | BH32: {=TREND($BH$38:$BH$44,$AZ$38:$AZ$44,AZ32)} -> 10973.584 | BI32: {=TREND($BI$38:$BI$44,$AZ$38:$AZ$44,AZ32)} -> 1524.1572 | BJ32: {=TREND($BJ$38:$BJ$44,$AZ$38:$AZ$44,AZ32)} -> 4574.3357 | BK32: {=TREND($BK$38:$BK$44,$AZ$38:$AZ$44,AZ32)} -> 3590.6164 | BL32: {=TREND($BL$38:$BL$44,$AZ$38:$AZ$44,AZ32)} -> 0 | BM32: {=TREND($BM$38:$BM$44,$AZ$38:$AZ$44,AZ32)} -> 985.81688 | BN32: =SUM(BA32:BM32) -> 41278.887 | BQ32: 464.93545
A33: PL00 | B33: Bio CHP | D33: all | E33: 2015 | H33: =L33*J33 -> 549.1365 | J33: =BQ47-BB125 -> 1098.273 | L33: 0.5 | AZ33: 2025 | BA33: {=TREND($BA$38:$BA$44,$AZ$38:$AZ$44,AZ33)} -> 14889.86 | BB33: {=TREND($BB$38:$BB$44,$AZ$38:$AZ$44,AZ33)} -> 1654.1675 | BC33: {=TREND($BC$38:$BC$44,$AZ$38:$AZ$44,AZ33)} -> 4323.13 | BD33: {=TREND($BD$38:$BD$44,$AZ$38:$AZ$44,AZ33)} -> 1543.8121 | BE33: {=TREND($BE$38:$BE$44,$AZ$38:$AZ$44,AZ33)} -> 310.53642 | BF33: {=TREND($BF$38:$BF$44,$AZ$38:$AZ$44,AZ33)} -> 697.11281 | BH33: {=TREND($BH$38:$BH$44,$AZ$38:$AZ$44,AZ33)} -> 12847.516 | BI33: {=TREND($BI$38:$BI$44,$AZ$38:$AZ$44,AZ33)} -> 972.76962 | BJ33: {=TREND($BJ$38:$BJ$44,$AZ$38:$AZ$44,AZ33)} -> 3659.5257 | BK33: {=TREND($BK$38:$BK$44,$AZ$38:$AZ$44,AZ33)} -> 2348.4412 | BL33: {=TREND($BL$38:$BL$44,$AZ$38:$AZ$44,AZ33)} -> 0 | BM33: {=TREND($BM$38:$BM$44,$AZ$38:$AZ$44,AZ33)} -> 756.89859 | BN33: =SUM(BA33:BM33) -> 44003.771 | BQ33: {=TRANSPOSE(BA55:BD55)} -> 12607.857
A34: PL00 | B34: Waste CHP | D34: all | E34: 2015 | H34: =L34*J34 -> 173.99301 | J34: =BQ48 -> 434.98252 | L34: 0.4 | AF34: https://www.ure.gov.pl/pl/cieplo/energetyka-cieplna-w-l (2015 and below data N/A) | AZ34: 2020 | BA34: {=TREND($BA$38:$BA$44,$AZ$38:$AZ$44,AZ34)} -> 19654.227 | BB34: {=TREND($BB$38:$BB$44,$AZ$38:$AZ$44,AZ34)} -> 1574.5606 | BC34: {=TREND($BC$38:$BC$44,$AZ$38:$AZ$44,AZ34)} -> 3358.9843 | BD34: {=TREND($BD$38:$BD$44,$AZ$38:$AZ$44,AZ34)} -> 1304.9894 | BE34: {=TREND($BE$38:$BE$44,$AZ$38:$AZ$44,AZ34)} -> 224.56351 | BF34: {=TREND($BF$38:$BF$44,$AZ$38:$AZ$44,AZ34)} -> 1089.5362 | BH34: {=TREND($BH$38:$BH$44,$AZ$38:$AZ$44,AZ34)} -> 14721.448 | BI34: {=TREND($BI$38:$BI$44,$AZ$38:$AZ$44,AZ34)} -> 421.38202 | BJ34: {=TREND($BJ$38:$BJ$44,$AZ$38:$AZ$44,AZ34)} -> 2744.7157 | BK34: {=TREND($BK$38:$BK$44,$AZ$38:$AZ$44,AZ34)} -> 1106.2661 | BL34: {=TREND($BL$38:$BL$44,$AZ$38:$AZ$44,AZ34)} -> 0 | BM34: {=TREND($BM$38:$BM$44,$AZ$38:$AZ$44,AZ34)} -> 527.9803 | BN34: =SUM(BA34:BM34) -> 46728.654 | BQ34: 7081.9878
A35: PL00 | B35: Coal HOB | D35: all | E35: 2040 | H35: {=TRANSPOSE(BF53:BI53)} -> 7586.634 | AF35: DATA | AZ35: 2015 | BA35: {=TREND($BA$38:$BA$44,$AZ$38:$AZ$44,AZ35)} -> 24418.594 | BB35: {=TREND($BB$38:$BB$44,$AZ$38:$AZ$44,AZ35)} -> 1494.9538 | BC35: {=TREND($BC$38:$BC$44,$AZ$38:$AZ$44,AZ35)} -> 2394.8387 | BD35: {=TREND($BD$38:$BD$44,$AZ$38:$AZ$44,AZ35)} -> 1066.1668 | BE35: {=TREND($BE$38:$BE$44,$AZ$38:$AZ$44,AZ35)} -> 138.5906 | BF35: {=TREND($BF$38:$BF$44,$AZ$38:$AZ$44,AZ35)} -> 1481.9596 | BH35: {=TREND($BH$38:$BH$44,$AZ$38:$AZ$44,AZ35)} -> 16595.38 | BI35: {=TREND($BI$38:$BI$44,$AZ$38:$AZ$44,AZ35)} -> -130.00558 | BJ35: {=TREND($BJ$38:$BJ$44,$AZ$38:$AZ$44,AZ35)} -> 1829.9056 | BK35: {=TREND($BK$38:$BK$44,$AZ$38:$AZ$44,AZ35)} -> -135.90908 | BL35: {=TREND($BL$38:$BL$44,$AZ$38:$AZ$44,AZ35)} -> 0 | BM35: {=TREND($BM$38:$BM$44,$AZ$38:$AZ$44,AZ35)} -> 299.062 | BN35: =SUM(BA35:BM35) -> 49453.537 | BQ35: 2484.9244
A36: PL00 | B36: Oil HOB | D36: all | E36: 2040 | H36: 2987.8458 | AF36: Fuel type | AG36: Total [GJ] | AH36: In cogeneration [GJ] | AI36: Share total [%] | AJ36: Share in cogeneration [%] | AK36: In cogeneration [TWh] | AL36: Rests (HOB) [TWh] | AM36: CHP | AT36: HOB | BQ36: 457.44721
A37: PL00 | B37: Gas HOB | D37: all | E37: 2040 | H37: 6764.869 | AF37: 2024 | AM37: FLH [hours/year] | AN37: eff [%] | AO37: heat cap [MW] | AP37: power-to-heat | AQ37: elec cap [MW] | AR37: fuel cap [MW] | AT37: FLH [hours/year] | AU37: eff[%] | AV37: heat cap [MW] | BQ37: {=TRANSPOSE(BA56:BD56)} -> 15029.283
A38: PL00 | B38: Bio HOB | D38: all | E38: 2040 | H38: 6435.8801 | AF38: Hard coal | AG38: 2.2588032e+08 | AH38: 1.4745939e+08 | AI38: 56.51 | AJ38: 52.69 | AK38: =0.0000002778*AH38 -> 40.964218 | AL38: =0.0000002778*(AG38-AH38) -> 21.785335 | AM38: 2500 | AN38: 0.89 | AO38: =$AK38*10^6*$AN38 /$AM38 -> 14583.262 | AP38: 0.45 | AQ38: =AO38*AP38 -> 6562.4677 | AR38: =(AO38+AQ38)/AN38 -> 23759.247 | AT38: 1500 | AU38: 0.9 | AV38: =$AL38*10^6*$AU38 /$AT38 -> 13071.201 | AY38: Historical | AZ38: =AF37 -> 2024 | BA38: =SUM(AO38:AO39) -> 14876.725 | BB38: =SUM(AO40:AO41) -> 1740.7443 | BC38: =SUM(AO41:AO42) -> 4311.5088 | BD38: =SUM(AO44:AO46) -> 1544.1989 | BE38: =SUM(AO47:AO48) -> 307.74363 | BF38: =AO49 -> 901.02195 | BH38: =SUM(AV38:AV39) -> 13154.066 | BI38: =SUM(AV40:AV41) -> 1084.623 | BJ38: =SUM(AV42:AV43) -> 4285.9802 | BK38: =SUM(AV44:AV46) -> 2291.9236 | BL38: =SUM(AV47:AV48) -> 0 | BM38: =SUM(AV49) -> 829.53925 | BN38: =SUM(BA38:BM38) -> 45328.074 | BQ38: 6116.72
A39: PL00 | B39: Coal HOB | D39: all | E39: 2035 | H39: {=TRANSPOSE(BF54:BI54)} -> 9403.3363 | AF39: Lignite | AG39: 3464517.6 | AH39: 2967368.5 | AI39: 0.87 | AJ39: 1.06 | AK39: =0.0000002778*AH39 -> 0.82433497 | AL39: =0.0000002778*(AG39-AH39) -> 0.13810803 | AM39: 2500 | AN39: 0.89 | AO39: =$AK39*10^6*$AN39 /$AM39 -> 293.46325 | AP39: 0.45 | AQ39: =AO39*AP39 -> 132.05846 | AR39: =(AO39+AQ39)/AN39 -> 478.11429 | AT39: 1500 | AU39: 0.9 | AV39: =$AL39*10^6*$AU39 /$AT39 -> 82.864815 | AZ39: =AF51 -> 2023 | BA39: =SUM(AO52:AO53) -> 16375.327 | BB39: =SUM(AO54:AO55) -> 1728.1097 | BC39: =SUM(AO55:AO56) -> 4017.6254 | BD39: =SUM(AO58:AO60) -> 1585.6598 | BE39: =SUM(AO61:AO62) -> 263.67911 | BF39: =AO63 -> 784.48513 | BH39: =SUM(AV52:AV53) -> 14723.18 | BI39: =SUM(AV54:AV55) -> 862.07791 | BJ39: =SUM(AV56:AV57) -> 3523.3972 | BK39: =SUM(AV58:AV60) -> 2264.791 | BL39: =SUM(AV61:AV62) -> 0 | BM39: =SUM(AV63) -> 811.21493 | BN39: =SUM(BA39:BM39) -> 46939.547 | BQ39: 1683.2346
A40: PL00 | B40: Oil HOB | D40: all | E40: 2035 | H40: 2379.2286 | AF40: Light fuel oil | AG40: 2385366.2 | AH40: 348518.68 | AI40: 0.6 | AJ40: 0.12 | AK40: =0.0000002778*AH40 -> 0.096818489 | AL40: =0.0000002778*(AG40-AH40) -> 0.56583624 | AM40: 3500 | AN40: 0.9 | AO40: =$AK40*10^6*$AN40 /$AM40 -> 24.896183 | AP40: 0.6 | AQ40: =AO40*AP40 -> 14.93771 | AR40: =(AO40+AQ40)/AN40 -> 44.259881 | AT40: 500 | AU40: 0.9 | AV40: =$AL40*10^6*$AU40 /$AT40 -> 1018.5052 | AZ40: =AF65 -> 2021 | BA40: =SUM(AO66:AO67) -> 20193.368 | BB40: =SUM(AO68:AO69) -> 1435.9603 | BC40: =SUM(AO69:AO70) -> 3082.3661 | BD40: =SUM(AO72:AO74) -> 987.98108 | BE40: =SUM(AO75:AO76) -> 167.30446 | BF40: =AO77 -> 815.82588 | BH40: =SUM(AV66:AV67) -> 13170.088 | BI40: =SUM(AV68:AV69) -> 279.74982 | BJ40: =SUM(AV70:AV71) -> 1963.22 | BK40: =SUM(AV72:AV74) -> 825.18133 | BL40: =SUM(AV75:AV76) -> 0 | BM40: =SUM(AV77) -> 309.23261 | BN40: =SUM(BA40:BM40) -> 43230.278 | BQ40: 449.95898
A41: PL00 | B41: Gas HOB | D41: all | E41: 2035 | H41: 5792.8295 | AF41: Heavy fuel oil | AG41: 24152178 | AH41: 24019953 | AI41: 6.04 | AJ41: 8.58 | AK41: =0.0000002778*AH41 -> 6.6727428 | AL41: =0.0000002778*(AG41-AH41) -> 0.036732074 | AM41: 3500 | AN41: 0.9 | AO41: =$AK41*10^6*$AN41 /$AM41 -> 1715.8482 | AP41: 0.6 | AQ41: =AO41*AP41 -> 1029.5089 | AR41: =(AO41+AQ41)/AN41 -> 3050.3967 | AT41: 500 | AU41: 0.9 | AV41: =$AL41*10^6*$AU41 /$AT41 -> 66.117734 | AZ41: =AF79 -> 2020 | BA41: =SUM(AO80:AO81) -> 20350.594 | BB41: =SUM(AO82:AO83) -> 1432.122 | BC41: =SUM(AO83:AO84) -> 3435.3845 | BD41: =SUM(AO86:AO88) -> 1411.0715 | BE41: =SUM(AO89:AO90) -> 277.20359 | BF41: =AO91 -> 1125.2673 | BH41: =SUM(AV80:AV81) -> 14081.987 | BI41: =SUM(AV82:AV83) -> 92.446915 | BJ41: =SUM(AV84:AV85) -> 1880.4457 | BK41: =SUM(AV86:AV88) -> 668.57019 | BL41: =SUM(AV89:AV90) -> 0 | BM41: =SUM(AV91) -> 285.25338 | BN41: =SUM(BA41:BM41) -> 45040.346 | BQ41: {=TRANSPOSE(BA57:BD57)} -> 19872.134
A42: PL00 | B42: Bio HOB | D42: all | E42: 2035 | H42: 5136.4753 | AF42: Natural gas (high-methane) | AG42: 52871110 | AH42: 36336342 | AI42: 13.23 | AJ42: 12.98 | AK42: =0.0000002778*AH42 -> 10.094236 | AL42: =0.0000002778*(AG42-AH42) -> 4.5933584 | AM42: 3500 | AN42: 0.9 | AO42: =$AK42*10^6*$AN42 /$AM42 -> 2595.6607 | AP42: 0.6 | AQ42: =AO42*AP42 -> 1557.3964 | AR42: =(AO42+AQ42)/AN42 -> 4614.5078 | AT42: 1000 | AU42: 0.9 | AV42: =$AL42*10^6*$AU42 /$AT42 -> 4134.0225 | AZ42: =AF93 -> 2018 | BA42: =SUM(AO94:AO95) -> 22019.095 | BB42: =SUM(AO96:AO97) -> 1464.7046 | BC42: =SUM(AO97:AO98) -> 2919.3486 | BD42: =SUM(AO100:AO102) -> 1211.1016 | BE42: =SUM(AO103:AO104) -> 229.03299 | BF42: =AO105 -> 1378.3295 | BH42: =SUM(AV94:AV95) -> 15963.941 | BI42: =SUM(AV96:AV97) -> 173.8007 | BJ42: =SUM(AV98:AV99) -> 2382.9599 | BK42: =SUM(AV100:AV102) -> 516.75247 | BL42: =SUM(AV103:AV104) -> 0 | BM42: =SUM(AV105) -> 529.47985 | BN42: =SUM(BA42:BM42) -> 48788.546 | BQ42: 5151.4522
A43: PL00 | B43: Coal HOB | D43: all | E43: 2030 | H43: {=TRANSPOSE(BF55:BI55)} -> 11220.039 | AF43: Natural gas (nitrogen-rich) | AG43: 7827756.9 | AH43: 7219974.8 | AI43: 1.96 | AJ43: 2.58 | AK43: =0.0000002778*AH43 -> 2.005709 | AL43: =0.0000002778*(AG43-AH43) -> 0.16884187 | AM43: 3500 | AN43: 0.9 | AO43: =$AK43*10^6*$AN43 /$AM43 -> 515.75374 | AP43: 0.6 | AQ43: =AO43*AP43 -> 309.45225 | AR43: =(AO43+AQ43)/AN43 -> 916.89554 | AT43: 1000 | AU43: 0.9 | AV43: =$AL43*10^6*$AU43 /$AT43 -> 151.95768 | AZ43: =AF107 -> 2017 | BA43: =SUM(AO108:AO109) -> 22019.095 | BB43: =SUM(AO110:AO111) -> 1464.7046 | BC43: =SUM(AO111:AO112) -> 2919.3486 | BD43: =SUM(AO114:AO116) -> 1211.1016 | BE43: =SUM(AO117:AO118) -> 229.03299 | BF43: =AO119 -> 1378.3295 | BH43: =SUM(AV108:AV109) -> 15963.941 | BI43: =SUM(AV110:AV111) -> 173.8007 | BJ43: =SUM(AV112:AV113) -> 2382.9599 | BK43: =SUM(AV114:AV116) -> 516.75247 | BL43: =SUM(AV117:AV118) -> 0 | BM43: =SUM(AV119) -> 529.47985 | BN43: =SUM(BA43:BM43) -> 48788.546 | BQ43: 1522.8967
A44: PL00 | B44: Oil HOB | D44: all | E44: 2030 | H44: 1770.6114 | AF44: Biomass | AG44: 57149400 | AH44: 40359771 | AI44: 14.3 | AJ44: 14.42 | AK44: =0.0000002778*AH44 -> 11.211944 | AL44: =0.0000002778*(AG44-AH44) -> 4.6641589 | AM44: 6500 | AN44: 0.89 | AO44: =$AK44*10^6*$AN44 /$AM44 -> 1535.1739 | AP44: 0.5 | AQ44: =AO44*AP44 -> 767.58696 | AR44: =(AO44+AQ44)/AN44 -> 2587.3718 | AT44: 2000 | AU44: 0.9 | AV44: =$AL44*10^6*$AU44 /$AT44 -> 2098.8715 | AZ44: =AF121 -> 2016 | BA44: =SUM(AO122:AO123) -> 22698.26 | BB44: =SUM(AO124:AO125) -> 1739.6573 | BC44: =SUM(AO125:AO126) -> 2634.4792 | BD44: =SUM(AO128:AO130) -> 1136.047 | BE44: =SUM(AO131:AO132) -> 80.75323 | BF44: =AO133 -> 1321.9788 | BH44: =SUM(AV122:AV123) -> 16367.721 | BI44: =SUM(AV124:AV125) -> 172.89758 | BJ44: =SUM(AV126:AV127) -> 2611.0846 | BK44: =SUM(AV128:AV130) -> 411.45644 | BL44: =SUM(AV131:AV132) -> 0 | BM44: =SUM(AV133) -> 355.87854 | BN44: =SUM(BA44:BM44) -> 49530.214 | BQ44: 442.47075
A45: PL00 | B45: Gas HOB | D45: all | E45: 2030 | H45: 4820.7899 | AF45: Biogas | AG45: 415960.82 | AH45: 237266.8 | AI45: 0.1 | AJ45: 0.08 | AK45: =0.0000002778*AH45 -> 0.065912717 | AL45: =0.0000002778*(AG45-AH45) -> 0.049641199 | AM45: 6500 | AN45: 0.89 | AO45: =$AK45*10^6*$AN45 /$AM45 -> 9.024972 | AP45: 0.5 | AQ45: =AO45*AP45 -> 4.512486 | AR45: =(AO45+AQ45)/AN45 -> 15.210627 | AT45: 2000 | AU45: 0.9 | AV45: =$AL45*10^6*$AU45 /$AT45 -> 22.338539 | BQ45: {=TRANSPOSE(BA58:BD58)} -> 24714.986
A46: PL00 | B46: Bio HOB | D46: all | E46: 2030 | H46: 3837.0706 | AF46: Other renewable energy sources | AG46: 1365599.4 | AH46: 0 | AI46: 0.34 | AJ46: 0 | AK46: =0.0000002778*AH46 -> 0 | AL46: =0.0000002778*(AG46-AH46) -> 0.3793635 | AM46: 6500 | AN46: 0.89 | AO46: =$AK46*10^6*$AN46 /$AM46 -> 0 | AP46: 0.5 | AQ46: =AO46*AP46 -> 0 | AR46: =(AO46+AQ46)/AN46 -> 0 | AT46: 2000 | AU46: 0.9 | AV46: =$AL46*10^6*$AU46 /$AT46 -> 170.71358 | BQ46: 4186.1844
A47: PL00 | B47: Coal HOB | D47: all | E47: 2025 | H47: {=TRANSPOSE(BF56:BI56)} -> 13036.741 | AF47: Municipal solid waste | AG47: 9916547.4 | AH47: 9916547.4 | AI47: 2.48 | AJ47: 3.54 | AK47: =0.0000002778*AH47 -> 2.7548169 | AL47: =0.0000002778*(AG47-AH47) -> 0 | AM47: 8000 | AN47: 0.89 | AO47: =$AK47*10^6*$AN47 /$AM47 -> 306.47338 | AP47: 0.4 | AQ47: =AO47*AP47 -> 122.58935 | AR47: =(AO47+AQ47)/AN47 -> 482.09295 | AT47: 0 | AU47: 0.9 | BQ47: 1362.5587
A48: PL00 | B48: Oil HOB | D48: all | E48: 2025 | H48: 1161.9943 | AF48: Non-renewable industrial waste | AG48: 41101.65 | AH48: 41101.65 | AI48: 0.01 | AJ48: 0.01 | AK48: =0.0000002778*AH48 -> 0.011418038 | AL48: =0.0000002778*(AG48-AH48) -> 0 | AM48: 8000 | AN48: 0.89 | AO48: =$AK48*10^6*$AN48 /$AM48 -> 1.2702568 | AP48: 0.4 | AQ48: =AO48*AP48 -> 0.50810271 | AR48: =(AO48+AQ48)/AN48 -> 1.9981567 | AT48: 0 | AU48: 0.9 | BQ48: 434.98252
A49: PL00 | B49: Gas HOB | D49: all | E49: 2025 | H49: 3848.7503 | AF49: Other fuels | AG49: 14250766 | AH49: 10932875 | AI49: 3.57 | AJ49: 3.91 | AK49: =0.0000002778*AH49 -> 3.0371526 | AL49: =0.0000002778*(AG49-AH49) -> 0.92171027 | AM49: 3000 | AN49: 0.89 | AO49: =$AK49*10^6*$AN49 /$AM49 -> 901.02195 | AP49: 0.45 | AQ49: =AO49*AP49 -> 405.45988 | AR49: =(AO49+AQ49)/AN49 -> 1467.9571 | AT49: 1000 | AU49: 0.9 | AV49: =$AL49*10^6*$AU49 /$AT49 -> 829.53925
A50: PL00 | B50: Bio HOB | D50: all | E50: 2025 | H50: 2537.6659
A51: PL00 | B51: Coal HOB | D51: all | E51: 2020 | H51: {=TRANSPOSE(BF57:BI57)} -> 14853.443 | AF51: 2023 | AY51: Based on data and assumptions with simplified fuel classes
A52: PL00 | B52: Oil HOB | D52: all | E52: 2020 | H52: 553.37709 | AF52: Hard coal | AG52: 2.497478e+08 | AH52: 1.6196628e+08 | AI52: 60.15 | AJ52: 55.96 | AK52: =0.0000002778*AH52 -> 44.994232 | AL52: =0.0000002778*(AG52-AH52) -> 24.385707 | AM52: 2500 | AN52: 0.89 | AO52: =$AK52*10^6*$AN52 /$AM52 -> 16017.947 | AP52: 0.45 | AQ52: =AO52*AP52 -> 7208.076 | AR52: =(AO52+AQ52)/AN52 -> 26096.655 | AT52: 1500 | AU52: 0.9 | AV52: =$AL52*10^6*$AU52 /$AT52 -> 14631.424 | AY52: CHP | BA52: Coal | BB52: Gas | BC52: Bio | BD52: Waste | BE52: HOB | BF52: Coal | BG52: Oil | BH52: Gas | BI52: Bio | BJ52: Total CHP + HOB cap [MW]
A53: PL00 | B53: Gas HOB | D53: all | E53: 2020 | H53: 2876.7107 | AF53: Lignite | AG53: 4164161.7 | AH53: 3613672.9 | AI53: 1 | AJ53: 1.25 | AK53: =0.0000002778*AH53 -> 1.0038783 | AL53: =0.0000002778*(AG53-AH53) -> 0.15292579 | AM53: 2500 | AN53: 0.89 | AO53: =$AK53*10^6*$AN53 /$AM53 -> 357.38069 | AP53: 0.45 | AQ53: =AO53*AP53 -> 160.82131 | AR53: =(AO53+AQ53)/AN53 -> 582.24943 | AT53: 1500 | AU53: 0.9 | AV53: =$AL53*10^6*$AU53 /$AT53 -> 91.755475 | AY53: Trend | AZ53: 2040 | BA53: {=IF(AZ53<=2025, TREND($BA$61:$BA$67, $AZ$61:$AZ$67, AZ53), MAX(0, $AZ$71+(AZ53-2025)*$AZ$73*0.5))} -> 7765.0056 | BB53: {=TREND($BB$61:$BB$67,$AZ$61:$AZ$67,AZ53)} -> 9012.5234 | BC53: {=IF( AZ53<=2025, TREND($BC$61:$BC$67, $AZ$61:$AZ$67, AZ53), $BC$71 + (AZ53-2025)*$BC$73*5 )} -> 4088.304 | BD53: {=TREND($BD$61:$BD$67,$AZ$61:$AZ$67,AZ53)} -> 472.42368 | BF53: {=TREND($BF$61:$BF$67,$AZ$61:$AZ$67,AZ53)} -> 7586.634 | BG53: {=TREND($BG$61:$BG$67,$AZ$61:$AZ$67,AZ53)} -> 2987.8458 | BH53: {=TREND($BH$61:$BH$67,$AZ$61:$AZ$67,AZ53)} -> 6764.869 | BI53: =MAX(0,TREND($BI$61:$BI$67,$AZ$61:$AZ$67,AZ53)) -> 6435.8801 | BJ53: =SUM(BA53:BI53) -> 45113.486
A54: PL00 | B54: Bio HOB | D54: all | E54: 2020 | H54: 1238.2612 | AF54: Light fuel oil | AG54: 1871957.1 | AH54: 465879.25 | AI54: 0.45 | AJ54: 0.16 | AK54: =0.0000002778*AH54 -> 0.12942126 | AL54: =0.0000002778*(AG54-AH54) -> 0.39060842 | AM54: 3500 | AN54: 0.9 | AO54: =$AK54*10^6*$AN54 /$AM54 -> 33.279751 | AP54: 0.6 | AQ54: =AO54*AP54 -> 19.967851 | AR54: =(AO54+AQ54)/AN54 -> 59.164003 | AT54: 500 | AU54: 0.9 | AV54: =$AL54*10^6*$AU54 /$AT54 -> 703.09515 | AZ54: 2035 | BA54: {=IF(AZ54<=2025, TREND($BA$61:$BA$67, $AZ$61:$AZ$67, AZ54), MAX(0, $AZ$71+(AZ54-2025)*$AZ$73*0.5))} -> 10186.431 | BB54: {=TREND($BB$61:$BB$67,$AZ$61:$AZ$67,AZ54)} -> 8047.2556 | BC54: {=IF( AZ54<=2025, TREND($BC$61:$BC$67, $AZ$61:$AZ$67, AZ54), $BC$71 + (AZ54-2025)*$BC$73*5 )} -> 3286.6142 | BD54: {=TREND($BD$61:$BD$67,$AZ$61:$AZ$67,AZ54)} -> 464.93545 | BF54: {=TREND($BF$61:$BF$67,$AZ$61:$AZ$67,AZ54)} -> 9403.3363 | BG54: {=TREND($BG$61:$BG$67,$AZ$61:$AZ$67,AZ54)} -> 2379.2286 | BH54: {=TREND($BH$61:$BH$67,$AZ$61:$AZ$67,AZ54)} -> 5792.8295 | BI54: =MAX(0,TREND($BI$61:$BI$67,$AZ$61:$AZ$67,AZ54)) -> 5136.4753 | BJ54: =SUM(BA54:BI54) -> 44697.106
A55: PL00 | B55: Coal HOB | D55: all | E55: 2015 | H55: {=TRANSPOSE(BF58:BI58)} -> 16670.146 | AF55: Heavy fuel oil | AG55: 24043662 | AH55: 23725722 | AI55: 5.79 | AJ55: 8.2 | AK55: =0.0000002778*AH55 -> 6.5910055 | AL55: =0.0000002778*(AG55-AH55) -> 0.088323751 | AM55: 3500 | AN55: 0.9 | AO55: =$AK55*10^6*$AN55 /$AM55 -> 1694.83 | AP55: 0.6 | AQ55: =AO55*AP55 -> 1016.898 | AR55: =(AO55+AQ55)/AN55 -> 3013.0311 | AT55: 500 | AU55: 0.9 | AV55: =$AL55*10^6*$AU55 /$AT55 -> 158.98275 | AZ55: 2030 | BA55: {=IF(AZ55<=2025, TREND($BA$61:$BA$67, $AZ$61:$AZ$67, AZ55), MAX(0, $AZ$71+(AZ55-2025)*$AZ$73*0.5))} -> 12607.857 | BB55: {=TREND($BB$61:$BB$67,$AZ$61:$AZ$67,AZ55)} -> 7081.9878 | BC55: {=IF( AZ55<=2025, TREND($BC$61:$BC$67, $AZ$61:$AZ$67, AZ55), $BC$71 + (AZ55-2025)*$BC$73*5 )} -> 2484.9244 | BD55: {=TREND($BD$61:$BD$67,$AZ$61:$AZ$67,AZ55)} -> 457.44721 | BF55: {=TREND($BF$61:$BF$67,$AZ$61:$AZ$67,AZ55)} -> 11220.039 | BG55: {=TREND($BG$61:$BG$67,$AZ$61:$AZ$67,AZ55)} -> 1770.6114 | BH55: {=TREND($BH$61:$BH$67,$AZ$61:$AZ$67,AZ55)} -> 4820.7899 | BI55: =MAX(0,TREND($BI$61:$BI$67,$AZ$61:$AZ$67,AZ55)) -> 3837.0706 | BJ55: =SUM(BA55:BI55) -> 44280.727
A56: PL00 | B56: Oil HOB | D56: all | E56: 2015 | H56: -55.240082 | AF56: Natural gas (high-methane) | AG56: 46086319 | AH56: 32516534 | AI56: 11.1 | AJ56: 11.23 | AK56: =0.0000002778*AH56 -> 9.0330932 | AL56: =0.0000002778*(AG56-AH56) -> 3.7696862 | AM56: 3500 | AN56: 0.9 | AO56: =$AK56*10^6*$AN56 /$AM56 -> 2322.7954 | AP56: 0.6 | AQ56: =AO56*AP56 -> 1393.6772 | AR56: =(AO56+AQ56)/AN56 -> 4129.414 | AT56: 1000 | AU56: 0.9 | AV56: =$AL56*10^6*$AU56 /$AT56 -> 3392.7176 | AZ56: 2025 | BA56: {=IF(AZ56<=2025, TREND($BA$61:$BA$67, $AZ$61:$AZ$67, AZ56), MAX(0, $AZ$71+(AZ56-2025)*$AZ$73*0.5))} -> 15029.283 | BB56: {=TREND($BB$61:$BB$67,$AZ$61:$AZ$67,AZ56)} -> 6116.72 | BC56: {=IF( AZ56<=2025, TREND($BC$61:$BC$67, $AZ$61:$AZ$67, AZ56), $BC$71 + (AZ56-2025)*$BC$73*5 )} -> 1683.2346 | BD56: {=TREND($BD$61:$BD$67,$AZ$61:$AZ$67,AZ56)} -> 449.95898 | BF56: {=TREND($BF$61:$BF$67,$AZ$61:$AZ$67,AZ56)} -> 13036.741 | BG56: {=TREND($BG$61:$BG$67,$AZ$61:$AZ$67,AZ56)} -> 1161.9943 | BH56: {=TREND($BH$61:$BH$67,$AZ$61:$AZ$67,AZ56)} -> 3848.7503 | BI56: =MAX(0,TREND($BI$61:$BI$67,$AZ$61:$AZ$67,AZ56)) -> 2537.6659 | BJ56: =SUM(BA56:BI56) -> 43864.348
A57: PL00 | B57: Gas HOB | D57: all | E57: 2015 | H57: 1904.6711 | AF57: Natural gas (nitrogen-rich) | AG57: 7950142 | AH57: 7427465.5 | AI57: 1.91 | AJ57: 2.57 | AK57: =0.0000002778*AH57 -> 2.0633499 | AL57: =0.0000002778*(AG57-AH57) -> 0.14519953 | AM57: 3500 | AN57: 0.9 | AO57: =$AK57*10^6*$AN57 /$AM57 -> 530.57569 | AP57: 0.6 | AQ57: =AO57*AP57 -> 318.34541 | AR57: =(AO57+AQ57)/AN57 -> 943.24567 | AT57: 1000 | AU57: 0.9 | AV57: =$AL57*10^6*$AU57 /$AT57 -> 130.67958 | AZ57: 2020 | BA57: {=IF(AZ57<=2025, TREND($BA$61:$BA$67, $AZ$61:$AZ$67, AZ57), MAX(0, $AZ$71+(AZ57-2025)*$AZ$73*0.5))} -> 19872.134 | BB57: {=TREND($BB$61:$BB$67,$AZ$61:$AZ$67,AZ57)} -> 5151.4522 | BC57: {=IF( AZ57<=2025, TREND($BC$61:$BC$67, $AZ$61:$AZ$67, AZ57), $BC$71 + (AZ57-2025)*$BC$73*5 )} -> 1522.8967 | BD57: {=TREND($BD$61:$BD$67,$AZ$61:$AZ$67,AZ57)} -> 442.47075 | BF57: {=TREND($BF$61:$BF$67,$AZ$61:$AZ$67,AZ57)} -> 14853.443 | BG57: {=TREND($BG$61:$BG$67,$AZ$61:$AZ$67,AZ57)} -> 553.37709 | BH57: {=TREND($BH$61:$BH$67,$AZ$61:$AZ$67,AZ57)} -> 2876.7107 | BI57: =MAX(0,TREND($BI$61:$BI$67,$AZ$61:$AZ$67,AZ57)) -> 1238.2612 | BJ57: =SUM(BA57:BI57) -> 46510.746
A58: PL00 | B58: Bio HOB | D58: all | E58: 2015 | H58: 0 | AF58: Biomass | AG58: 58144753 | AH58: 41485939 | AI58: 14 | AJ58: 14.33 | AK58: =0.0000002778*AH58 -> 11.524794 | AL58: =0.0000002778*(AG58-AH58) -> 4.6278184 | AM58: 6500 | AN58: 0.89 | AO58: =$AK58*10^6*$AN58 /$AM58 -> 1578.0103 | AP58: 0.5 | AQ58: =AO58*AP58 -> 789.00513 | AR58: =(AO58+AQ58)/AN58 -> 2659.5678 | AT58: 2000 | AU58: 0.9 | AV58: =$AL58*10^6*$AU58 /$AT58 -> 2082.5183 | AZ58: 2015 | BA58: {=IF(AZ58<=2025, TREND($BA$61:$BA$67, $AZ$61:$AZ$67, AZ58), MAX(0, $AZ$71+(AZ58-2025)*$AZ$73*0.5))} -> 24714.986 | BB58: {=TREND($BB$61:$BB$67,$AZ$61:$AZ$67,AZ58)} -> 4186.1844 | BC58: {=IF( AZ58<=2025, TREND($BC$61:$BC$67, $AZ$61:$AZ$67, AZ58), $BC$71 + (AZ58-2025)*$BC$73*5 )} -> 1362.5587 | BD58: {=TREND($BD$61:$BD$67,$AZ$61:$AZ$67,AZ58)} -> 434.98252 | BF58: {=TREND($BF$61:$BF$67,$AZ$61:$AZ$67,AZ58)} -> 16670.146 | BG58: {=TREND($BG$61:$BG$67,$AZ$61:$AZ$67,AZ58)} -> -55.240082 | BH58: {=TREND($BH$61:$BH$67,$AZ$61:$AZ$67,AZ58)} -> 1904.6711 | BI58: =MAX(0,TREND($BI$61:$BI$67,$AZ$61:$AZ$67,AZ58)) -> 0 | BJ58: =SUM(BA58:BI58) -> 49218.288
A59: PL00 | B59: Coal CHP extraction | D59: all | E59: 1 | H59: =0.333*$BA$120 -> 166.5 | J59: =H59/(L59-M59) -> 287.06897 | L59: 0.45 | M59: -0.13 | AF59: Biogas | AG59: 342894.54 | AH59: 201105.73 | AI59: 0.08 | AJ59: 0.07 | AK59: =0.0000002778*AH59 -> 0.055867172 | AL59: =0.0000002778*(AG59-AH59) -> 0.039388931 | AM59: 6500 | AN59: 0.89 | AO59: =$AK59*10^6*$AN59 /$AM59 -> 7.6495051 | AP59: 0.5 | AQ59: =AO59*AP59 -> 3.8247525 | AR59: =(AO59+AQ59)/AN59 -> 12.892424 | AT59: 2000 | AU59: 0.9 | AV59: =$AL59*10^6*$AU59 /$AT59 -> 17.725019
A60: PL00 | B60: Gas CHP extraction | D60: all | E60: 1 | H60: =0.333*$BA$120 -> 166.5 | J60: =H60/(L60-M60) -> 147.34513 | L60: 1 | M60: -0.13 | AF60: Other renewable energy sources | AG60: 1316276.5 | AH60: 0 | AI60: 0.32 | AJ60: 0 | AK60: =0.0000002778*AH60 -> 0 | AL60: =0.0000002778*(AG60-AH60) -> 0.3656616 | AM60: 6500 | AN60: 0.89 | AO60: =$AK60*10^6*$AN60 /$AM60 -> 0 | AP60: 0.5 | AQ60: =AO60*AP60 -> 0 | AR60: =(AO60+AQ60)/AN60 -> 0 | AT60: 2000 | AU60: 0.9 | AV60: =$AL60*10^6*$AU60 /$AT60 -> 164.54772
A61: PL00 | B61: Bio CHP extraction | D61: all | E61: 1 | H61: =0.333*$BA$120 -> 166.5 | J61: =H61/(L61-M61) -> 264.28571 | L61: 0.5 | M61: -0.13 | AF61: Municipal solid waste | AG61: 7329958.6 | AH61: 7105523.7 | AI61: 1.77 | AJ61: 2.45 | AK61: =0.0000002778*AH61 -> 1.9739145 | AL61: =0.0000002778*(AG61-AH61) -> 0.062348004 | AM61: 8000 | AN61: 0.89 | AO61: =$AK61*10^6*$AN61 /$AM61 -> 219.59799 | AP61: 0.4 | AQ61: =AO61*AP61 -> 87.839195 | AR61: =(AO61+AQ61)/AN61 -> 345.43504 | AT61: 0 | AU61: 0.9 | AY61: Historical | AZ61: 2024 | BA61: =BA38+(0.2*BF38) -> 15056.929 | BB61: =BB38+BC38+(0.2*BF38) -> 6232.4575 | BC61: =BD38+(0.2*BF38) -> 1724.4033 | BD61: =BE38+(0.2*BF38) -> 487.94802 | BF61: =BH38+(0.25*$BM38) -> 13361.451 | BG61: =BI38+(0.25*$BM38) -> 1292.0078 | BH61: =BJ38+(0.25*$BM38) -> 4493.365 | BI61: =BK38+(0.25*$BM38) -> 2499.3084 | BJ61: =SUM(BA61:BI61) -> 45147.87
AF62: Non-renewable industrial waste | AG62: 1426331.2 | AH62: 1426331.2 | AI62: 0.34 | AJ62: 0.49 | AK62: =0.0000002778*AH62 -> 0.3962348 | AL62: =0.0000002778*(AG62-AH62) -> 0 | AM62: 8000 | AN62: 0.89 | AO62: =$AK62*10^6*$AN62 /$AM62 -> 44.081122 | AP62: 0.4 | AQ62: =AO62*AP62 -> 17.632449 | AR62: =(AO62+AQ62)/AN62 -> 69.34109 | AT62: 0 | AU62: 0.9 | AZ62: 2023 | BA62: =BA39+(0.2*BF39) -> 16532.224 | BB62: =BB39+BC39+(0.2*BF39) -> 5902.6321 | BC62: =BD39+(0.2*BF39) -> 1742.5568 | BD62: =BE39+(0.2*BF39) -> 420.57614 | BF62: =BH39+(0.25*$BM39) -> 14925.984 | BG62: =BI39+(0.25*$BM39) -> 1064.8816 | BH62: =BJ39+(0.25*$BM39) -> 3726.2009 | BI62: =BK39+(0.25*$BM39) -> 2467.5947 | BJ62: =SUM(BA62:BI62) -> 46782.65
AF63: Other fuels | AG63: 12763434 | AH63: 9518833.4 | AI63: 3.07 | AJ63: 3.29 | AK63: =0.0000002778*AH63 -> 2.6443319 | AL63: =0.0000002778*(AG63-AH63) -> 0.90134992 | AM63: 3000 | AN63: 0.89 | AO63: =$AK63*10^6*$AN63 /$AM63 -> 784.48513 | AP63: 0.45 | AQ63: =AO63*AP63 -> 353.01831 | AR63: =(AO63+AQ63)/AN63 -> 1278.0938 | AT63: 1000 | AU63: 0.9 | AV63: =$AL63*10^6*$AU63 /$AT63 -> 811.21493 | AZ63: 2021 | BA63: =BA40+(0.2*BF40) -> 20356.534 | BB63: =BB40+BC40+(0.2*BF40) -> 4681.4916 | BC63: =BD40+(0.2*BF40) -> 1151.1463 | BD63: =BE40+(0.2*BF40) -> 330.46964 | BF63: =BH40+(0.25*$BM40) -> 13247.396 | BG63: =BI40+(0.25*$BM40) -> 357.05797 | BH63: =BJ40+(0.25*$BM40) -> 2040.5281 | BI63: =BK40+(0.25*$BM40) -> 902.48948 | BJ63: =SUM(BA63:BI63) -> 43067.113
AZ64: 2020 | BA64: =BA41+(0.2*BF41) -> 20575.647 | BB64: =BB41+BC41+(0.2*BF41) -> 5092.56 | BC64: =BD41+(0.2*BF41) -> 1636.125 | BD64: =BE41+(0.2*BF41) -> 502.25706 | BF64: =BH41+(0.25*$BM41) -> 14153.3 | BG64: =BI41+(0.25*$BM41) -> 163.76026 | BH64: =BJ41+(0.25*$BM41) -> 1951.7591 | BI64: =BK41+(0.25*$BM41) -> 739.88354 | BJ64: =SUM(BA64:BI64) -> 44815.292
AF65: 2021 | AZ65: 2018 | BA65: =BA42+(0.2*BF42) -> 22294.761 | BB65: =BB42+BC42+(0.2*BF42) -> 4659.7191 | BC65: =BD42+(0.2*BF42) -> 1486.7675 | BD65: =BE42+(0.2*BF42) -> 504.69888 | BF65: =BH42+(0.25*$BM42) -> 16096.311 | BG65: =BI42+(0.25*$BM42) -> 306.17067 | BH65: =BJ42+(0.25*$BM42) -> 2515.3299 | BI65: =BK42+(0.25*$BM42) -> 649.12244 | BJ65: =SUM(BA65:BI65) -> 48512.88
AF66: Hard coal | AG66: 2.7881094e+08 | AH66: 2.0028882e+08 | AI66: 71.4 | AJ66: 67.8 | AK66: =0.0000002778*AH66 -> 55.640234 | AL66: =0.0000002778*(AG66-AH66) -> 21.813445 | AM66: 2500 | AN66: 0.89 | AO66: =$AK66*10^6*$AN66 /$AM66 -> 19807.923 | AP66: 0.45 | AQ66: =AO66*AP66 -> 8913.5655 | AR66: =(AO66+AQ66)/AN66 -> 32271.336 | AT66: 1500 | AU66: 0.9 | AV66: =$AL66*10^6*$AU66 /$AT66 -> 13088.067 | AZ66: 2017 | BA66: =BA43+(0.2*BF43) -> 22294.761 | BB66: =BB43+BC43+(0.2*BF43) -> 4659.7191 | BC66: =BD43+(0.2*BF43) -> 1486.7675 | BD66: =BE43+(0.2*BF43) -> 504.69888 | BF66: =BH43+(0.25*$BM43) -> 16096.311 | BG66: =BI43+(0.25*$BM43) -> 306.17067 | BH66: =BJ43+(0.25*$BM43) -> 2515.3299 | BI66: =BK43+(0.25*$BM43) -> 649.12244 | BJ66: =SUM(BA66:BI66) -> 48512.88
AF67: Lignite | AG67: 4389536.4 | AH67: 3897447.4 | AI67: 1.1 | AJ67: 1.3 | AK67: =0.0000002778*AH67 -> 1.0827109 | AL67: =0.0000002778*(AG67-AH67) -> 0.13670231 | AM67: 2500 | AN67: 0.89 | AO67: =$AK67*10^6*$AN67 /$AM67 -> 385.44508 | AP67: 0.45 | AQ67: =AO67*AP67 -> 173.45029 | AR67: =(AO67+AQ67)/AN67 -> 627.97232 | AT67: 1500 | AU67: 0.9 | AV67: =$AL67*10^6*$AU67 /$AT67 -> 82.021385 | AZ67: 2016 | BA67: =BA44+(0.2*BF44) -> 22962.656 | BB67: =BB44+BC44+(0.2*BF44) -> 4638.5322 | BC67: =BD44+(0.2*BF44) -> 1400.4428 | BD67: =BE44+(0.2*BF44) -> 345.14898 | BF67: =BH44+(0.25*$BM44) -> 16456.691 | BG67: =BI44+(0.25*$BM44) -> 261.86722 | BH67: =BJ44+(0.25*$BM44) -> 2700.0542 | BI67: =BK44+(0.25*$BM44) -> 500.42607 | BJ67: =SUM(BA67:BI67) -> 49265.818
AF68: Light fuel oil | AG68: 1288967.4 | AH68: 747049.83 | AI68: 0.3 | AJ68: 0.3 | AK68: =0.0000002778*AH68 -> 0.20753044 | AL68: =0.0000002778*(AG68-AH68) -> 0.1505447 | AM68: 3500 | AN68: 0.9 | AO68: =$AK68*10^6*$AN68 /$AM68 -> 53.364971 | AP68: 0.6 | AQ68: =AO68*AP68 -> 32.018983 | AR68: =(AO68+AQ68)/AN68 -> 94.87106 | AT68: 500 | AU68: 0.9 | AV68: =$AL68*10^6*$AU68 /$AT68 -> 270.98047
AF69: Heavy fuel oil | AG69: 19372324 | AH69: 19354786 | AI69: 5 | AJ69: 6.6 | AK69: =0.0000002778*AH69 -> 5.3767597 | AL69: =0.0000002778*(AG69-AH69) -> 0.0048718647 | AM69: 3500 | AN69: 0.9 | AO69: =$AK69*10^6*$AN69 /$AM69 -> 1382.5953 | AP69: 0.6 | AQ69: =AO69*AP69 -> 829.55721 | AR69: =(AO69+AQ69)/AN69 -> 2457.9473 | AT69: 500 | AU69: 0.9 | AV69: =$AL69*10^6*$AU69 /$AT69 -> 8.7693565 | AZ69: COAL | BC69: BIO
AF70: Natural gas (high-methane) | AG70: 30982424 | AH70: 23794887 | AI70: 7.9 | AJ70: 8.1 | AK70: =0.0000002778*AH70 -> 6.6102197 | AL70: =0.0000002778*(AG70-AH70) -> 1.9966976 | AM70: 3500 | AN70: 0.9 | AO70: =$AK70*10^6*$AN70 /$AM70 -> 1699.7708 | AP70: 0.6 | AQ70: =AO70*AP70 -> 1019.8625 | AR70: =(AO70+AQ70)/AN70 -> 3021.8147 | AT70: 1000 | AU70: 0.9 | AV70: =$AL70*10^6*$AU70 /$AT70 -> 1797.0278 | AZ70: helper: trend capacity 2025 | BC70: helper: trend capacity 2025
AF71: Natural gas (nitrogen-rich) | AG71: 6610523.7 | AH71: 5945808.3 | AI71: 1.7 | AJ71: 2 | AK71: =0.0000002778*AH71 -> 1.6517456 | AL71: =0.0000002778*(AG71-AH71) -> 0.18465792 | AM71: 3500 | AN71: 0.9 | AO71: =$AK71*10^6*$AN71 /$AM71 -> 424.73457 | AP71: 0.6 | AQ71: =AO71*AP71 -> 254.84074 | AR71: =(AO71+AQ71)/AN71 -> 755.08368 | AT71: 1000 | AU71: 0.9 | AV71: =$AL71*10^6*$AU71 /$AT71 -> 166.19213 | AZ71: {=TREND($BA$61:$BA$67, $AZ$61:$AZ$67, 2025)} -> 15029.283 | BC71: {=TREND($BC$61:$BC$67, $AZ$61:$AZ$67, 2025)} -> 1683.2346
AF72: Biomass | AG72: 31488486 | AH72: 25952397 | AI72: 8.1 | AJ72: 8.8 | AK72: =0.0000002778*AH72 -> 7.2095758 | AL72: =0.0000002778*(AG72-AH72) -> 1.5379257 | AM72: 6500 | AN72: 0.89 | AO72: =$AK72*10^6*$AN72 /$AM72 -> 987.1573 | AP72: 0.5 | AQ72: =AO72*AP72 -> 493.57865 | AR72: =(AO72+AQ72)/AN72 -> 1663.7483 | AT72: 2000 | AU72: 0.9 | AV72: =$AL72*10^6*$AU72 /$AT72 -> 692.06656 | AZ72: helper: phaseout speed | BC72: helper: increase speed
AF73: Biogas | AG73: 36854.06 | AH73: 6267.06 | AI73: 0 | AJ73: 0 | AK73: =0.0000002778*AH73 -> 0.0017409893 | AL73: =0.0000002778*(AG73-AH73) -> 0.0084970686 | AM73: 6500 | AN73: 0.89 | AO73: =$AK73*10^6*$AN73 /$AM73 -> 0.23838161 | AP73: 0.5 | AQ73: =AO73*AP73 -> 0.1191908 | AR73: =(AO73+AQ73)/AN73 -> 0.40176675 | AT73: 2000 | AU73: 0.9 | AV73: =$AL73*10^6*$AU73 /$AT73 -> 3.8236809 | AZ73: =SLOPE($BA$61:$BA$67, $AZ$61:$AZ$67) -> -968.5703 | BC73: =SLOPE($BC$61:$BC$67, $AZ$61:$AZ$67) -> 32.067592
AF74: Other renewable energy sources | AG74: 1049636 | AH74: 15390 | AI74: 0.3 | AJ74: 0 | AK74: =0.0000002778*AH74 -> 0.004275342 | AL74: =0.0000002778*(AG74-AH74) -> 0.28731354 | AM74: 6500 | AN74: 0.89 | AO74: =$AK74*10^6*$AN74 /$AM74 -> 0.58539298 | AP74: 0.5 | AQ74: =AO74*AP74 -> 0.29269649 | AR74: =(AO74+AQ74)/AN74 -> 0.98661738 | AT74: 2000 | AU74: 0.9 | AV74: =$AL74*10^6*$AU74 /$AT74 -> 129.29109
AF75: Municipal solid waste | AG75: 5414277.1 | AH75: 5413464.1 | AI75: 1.4 | AJ75: 1.8 | AK75: =0.0000002778*AH75 -> 1.5038603 | AL75: =0.0000002778*(AG75-AH75) -> 0.00022586251 | AM75: 8000 | AN75: 0.89 | AO75: =$AK75*10^6*$AN75 /$AM75 -> 167.30446 | AP75: 0.4 | AQ75: =AO75*AP75 -> 66.921784 | AR75: =(AO75+AQ75)/AN75 -> 263.17556 | AT75: 0 | AU75: 0.9
AF76: Non-renewable industrial waste | AG76: 0 | AH76: 0 | AI76: 0 | AJ76: 0 | AM76: 8000 | AN76: 0.89 | AO76: =$AK76*10^6*$AN76 /$AM76 -> 0 | AP76: 0.4 | AQ76: =AO76*AP76 -> 0 | AR76: =(AO76+AQ76)/AN76 -> 0 | AT76: 0 | AU76: 0.9
AF77: Other fuels | AG77: 11135949 | AH77: 9899117.7 | AI77: 2.9 | AJ77: 3.4 | AK77: =0.0000002778*AH77 -> 2.7499749 | AL77: =0.0000002778*(AG77-AH77) -> 0.34359179 | AM77: 3000 | AN77: 0.89 | AO77: =$AK77*10^6*$AN77 /$AM77 -> 815.82588 | AP77: 0.45 | AQ77: =AO77*AP77 -> 367.12165 | AR77: =(AO77+AQ77)/AN77 -> 1329.1545 | AT77: 1000 | AU77: 0.9 | AV77: =$AL77*10^6*$AU77 /$AT77 -> 309.23261
AF79: 2020
AF80: Hard coal | AG80: 2.8534507e+08 | AH80: 2.0142878e+08 | AI80: 67.72 | AJ80: 62.42 | AK80: =0.0000002778*AH80 -> 55.956916 | AL80: =0.0000002778*(AG80-AH80) -> 23.311944 | AM80: 2500 | AN80: 0.89 | AO80: =$AK80*10^6*$AN80 /$AM80 -> 19920.662 | AP80: 0.45 | AQ80: =AO80*AP80 -> 8964.2979 | AR80: =(AO80+AQ80)/AN80 -> 32455.011 | AT80: 1500 | AU80: 0.9 | AV80: =$AL80*10^6*$AU80 /$AT80 -> 13987.166 | AZ80: Country | BA80: Generator_ID | BB80: Scenario | BC80: Year | BD80: capacity_output1 | BE80: node_suffix_output2 | BF80: capacity_input1 | BG80: Note
AF81: Lignite | AG81: 4916154.4 | AH81: 4347275.3 | AI81: 1.17 | AJ81: 1.35 | AK81: =0.0000002778*AH81 -> 1.2076731 | AL81: =0.0000002778*(AG81-AH81) -> 0.15803461 | AM81: 2500 | AN81: 0.89 | AO81: =$AK81*10^6*$AN81 /$AM81 -> 429.93162 | AP81: 0.45 | AQ81: =AO81*AP81 -> 193.46923 | AR81: =(AO81+AQ81)/AN81 -> 700.45039 | AT81: 1500 | AU81: 0.9 | AV81: =$AL81*10^6*$AU81 /$AT81 -> 94.820768 | AZ81: PL00 | BA81: Gas CCGT new | BB81: National Trends | BC81: 2030 | BD81: 9620.715
AF82: Light fuel oil | AG82: 1236226.1 | AH82: 1070092.4 | AI82: 0.29 | AJ82: 0.33 | AK82: =0.0000002778*AH82 -> 0.29727167 | AL82: =0.0000002778*(AG82-AH82) -> 0.046151934 | AM82: 3500 | AN82: 0.9 | AO82: =$AK82*10^6*$AN82 /$AM82 -> 76.441286 | AP82: 0.6 | AQ82: =AO82*AP82 -> 45.864772 | AR82: =(AO82+AQ82)/AN82 -> 135.89562 | AT82: 500 | AU82: 0.9 | AV82: =$AL82*10^6*$AU82 /$AT82 -> 83.07348 | AY82: coal | AZ82: PL00 | BA82: Hard coal new | BB82: National Trends | BC82: 2030 | BD82: 1663
AF83: Heavy fuel oil | AG83: 18996757 | AH83: 18978012 | AI83: 4.51 | AJ83: 5.88 | AK83: =0.0000002778*AH83 -> 5.2720918 | AL83: =0.0000002778*(AG83-AH83) -> 0.0052074638 | AM83: 3500 | AN83: 0.9 | AO83: =$AK83*10^6*$AN83 /$AM83 -> 1355.6807 | AP83: 0.6 | AQ83: =AO83*AP83 -> 813.40844 | AR83: =(AO83+AQ83)/AN83 -> 2410.0991 | AT83: 500 | AU83: 0.9 | AV83: =$AL83*10^6*$AU83 /$AT83 -> 9.3734348 | AY83: gas | AZ83: PL00 | BA83: Hard coal new Bio | BB83: National Trends | BC83: 2030 | BD83: 3305.506
AF84: Natural gas (high-methane) | AG84: 36257839 | AH84: 29113524 | AI84: 8.6 | AJ84: 9.02 | AK84: =0.0000002778*AH84 -> 8.0877369 | AL84: =0.0000002778*(AG84-AH84) -> 1.9846908 | AM84: 3500 | AN84: 0.9 | AO84: =$AK84*10^6*$AN84 /$AM84 -> 2079.7038 | AP84: 0.6 | AQ84: =AO84*AP84 -> 1247.8223 | AR84: =(AO84+AQ84)/AN84 -> 3697.2512 | AT84: 1000 | AU84: 0.9 | AV84: =$AL84*10^6*$AU84 /$AT84 -> 1786.2218 | AY84: bio | AZ84: PL00 | BA84: Hard coal old 1 | BB84: National Trends | BC84: 2030 | BD84: 5466.571
AF85: Natural gas (nitrogen-rich) | AG85: 8425678.2 | AH85: 8048812.4 | AI85: 2 | AJ85: 2.49 | AK85: =0.0000002778*AH85 -> 2.2359601 | AL85: =0.0000002778*(AG85-AH85) -> 0.10469332 | AM85: 3500 | AN85: 0.9 | AO85: =$AK85*10^6*$AN85 /$AM85 -> 574.96117 | AP85: 0.6 | AQ85: =AO85*AP85 -> 344.9767 | AR85: =(AO85+AQ85)/AN85 -> 1022.1532 | AT85: 1000 | AU85: 0.9 | AV85: =$AL85*10^6*$AU85 /$AT85 -> 94.223987 | AY85: coal | AZ85: PL00 | BA85: Hard coal old 2 | BB85: National Trends | BC85: 2030 | BD85: 1872.12
AF86: Biomass | AG86: 41548380 | AH86: 36921746 | AI86: 9.86 | AJ86: 11.44 | AK86: =0.0000002778*AH86 -> 10.256861 | AL86: =0.0000002778*(AG86-AH86) -> 1.2852788 | AM86: 6500 | AN86: 0.89 | AO86: =$AK86*10^6*$AN86 /$AM86 -> 1404.401 | AP86: 0.5 | AQ86: =AO86*AP86 -> 702.2005 | AR86: =(AO86+AQ86)/AN86 -> 2366.968 | AT86: 2000 | AU86: 0.9 | AV86: =$AL86*10^6*$AU86 /$AT86 -> 578.37544 | AY86: coal | AZ86: PL00 | BA86: Lignite old 1 | BB86: National Trends | BC86: 2030 | BD86: 4696.005
AF87: Biogas | AG87: 175368.53 | AH87: 175368.53 | AI87: 0.04 | AJ87: 0.05 | AK87: =0.0000002778*AH87 -> 0.048717378 | AL87: =0.0000002778*(AG87-AH87) -> 0 | AM87: 6500 | AN87: 0.89 | AO87: =$AK87*10^6*$AN87 /$AM87 -> 6.6705332 | AP87: 0.5 | AQ87: =AO87*AP87 -> 3.3352666 | AR87: =(AO87+AQ87)/AN87 -> 11.242472 | AT87: 2000 | AU87: 0.9 | AV87: =$AL87*10^6*$AU87 /$AT87 -> 0 | AY87: gas | AZ87: PL00 | BA87: Lignite old 2 | BB87: National Trends | BC87: 2030 | BD87: 1824
AF88: Other renewable energy sources | AG88: 721500.3 | AH88: 0 | AI88: 0.17 | AJ88: 0 | AK88: =0.0000002778*AH88 -> 0 | AL88: =0.0000002778*(AG88-AH88) -> 0.20043278 | AM88: 6500 | AN88: 0.89 | AO88: =$AK88*10^6*$AN88 /$AM88 -> 0 | AP88: 0.5 | AQ88: =AO88*AP88 -> 0 | AR88: =(AO88+AQ88)/AN88 -> 0 | AT88: 2000 | AU88: 0.9 | AV88: =$AL88*10^6*$AU88 /$AT88 -> 90.194753 | AY88: bio | AZ88: PL00 | BA88: Gas CCGT new | BB88: National Trends | BC88: 2040 | BD88: 9781.716
AF89: Municipal solid waste | AG89: 7762979.4 | AH89: 7761746.2 | AI89: 1.84 | AJ89: 2.41 | AK89: =0.0000002778*AH89 -> 2.1562131 | AL89: =0.0000002778*(AG89-AH89) -> 0.00034258296 | AM89: 8000 | AN89: 0.89 | AO89: =$AK89*10^6*$AN89 /$AM89 -> 239.87871 | AP89: 0.4 | AQ89: =AO89*AP89 -> 95.951482 | AR89: =(AO89+AQ89)/AN89 -> 377.33729 | AT89: 0 | AU89: 0.9 | AY89: bio | AZ89: PL00 | BA89: Hard coal new | BB89: National Trends | BC89: 2040 | BD89: 1663
AF90: Non-renewable industrial waste | AG90: 1207719.9 | AH90: 1207719.9 | AI90: 0.29 | AJ90: 0.37 | AK90: =0.0000002778*AH90 -> 0.3355046 | AL90: =0.0000002778*(AG90-AH90) -> 0 | AM90: 8000 | AN90: 0.89 | AO90: =$AK90*10^6*$AN90 /$AM90 -> 37.324887 | AP90: 0.4 | AQ90: =AO90*AP90 -> 14.929955 | AR90: =(AO90+AQ90)/AN90 -> 58.713305 | AT90: 0 | AU90: 0.9 | AY90: bio | AZ90: PL00 | BA90: Hard coal old 1 | BB90: National Trends | BC90: 2040 | BD90: 1425
AF91: Other fuels | AG91: 14794759 | AH91: 13653837 | AI91: 3.51 | AJ91: 4.23 | AK91: =0.0000002778*AH91 -> 3.793036 | AL91: =0.0000002778*(AG91-AH91) -> 0.3169482 | AM91: 3000 | AN91: 0.89 | AO91: =$AK91*10^6*$AN91 /$AM91 -> 1125.2673 | AP91: 0.45 | AQ91: =AO91*AP91 -> 506.3703 | AR91: =(AO91+AQ91)/AN91 -> 1833.3007 | AT91: 1000 | AU91: 0.9 | AV91: =$AL91*10^6*$AU91 /$AT91 -> 285.25338 | AZ91: PL00 | BA91: Hard coal old 2 | BB91: National Trends | BC91: 2040 | BD91: 2172
AZ92: PL00 | BA92: Lignite old 1 | BB92: National Trends | BC92: 2040 | BD92: 237
AF93: 2018 | AZ93: PL00 | BA93: Lignite old 2 | BB93: National Trends | BC93: 2040 | BD93: 446
AF94: Hard coal | AG94: 3.1318256e+08 | AH94: 2.1796285e+08 | AI94: 71.27 | AJ94: 66.56 | AK94: =0.0000002778*AH94 -> 60.550079 | AL94: =0.0000002778*(AG94-AH94) -> 26.452036 | AM94: 2500 | AN94: 0.89 | AO94: =$AK94*10^6*$AN94 /$AM94 -> 21555.828 | AP94: 0.45 | AQ94: =AO94*AP94 -> 9700.1226 | AR94: =(AO94+AQ94)/AN94 -> 35119.046 | AT94: 1500 | AU94: 0.9 | AV94: =$AL94*10^6*$AU94 /$AT94 -> 15871.222
AF95: Lignite | AG95: 5240615.5 | AH95: 4684343.8 | AI95: 1.19 | AJ95: 1.43 | AK95: =0.0000002778*AH95 -> 1.3013107 | AL95: =0.0000002778*(AG95-AH95) -> 0.15453228 | AM95: 2500 | AN95: 0.89 | AO95: =$AK95*10^6*$AN95 /$AM95 -> 463.26661 | AP95: 0.45 | AQ95: =AO95*AP95 -> 208.46998 | AR95: =(AO95+AQ95)/AN95 -> 754.76021 | AT95: 1500 | AU95: 0.9 | AV95: =$AL95*10^6*$AU95 /$AT95 -> 92.719367
AF96: Light fuel oil | AG96: 947553.8 | AH96: 620790.9 | AI96: 0.22 | AJ96: 0.19 | AK96: =0.0000002778*AH96 -> 0.17245571 | AL96: =0.0000002778*(AG96-AH96) -> 0.090774734 | AM96: 3500 | AN96: 0.9 | AO96: =$AK96*10^6*$AN96 /$AM96 -> 44.345755 | AP96: 0.6 | AQ96: =AO96*AP96 -> 26.607453 | AR96: =(AO96+AQ96)/AN96 -> 78.836897 | AT96: 500 | AU96: 0.9 | AV96: =$AL96*10^6*$AU96 /$AT96 -> 163.39452
AF97: Heavy fuel oil | AG97: 19904244 | AH97: 19883434 | AI97: 4.53 | AJ97: 6.07 | AK97: =0.0000002778*AH97 -> 5.5236179 | AL97: =0.0000002778*(AG97-AH97) -> 0.0057812125 | AM97: 3500 | AN97: 0.9 | AO97: =$AK97*10^6*$AN97 /$AM97 -> 1420.3589 | AP97: 0.6 | AQ97: =AO97*AP97 -> 852.21533 | AR97: =(AO97+AQ97)/AN97 -> 2525.0825 | AT97: 500 | AU97: 0.9 | AV97: =$AL97*10^6*$AU97 /$AT97 -> 10.406182
AF98: Natural gas (high-methane) | AG98: 29861216 | AH98: 20984177 | AI98: 6.8 | AJ98: 6.41 | AK98: =0.0000002778*AH98 -> 5.8294044 | AL98: =0.0000002778*(AG98-AH98) -> 2.4660413 | AM98: 3500 | AN98: 0.9 | AO98: =$AK98*10^6*$AN98 /$AM98 -> 1498.9897 | AP98: 0.6 | AQ98: =AO98*AP98 -> 899.39383 | AR98: =(AO98+AQ98)/AN98 -> 2664.8706 | AT98: 1000 | AU98: 0.9 | AV98: =$AL98*10^6*$AU98 /$AT98 -> 2219.4372
AF99: Natural gas (nitrogen-rich) | AG99: 8000148.8 | AH99: 7346110.1 | AI99: 1.82 | AJ99: 2.24 | AK99: =0.0000002778*AH99 -> 2.0407494 | AL99: =0.0000002778*(AG99-AH99) -> 0.18169195 | AM99: 3500 | AN99: 0.9 | AO99: =$AK99*10^6*$AN99 /$AM99 -> 524.76413 | AP99: 0.6 | AQ99: =AO99*AP99 -> 314.85848 | AR99: =(AO99+AQ99)/AN99 -> 932.914 | AT99: 1000 | AU99: 0.9 | AV99: =$AL99*10^6*$AU99 /$AT99 -> 163.52276
AF100: Biomass | AG100: 35089988 | AH100: 31647502 | AI100: 7.99 | AJ100: 9.66 | AK100: =0.0000002778*AH100 -> 8.791676 | AL100: =0.0000002778*(AG100-AH100) -> 0.9563225 | AM100: 6500 | AN100: 0.89 | AO100: =$AK100*10^6*$AN100 /$AM100 -> 1203.7833 | AP100: 0.5 | AQ100: =AO100*AP100 -> 601.89167 | AR100: =(AO100+AQ100)/AN100 -> 2028.8483 | AT100: 2000 | AU100: 0.9 | AV100: =$AL100*10^6*$AU100 /$AT100 -> 430.34512
AF101: Biogas | AG101: 140695.7 | AH101: 133678.6 | AI101: 0.03 | AJ101: 0.04 | AK101: =0.0000002778*AH101 -> 0.037135915 | AL101: =0.0000002778*(AG101-AH101) -> 0.0019493504 | AM101: 6500 | AN101: 0.89 | AO101: =$AK101*10^6*$AN101 /$AM101 -> 5.0847638 | AP101: 0.5 | AQ101: =AO101*AP101 -> 2.5423819 | AR101: =(AO101+AQ101)/AN101 -> 8.5698266 | AT101: 2000 | AU101: 0.9 | AV101: =$AL101*10^6*$AU101 /$AT101 -> 0.87720767
...

Sheet PL00_sanity check
C4: Testing with couple different climate years if the new dheat capacities can match the maximum dheat demand. FLH were changed in the way that capacity satisfies the CY 1987's max demand so thats why current CY2105 dheat capacity is much over the peak demand
C8: year | D8: CY | E8: Max demand | F8: Total cap | G8: peak power vs demand | H8: demand
C9: 2040 | D9: 2015 | E9: =MIN(H9:LYE9)*-1 -> 24602 | F9: =PL00!BJ53 -> 45113.486 | G9: =F9/E9 -> 1.8337324 | H9: -20186 | I9: -19972 | J9: -19757 | K9: -19543 | L9: -19330 | M9: -19117 | N9: -18903 | O9: -18701 | P9: -18522 | Q9: -18367 | R9: -18229 | S9: -18104 | T9: -17991 | U9: -17887 | V9: -17787 | W9: -17693 | X9: -17610 | Y9: -17537 | Z9: -17474 | AA9: -17420 | AB9: -17376 | AC9: -17339 | AD9: -17308 | AE9: -17282 | AF9: -17260 | AG9: -17238 | AH9: -17215 | AI9: -17194 | AJ9: -17175 | AK9: -17160 | AL9: -17148 | AM9: -17132 | AN9: -17108 | AO9: -17072 | AP9: -17028 | AQ9: -16979 | AR9: -16925 | AS9: -16868 | AT9: -16802 | AU9: -16726 | AV9: -16643 | AW9: -16554 | AX9: -16461 | AY9: -16368 | AZ9: -16276 | BA9: -16187 | BB9: -16104 | BC9: -16022 | BD9: -15945 | BE9: -15873 | BF9: -15808 | BG9: -15747 | BH9: -15692 | BI9: -15642 | BJ9: -15604 | BK9: -15579 | BL9: -15562 | BM9: -15551 | BN9: -15546 | BO9: -15551 | BP9: -15565 | BQ9: -15587 | BR9: -15617 | BS9: -15653 | BT9: -15695 | BU9: -15740 | BV9: -15788 | BW9: -15838 | BX9: -15891 | BY9: -15945 | BZ9: -16002 | CA9: -16059 | CB9: -16113 | CC9: -16164 | CD9: -16212 | CE9: -16259 | CF9: -16305 | CG9: -16351 | CH9: -16393 | CI9: -16430 | CJ9: -16463 | CK9: -16494 | CL9: -16522 | CM9: -16548 | CN9: -16573 | CO9: -16600 | CP9: -16634 | CQ9: -16674 | CR9: -16716 | CS9: -16758 | CT9: -16800 | CU9: -16841 | CV9: -16883 | CW9: -16924 | CX9: -16966 | CY9: -17015 | CZ9: -17073 | DA9: -17138 | DB9: -17207 | DC9: -17278 | DD9: -17348 | DE9: -17411 | DF9: -17467 | DG9: -17514 | DH9: -17551 | DI9: -17584 | DJ9: -17615 | DK9: -17644 | DL9: -17672 | DM9: -17702 | DN9: -17739 | DO9: -17776 | DP9: -17813 | DQ9: -17854 | DR9: -17899 | DS9: -17946 | DT9: -17997 | DU9: -18049 | DV9: -18105 | DW9: -18162 | DX9: -18225 | DY9: -18295 | DZ9: -18377 | EA9: -18473 | EB9: -18587 | EC9: -18727 | ED9: -18891 | EE9: -19063 | EF9: -19226 | EG9: -19386 | EH9: -19546 | EI9: -19708 | EJ9: -19872 | EK9: -20046 | EL9: -20258 | EM9: -20498 | EN9: -20750 | EO9: -21012 | EP9: -21281 | EQ9: -21556 | ER9: -21834 | ES9: -22113 | ET9: -22392 | EU9: -22666 | EV9: -22932 | EW9: -23188 | EX9: -23429 | EY9: -23650 | EZ9: -23843 | FA9: -24003 | FB9: -24129 | FC9: -24236 | FD9: -24336 | FE9: -24426 | FF9: -24499 | FG9: -24555 | FH9: -24593 | FI9: -24602 | FJ9: -24562 | FK9: -24491 | FL9: -24400 | FM9: -24289 | FN9: -24158 | FO9: -24007 | FP9: -23838 | FQ9: -23650 | FR9: -23444 | FS9: -23225 | FT9: -22997 | FU9: -22765 | FV9: -22532 | FW9: -22304 | FX9: -22084 | FY9: -21875 | FZ9: -21677 | GA9: -21492 | GB9: -21321 | GC9: -21158 | GD9: -20997 | GE9: -20839 | GF9: -20686 | GG9: -20537 | GH9: -20386 | GI9: -20235 | GJ9: -20086 | GK9: -19940 | GL9: -19798 | GM9: -19659 | GN9: -19525 | GO9: -19393 | GP9: -19261 | GQ9: -19124 | GR9: -18977 | GS9: -18817 | GT9: -18643 | GU9: -18456 | GV9: -18260 | GW9: -18061 | GX9: -17865 | GY9: -17682 | GZ9: -17518 | HA9: -17376 | HB9: -17255 | HC9: -17149 | HD9: -17050 | HE9: -16944 | HF9: -16817 | HG9: -16675 | HH9: -16524 | HI9: -16366 | HJ9: -16206 | HK9: -16047 | HL9: -15890 | HM9: -15743 | HN9: -15610 | HO9: -15495 | HP9: -15400 | HQ9: -15326 | HR9: -15274 | HS9: -15244 | HT9: -15229 | HU9: -15221 | HV9: -15212 | HW9: -15197 | HX9: -15176 | HY9: -15147 | HZ9: -15109 | IA9: -15052 | IB9: -14969 | IC9: -14863 | ID9: -14742 | IE9: -14608 | IF9: -14466 | IG9: -14326 | IH9: -14198 | II9: -14089 | IJ9: -14010 | IK9: -13961 | IL9: -13938 | IM9: -13935 | IN9: -13947 | IO9: -13966 | IP9: -13991 | IQ9: -14021 | IR9: -14055 | IS9: -14093 | IT9: -14134 | IU9: -14168 | IV9: -14190 | IW9: -14210 | IX9: -14241 | IY9: -14295 | IZ9: -14381 | JA9: -14502 | JB9: -14657 | JC9: -14839 | JD9: -15034 | JE9: -15234 | JF9: -15426 | JG9: -15600 | JH9: -15745 | JI9: -15859 | JJ9: -15943 | JK9: -15999 | JL9: -16035 | JM9: -16058 | JN9: -16069 | JO9: -16068 | JP9: -16055 | JQ9: -16034 | JR9: -16007 | JS9: -15983 | JT9: -15962 | JU9: -15941 | JV9: -15915 | JW9: -15882 | JX9: -15848 | JY9: -15809 | JZ9: -15765 | KA9: -15716 | KB9: -15665 | KC9: -15611 | KD9: -15558 | KE9: -15506 | KF9: -15453 | KG9: -15396 | KH9: -15337 | KI9: -15278 | KJ9: -15219 | KK9: -15158 | KL9: -15096 | KM9: -15035 | KN9: -14977 | KO9: -14924 | KP9: -14877 | KQ9: -14833 | KR9: -14787 | KS9: -14729 | KT9: -14650 | KU9: -14550 | KV9: -14434 | KW9: -14325 | KX9: -14245 | KY9: -14188 | KZ9: -14146 | LA9: -14118 | LB9: -14098 | LC9: -14086 | LD9: -14081 | LE9: -14079 | LF9: -14076 | LG9: -14070 | LH9: -14064 | LI9: -14060 | LJ9: -14058 | LK9: -14061 | LL9: -14071 | LM9: -14085 | LN9: -14103 | LO9: -14115 | LP9: -14120 | LQ9: -14121 | LR9: -14123 | LS9: -14134 | LT9: -14161 | LU9: -14199 | LV9: -14242 | LW9: -14296 | LX9: -14362 | LY9: -14442 | LZ9: -14531 | MA9: -14620 | MB9: -14704 | MC9: -14787 | MD9: -14870 | ME9: -14958 | MF9: -15045 | MG9: -15130 | MH9: -15215 | MI9: -15300 | MJ9: -15390 | MK9: -15488 | ML9: -15587 | MM9: -15682 | MN9: -15776 | MO9: -15878 | MP9: -15989 | MQ9: -16099 | MR9: -16199 | MS9: -16294 | MT9: -16408 | MU9: -16508 | MV9: -16577 | MW9: -16614 | MX9: -16626 | MY9: -16625 | MZ9: -16618 | NA9: -16608 | NB9: -16594 | NC9: -16576 | ND9: -16553 | NE9: -16525 | NF9: -16491 | NG9: -16452 | NH9: -16404 | NI9: -16346 | NJ9: -16280 | NK9: -16211 | NL9: -16132 | NM9: -16034 | NN9: -15919 | NO9: -15794 | NP9: -15675 | NQ9: -15575 | NR9: -15485 | NS9: -15400 | NT9: -15329 | NU9: -15276 | NV9: -15238 | NW9: -15214 | NX9: -15198 | NY9: -15190 | NZ9: -15183 | OA9: -15182 | OB9: -15187 | OC9: -15198 | OD9: -15211 | OE9: -15224 | OF9: -15233 | OG9: -15241 | OH9: -15249 | OI9: -15259 | OJ9: -15279 | OK9: -15314 | OL9: -15363 | OM9: -15424 | ON9: -15488 | OO9: -15535 | OP9: -15555 | OQ9: -15568 | OR9: -15583 | OS9: -15598 | OT9: -15612 | OU9: -15629 | OV9: -15647 | OW9: -15667 | OX9: -15692 | OY9: -15721 | OZ9: -15755 | PA9: -15795 | PB9: -15839 | PC9: -15891 | PD9: -15947 | PE9: -16006 | PF9: -16067 | PG9: -16131 | PH9: -16200 | PI9: -16270 | PJ9: -16339 | PK9: -16406 | PL9: -16469 | PM9: -16532 | PN9: -16604 | PO9: -16684 | PP9: -16763 | PQ9: -16838 | PR9: -16908 | PS9: -16972 | PT9: -17034 | PU9: -17099 | PV9: -17168 | PW9: -17238 | PX9: -17306 | PY9: -17371 | PZ9: -17433 | QA9: -17488 | QB9: -17537 | QC9: -17579 | QD9: -17617 | QE9: -17655 | QF9: -17686 | QG9: -17713 | QH9: -17744 | QI9: -17780 | QJ9: -17820 | QK9: -17859 | QL9: -17900 | QM9: -17935 | QN9: -17960 | QO9: -17982 | QP9: -18001 | QQ9: -18021 | QR9: -18039 | QS9: -18050 | QT9: -18055 | QU9: -18055 | QV9: -18052 | QW9: -18047 | QX9: -18039 | QY9: -18031 | QZ9: -18025 | RA9: -18017 | RB9: -18005 | RC9: -17987 | RD9: -17971 | RE9: -17962 | RF9: -17959 | RG9: -17962 | RH9: -17968 | RI9: -17975 | RJ9: -17958 | RK9: -17932 | RL9: -17904 | RM9: -17874 | RN9: -17841 | RO9: -17806 | RP9: -17767 | RQ9: -17728 | RR9: -17689 | RS9: -17650 | RT9: -17613 | RU9: -17576 | RV9: -17542 | RW9: -17511 | RX9: -17485 | RY9: -17464 | RZ9: -17447 | SA9: -17427 | SB9: -17402 | SC9: -17371 | SD9: -17334 | SE9: -17292 | SF9: -17249 | SG9: -17211 | SH9: -17192 | SI9: -17189 | SJ9: -17195 | SK9: -17205 | SL9: -17217 | SM9: -17229 | SN9: -17242 | SO9: -17258 | SP9: -17275 | SQ9: -17293 | SR9: -17313 | SS9: -17333 | ST9: -17352 | SU9: -17367 | SV9: -17380 | SW9: -17391 | SX9: -17401 | SY9: -17413 | SZ9: -17428 | TA9: -17442 | TB9: -17458 | TC9: -17474 | TD9: -17491 | TE9: -17503 | TF9: -17507 | TG9: -17497 | TH9: -17478 | TI9: -17458 | TJ9: -17438 | TK9: -17418 | TL9: -17398 | TM9: -17378 | TN9: -17358 | TO9: -17338 | TP9: -17320 | TQ9: -17303 | TR9: -17290 | TS9: -17281 | TT9: -17274 | TU9: -17269 | TV9: -17266 | TW9: -17270 | TX9: -17280 | TY9: -17299 | TZ9: -17325 | UA9: -17356 | UB9: -17388 | UC9: -17412 | UD9: -17427 | UE9: -17454 | UF9: -17490 | UG9: -17532 | UH9: -17581 | UI9: -17634 | UJ9: -17692 | UK9: -17753 | UL9: -17816 | UM9: -17881 | UN9: -17947 | UO9: -18012 | UP9: -18076 | UQ9: -18139 | UR9: -18202 | US9: -18265 | UT9: -18330 | UU9: -18397 | UV9: -18463 | UW9: -18523 | UX9: -18576 | UY9: -18622 | UZ9: -18664 | VA9: -18703 | VB9: -18735 | VC9: -18757 | VD9: -18775 | VE9: -18785 | VF9: -18787 | VG9: -18784 | VH9: -18774 | VI9: -18762 | VJ9: -18749 | VK9: -18733 | VL9: -18716 | VM9: -18698 | VN9: -18680 | VO9: -18659 | VP9: -18637 | VQ9: -18615 | VR9: -18589 | VS9: -18567 | VT9: -18554 | VU9: -18555 | VV9: -18567 | VW9: -18583 | VX9: -18600 | VY9: -18612 | VZ9: -18615 | WA9: -18616 | WB9: -18622 | WC9: -18633 | WD9: -18648 | WE9: -18669 | WF9: -18694 | WG9: -18721 | WH9: -18751 | WI9: -18784 | WJ9: -18818 | WK9: -18852 | WL9: -18886 | WM9: -18922 | WN9: -18961 | WO9: -19002 | WP9: -19044 | WQ9: -19076 | WR9: -19083 | WS9: -19066 | WT9: -19033 | WU9: -18997 | WV9: -18961 | WW9: -18932 | WX9: -18928 | WY9: -18939 | WZ9: -18955 | XA9: -18977 | XB9: -19008 | XC9: -19047 | XD9: -19092 | XE9: -19140 | XF9: -19188 | XG9: -19232 | XH9: -19274 | XI9: -19313 | XJ9: -19347 | XK9: -19374 | XL9: -19394 | XM9: -19405 | XN9: -19407 | XO9: -19400 | XP9: -19397 | XQ9: -19399 | XR9: -19403 | XS9: -19403 | XT9: -19399 | XU9: -19388 | XV9: -19363 | XW9: -19324 | XX9: -19275 | XY9: -19214 | XZ9: -19140 | YA9: -19052 | YB9: -18954 | YC9: -18850 | YD9: -18744 | YE9: -18639 | YF9: -18536 | YG9: -18437 | YH9: -18342 | YI9: -18251 | YJ9: -18165 | YK9: -18088 | YL9: -18019 | YM9: -17960 | YN9: -17910 | YO9: -17867 | YP9: -17835 | YQ9: -17812 | YR9: -17795 | YS9: -17778 | YT9: -17767 | YU9: -17771 | YV9: -17783 | YW9: -17803 | YX9: -17831 | YY9: -17866 | YZ9: -17902 | ZA9: -17940 | ZB9: -17982 | ZC9: -18023 | ZD9: -18062 | ZE9: -18098 | ZF9: -18130 | ZG9: -18152 | ZH9: -18162 | ZI9: -18157 | ZJ9: -18144 | ZK9: -18136 | ZL9: -18133 | ZM9: -18136 | ZN9: -18141 | ZO9: -18145 | ZP9: -18148 | ZQ9: -18153 | ZR9: -18163 | ZS9: -18182 | ZT9: -18205 | ZU9: -18228 | ZV9: -18249 | ZW9: -18272 | ZX9: -18303 | ZY9: -18338 | ZZ9: -18376 | AAA9: -18420 | AAB9: -18465 | AAC9: -18512 | AAD9: -18560 | AAE9: -18612 | AAF9: -18668 | AAG9: -18728 | AAH9: -18785 | AAI9: -18829 | AAJ9: -18862 | AAK9: -18881 | AAL9: -18888 | AAM9: -18887 | AAN9: -18883 | AAO9: -18878 | AAP9: -18850 | AAQ9: -18789 | AAR9: -18718 | AAS9: -18643 | AAT9: -18567 | AAU9: -18487 | AAV9: -18399 | AAW9: -18308 | AAX9: -18217 | AAY9: -18126 | AAZ9: -18039 | ABA9: -17956 | ABB9: -17884 | ABC9: -17824 | ABD9: -17777 | ABE9: -17742 | ABF9: -17717 | ABG9: -17703 | ABH9: -17702 | ABI9: -17715 | ABJ9: -17745 | ABK9: -17785 | ABL9: -17831 | ABM9: -17879 | ABN9: -17934 | ABO9: -18007 | ABP9: -18087 | ABQ9: -18171 | ABR9: -18253 | ABS9: -18333 | ABT9: -18414 | ABU9: -18490 | ABV9: -18560 | ABW9: -18629 | ABX9: -18700 | ABY9: -18779 | ABZ9: -18861 | ACA9: -18947 | ACB9: -19039 | ACC9: -19137 | ACD9: -19240 | ACE9: -19324 | ACF9: -19373 | ACG9: -19387 | ACH9: -19368 | ACI9: -19331 | ACJ9: -19285 | ACK9: -19240 | ACL9: -19229 | ACM9: -19257 | ACN9: -19297 | ACO9: -19341 | ACP9: -19387 | ACQ9: -19434 | ACR9: -19484 | ACS9: -19540 | ACT9: -19600 | ACU9: -19658 | ACV9: -19712 | ACW9: -19758 | ACX9: -19795 | ACY9: -19825 | ACZ9: -19849 | ADA9: -19866 | ADB9: -19872 | ADC9: -19871 | ADD9: -19875 | ADE9: -19887 | ADF9: -19905 | ADG9: -19927 | ADH9: -19953 | ADI9: -19980 | ADJ9: -19989 | ADK9: -19975 | ADL9: -19953 | ADM9: -19929 | ADN9: -19906 | ADO9: -19883 | ADP9: -19857 | ADQ9: -19827 | ADR9: -19796 | ADS9: -19762 | ADT9: -19727 | ADU9: -19690 | ADV9: -19651 | ADW9: -19608 | ADX9: -19564 | ADY9: -19522 | ADZ9: -19487 | AEA9: -19461 | AEB9: -19439 | AEC9: -19419 | AED9: -19407 | AEE9: -19401 | AEF9: -19397 | AEG9: -19393 | AEH9: -19395 | AEI9: -19406 | AEJ9: -19419 | AEK9: -19429 | AEL9: -19438 | AEM9: -19447 | AEN9: -19461 | AEO9: -19481 | AEP9: -19509 | AEQ9: -19546 | AER9: -19591 | AES9: -19641 | AET9: -19695 | AEU9: -19751 | AEV9: -19805 | AEW9: -19854 | AEX9: -19893 | AEY9: -19925 | AEZ9: -19955 | AFA9: -19984 | AFB9: -20014 | AFC9: -20041 | AFD9: -20068 | AFE9: -20093 | AFF9: -20104 | AFG9: -20106 | AFH9: -20112 | AFI9: -20125 | AFJ9: -20144 | AFK9: -20167 | AFL9: -20190 | AFM9: -20212 | AFN9: -20227 | AFO9: -20235 | AFP9: -20237 | AFQ9: -20235 | AFR9: -20230 | AFS9: -20222 | AFT9: -20215 | AFU9: -20212 | AFV9: -20216 | AFW9: -20222 | AFX9: -20215 | AFY9: -20205 | AFZ9: -20200 | AGA9: -20198 | AGB9: -20199 | AGC9: -20204 | AGD9: -20225 | AGE9: -20268 | AGF9: -20314 | AGG9: -20357 | AGH9: -20401 | AGI9: -20450 | AGJ9: -20504 | AGK9: -20558 | AGL9: -20610 | AGM9: -20658 | AGN9: -20702 | AGO9: -20745 | AGP9: -20786 | AGQ9: -20828 | AGR9: -20872 | AGS9: -20918 | AGT9: -20962 | AGU9: -21001 | AGV9: -21043 | AGW9: -21090 | AGX9: -21133 | AGY9: -21168 | AGZ9: -21199 | AHA9: -21226 | AHB9: -21242 | AHC9: -21247 | AHD9: -21250 | AHE9: -21257 | AHF9: -21262 | AHG9: -21262 | AHH9: -21261 | AHI9: -21263 | AHJ9: -21269 | AHK9: -21279 | AHL9: -21293 | AHM9: -21306 | AHN9: -21313 | AHO9: -21312 | AHP9: -21303 | AHQ9: -21285 | AHR9: -21261 | AHS9: -21247 | AHT9: -21244 | AHU9: -21244 | AHV9: -21244 | AHW9: -21239 | AHX9: -21226 | AHY9: -21201 | AHZ9: -21155 | AIA9: -21080 | AIB9: -20986 | AIC9: -20876 | AID9: -20749 | AIE9: -20606 | AIF9: -20445 | AIG9: -20263 | AIH9: -20067 | AII9: -19861 | AIJ9: -19647 | AIK9: -19431 | AIL9: -19221 | AIM9: -19020 | AIN9: -18831 | AIO9: -18655 | AIP9: -18497 | AIQ9: -18371 | AIR9: -18280 | AIS9: -18218 | AIT9: -18184 | AIU9: -18175 | AIV9: -18182 | AIW9: -18200 | AIX9: -18223 | AIY9: -18243 | AIZ9: -18274 | AJA9: -18324 | AJB9: -18395 | AJC9: -18490 | AJD9: -18611 | AJE9: -18756 | AJF9: -18918 | AJG9: -19086 | AJH9: -19256 | AJI9: -19426 | AJJ9: -19587 | AJK9: -19732 | AJL9: -19854 | AJM9: -19953 | AJN9: -20027 | AJO9: -20081 | AJP9: -20121 | AJQ9: -20146 | AJR9: -20152 | AJS9: -20136 | AJT9: -20103 | AJU9: -20053 | AJV9: -19988 | AJW9: -19911 | AJX9: -19819 | AJY9: -19711 | AJZ9: -19587 | AKA9: -19446 | AKB9: -19288 | AKC9: -19117 | AKD9: -18936 | AKE9: -18755 | AKF9: -18575 | AKG9: -18400 | AKH9: -18236 | AKI9: -18086 | AKJ9: -17951 | AKK9: -17830 | AKL9: -17721 | AKM9: -17617 | AKN9: -17519 | AKO9: -17429 | AKP9: -17350 | AKQ9: -17282 | AKR9: -17222 | AKS9: -17173 | AKT9: -17136 | AKU9: -17116 | AKV9: -17105 | AKW9: -17096 | AKX9: -17088 | AKY9: -17083 | AKZ9: -17079 | ALA9: -17076 | ALB9: -17078 | ALC9: -17084 | ALD9: -17093 | ALE9: -17102 | ALF9: -17111 | ALG9: -17119 | ALH9: -17130 | ALI9: -17143 | ALJ9: -17153 | ALK9: -17146 | ALL9: -17137 | ALM9: -17131 | ALN9: -17126 | ALO9: -17119 | ALP9: -17111 | ALQ9: -17100 | ALR9: -17097 | ALS9: -17101 | ALT9: -17103 | ALU9: -17102 | ALV9: -17101 | ALW9: -17109 | ALX9: -17132 | ALY9: -17167 | ALZ9: -17210 | AMA9: -17260 | AMB9: -17318 | AMC9: -17381 | AMD9: -17448 | AME9: -17515 | AMF9: -17579 | AMG9: -17638 | AMH9: -17686 | AMI9: -17712 | AMJ9: -17714 | AMK9: -17699 | AML9: -17674 | AMM9: -17644 | AMN9: -17613 | AMO9: -17586 | AMP9: -17576 | AMQ9: -17604 | AMR9: -17656 | AMS9: -17723 | AMT9: -17797 | AMU9: -17869 | AMV9: -17932 | AMW9: -17986 | AMX9: -18031 | AMY9: -18069 | AMZ9: -18102 | ANA9: -18133 | ANB9: -18166 | ANC9: -18202 | AND9: -18245 | ANE9: -18294 | ANF9: -18348 | ANG9: -18405 | ANH9: -18449 | ANI9: -18470 | ANJ9: -18470 | ANK9: -18458 | ANL9: -18441 | ANM9: -18425 | ANN9: -18422 | ANO9: -18433 | ANP9: -18445 | ANQ9: -18457 | ANR9: -18469 | ANS9: -18482 | ANT9: -18496 | ANU9: -18515 | ANV9: -18535 | ANW9: -18557 | ANX9: -18577 | ANY9: -18593 | ANZ9: -18605 | AOA9: -18615 | AOB9: -18626 | AOC9: -18639 | AOD9: -18646 | AOE9: -18640 | AOF9: -18633 | AOG9: -18620 | AOH9: -18598 | AOI9: -18569 | AOJ9: -18539 | AOK9: -18511 | AOL9: -18487 | AOM9: -18455 | AON9: -18425 | AOO9: -18398 | AOP9: -18372 | AOQ9: -18343 | AOR9: -18311 | AOS9: -18276 | AOT9: -18238 | AOU9: -18197 | AOV9: -18154 | AOW9: -18113 | AOX9: -18075 | AOY9: -18038 | AOZ9: -17999 | APA9: -17957 | APB9: -17917 | APC9: -17887 | APD9: -17866 | APE9: -17856 | APF9: -17858 | APG9: -17871 | APH9: -17895 | API9: -17925 | APJ9: -17949 | APK9: -17969 | APL9: -17980 | APM9: -17990 | APN9: -18001 | APO9: -18012 | APP9: -18024 | APQ9: -18034 | APR9: -18042 | APS9: -18051 | APT9: -18061 | APU9: -18071 | APV9: -18081 | APW9: -18091 | APX9: -18102 | APY9: -18118 | APZ9: -18148 | AQA9: -18203 | AQB9: -18274 | AQC9: -18358 | AQD9: -18459 | AQE9: -18572 | AQF9: -18688 | AQG9: -18799 | AQH9: -18891 | AQI9: -18964 | AQJ9: -19051 | AQK9: -19151 | AQL9: -19261 | AQM9: -19381 | AQN9: -19510 | AQO9: -19648 | AQP9: -19793 | AQQ9: -19943 | AQR9: -20096 | AQS9: -20254 | AQT9: -20414 | AQU9: -20576 | AQV9: -20741 | AQW9: -20908 | AQX9: -21060 | AQY9: -21182 | AQZ9: -21268 | ARA9: -21312 | ARB9: -21313 | ARC9: -21284 | ARD9: -21234 | ARE9: -21171 | ARF9: -21115 | ARG9: -21092 | ARH9: -21066 | ARI9: -21029 | ARJ9: -20986 | ARK9: -20938 | ARL9: -20885 | ARM9: -20829 | ARN9: -20772 | ARO9: -20713 | ARP9: -20649 | ARQ9: -20577 | ARR9: -20497 | ARS9: -20406 | ART9: -20301 | ARU9: -20180 | ARV9: -20042 | ARW9: -19912 | ARX9: -19803 | ARY9: -19713 | ARZ9: -19646 | ASA9: -19597 | ASB9: -19561 | ASC9: -19530 | ASD9: -19491 | ASE9: -19424 | ASF9: -19343 | ASG9: -19258 | ASH9: -19168 | ASI9: -19072 | ASJ9: -18968 | ASK9: -18856 | ASL9: -18738 | ASM9: -18617 | ASN9: -18493 | ASO9: -18367 | ASP9: -18240 | ASQ9: -18111 | ASR9: -17981 | ASS9: -17852 | AST9: -17746 | ASU9: -17664 | ASV9: -17602 | ASW9: -17562 | ASX9: -17534 | ASY9: -17514 | ASZ9: -17497 | ATA9: -17478 | ATB9: -17450 | ATC9: -17408 | ATD9: -17366 | ATE9: -17322 | ATF9: -17275 | ATG9: -17228 | ATH9: -17186 | ATI9: -17152 | ATJ9: -17125 | ATK9: -17107 | ATL9: -17097 | ATM9: -17096 | ATN9: -17104 | ATO9: -17123 | ATP9: -17154 | ATQ9: -17194 | ATR9: -17227 | ATS9: -17242 | ATT9: -17235 | ATU9: -17207 | ATV9: -17162 | ATW9: -17103 | ATX9: -17039 | ATY9: -16977 | ATZ9: -16941 | AUA9: -16946 | AUB9: -16960 | AUC9: -16969 | AUD9: -16976 | AUE9: -16985 | AUF9: -16991 | AUG9: -16991 | AUH9: -16983 | AUI9: -16966 | AUJ9: -16940 | AUK9: -16907 | AUL9: -16868 | AUM9: -16825 | AUN9: -16777 | AUO9: -16724 | AUP9: -16669 | AUQ9: -16617 | AUR9: -16574 | AUS9: -16537 | AUT9: -16507 | AUU9: -16487 | AUV9: -16476 | AUW9: -16472 | AUX9: -16459 | AUY9: -16424 | AUZ9: -16386 | AVA9: -16353 | AVB9: -16326 | AVC9: -16301 | AVD9: -16279 | AVE9: -16259 | AVF9: -16243 | AVG9: -16230 | AVH9: -16218 | AVI9: -16206 | AVJ9: -16194 | AVK9: -16178 | AVL9: -16161 | AVM9: -16145 | AVN9: -16121 | AVO9: -16091 | AVP9: -16065 | AVQ9: -16044 | AVR9: -16022 | AVS9: -16002 | AVT9: -15988 | AVU9: -15984 | AVV9: -15992 | AVW9: -15983 | AVX9: -15970 | AVY9: -15959 | AVZ9: -15942 | AWA9: -15919 | AWB9: -15898 | AWC9: -15883 | AWD9: -15873 | AWE9: -15864 | AWF9: -15860 | AWG9: -15858 | AWH9: -15858 | AWI9: -15862 | AWJ9: -15870 | AWK9: -15879 | AWL9: -15898 | AWM9: -15925 | AWN9: -15940 | AWO9: -15940 | AWP9: -15928 | AWQ9: -15901 | AWR9: -15860 | AWS9: -15807 | AWT9: -15759 | AWU9: -15739 | AWV9: -15718 | AWW9: -15684 | AWX9: -15644 | AWY9: -15602 | AWZ9: -15556 | AXA9: -15502 | AXB9: -15442 | AXC9: -15382 | AXD9: -15322 | AXE9: -15268 | AXF9: -15216 | AXG9: -15168 | AXH9: -15120 | AXI9: -15077 | AXJ9: -15022 | AXK9: -14961 | AXL9: -14901 | AXM9: -14848 | AXN9: -14817 | AXO9: -14807 | AXP9: -14809 | AXQ9: -14811 | AXR9: -14791 | AXS9: -14752 | AXT9: -14720 | AXU9: -14702 | AXV9: -14693 | AXW9: -14691 | AXX9: -14696 | AXY9: -14710 | AXZ9: -14731 | AYA9: -14756 | AYB9: -14780 | AYC9: -14801 | AYD9: -14818 | AYE9: -14831 | AYF9: -14837 | AYG9: -14837 | AYH9: -14852 | AYI9: -14881 | AYJ9: -14926 | AYK9: -14974 | AYL9: -15013 | AYM9: -15046 | AYN9: -15072 | AYO9: -15094 | AYP9: -15113 | AYQ9: -15125 | AYR9: -15131 | AYS9: -15134 | AYT9: -15134 | AYU9: -15135 | AYV9: -15134 | AYW9: -15128 | AYX9: -15115 | AYY9: -15096 | AYZ9: -15075 | AZA9: -15054 | AZB9: -15037 | AZC9: -15025 | AZD9: -15019 | AZE9: -15018 | AZF9: -15014 | AZG9: -15006 | AZH9: -14996 | AZI9: -14989 | AZJ9: -14994 | AZK9: -15004 | AZL9: -15015 | AZM9: -15022 | AZN9: -15018 | AZO9: -15026 | AZP9: -15052 | AZQ9: -15084 | AZR9: -15117 | AZS9: -15149 | AZT9: -15178 | AZU9: -15204 | AZV9: -15230 | AZW9: -15253 | AZX9: -15271 | AZY9: -15286 | AZZ9: -15300 | BAA9: -15313 | BAB9: -15325 | BAC9: -15333 | BAD9: -15339 | BAE9: -15338 | BAF9: -15316 | BAG9: -15285 | BAH9: -15245 | BAI9: -15202 | BAJ9: -15159 | BAK9: -15116 | BAL9: -15073 | BAM9: -15020 | BAN9: -14967 | BAO9: -14926 | BAP9: -14894 | BAQ9: -14868 | BAR9: -14849 | BAS9: -14833 | BAT9: -14822 | BAU9: -14819 | BAV9: -14819 | BAW9: -14821 | BAX9: -14819 | BAY9: -14814 | BAZ9: -14807 | BBA9: -14797 | BBB9: -14780 | BBC9: -14767 | BBD9: -14764 | BBE9: -14764 | BBF9: -14768 | BBG9: -14776 | BBH9: -14789 | BBI9: -14807 | BBJ9: -14835 | BBK9: -14873 | BBL9: -14923 | BBM9: -14973 | BBN9: -15027 | BBO9: -15088 | BBP9: -15155 | BBQ9: -15222 | BBR9: -15288 | BBS9: -15349 | BBT9: -15408 | BBU9: -15465 | BBV9: -15521 | BBW9: -15578 | BBX9: -15634 | BBY9: -15687 | BBZ9: -15733 | BCA9: -15762 | BCB9: -15769 | BCC9: -15763 | BCD9: -15748 | BCE9: -15730 | BCF9: -15709 | BCG9: -15690 | BCH9: -15675 | BCI9: -15655 | BCJ9: -15612 | BCK9: -15552 | BCL9: -15474 | BCM9: -15379 | BCN9: -15270 | BCO9: -15157 | BCP9: -15046 | BCQ9: -14939 | BCR9: -14838 | BCS9: -14742 | BCT9: -14648 | BCU9: -14557 | BCV9: -14467 | BCW9: -14383 | BCX9: -14315 | BCY9: -14270 | BCZ9: -14253 | BDA9: -14253 | BDB9: -14262 | BDC9: -14281 | BDD9: -14312 | BDE9: -14350 | BDF9: -14380 | BDG9: -14385 | BDH9: -14395 | BDI9: -14421 | BDJ9: -14464 | BDK9: -14523 | BDL9: -14589 | BDM9: -14662 | BDN9: -14737 | BDO9: -14810 | BDP9: -14876 | BDQ9: -14939 | BDR9: -14998 | BDS9: -15057 | BDT9: -15116 | BDU9: -15171 | BDV9: -15219 | BDW9: -15262 | BDX9: -15317 | BDY9: -15394 | BDZ9: -15484 | BEA9: -15573 | BEB9: -15648 | BEC9: -15707 | BED9: -15756 | BEE9: -15810 | BEF9: -15885 | BEG9: -15959 | BEH9: -16023 | BEI9: -16077 | BEJ9: -16122 | BEK9: -16156 | BEL9: -16179 | BEM9: -16195 | BEN9: -16207 | BEO9: -16213 | BEP9: -16211 | BEQ9: -16200 | BER9: -16182 | BES9: -16163 | BET9: -16154 | BEU9: -16158 | BEV9: -16168 | BEW9: -16181 | BEX9: -16197 | BEY9: -16213 | BEZ9: -16228 | BFA9: -16241 | BFB9: -16256 | BFC9: -16271 | BFD9: -16286 | BFE9: -16300 | BFF9: -16314 | BFG9: -16330 | BFH9: -16349 | BFI9: -16370 | BFJ9: -16391 | BFK9: -16413 | BFL9: -16438 | BFM9: -16468 | BFN9: -16508 | BFO9: -16555 | BFP9: -16608 | BFQ9: -16658 | BFR9: -16685 | BFS9: -16690 | BFT9: -16681 | BFU9: -16670 | BFV9: -16655 | BFW9: -16641 | BFX9: -16629 | BFY9: -16621 | BFZ9: -16619 | BGA9: -16634 | BGB9: -16656 | BGC9: -16675 | BGD9: -16693 | BGE9: -16710 | BGF9: -16726 | BGG9: -16743 | BGH9: -16767 | BGI9: -16796 | BGJ9: -16829 | BGK9: -16863 | BGL9: -16897 | BGM9: -16930 | BGN9: -16963 | BGO9: -16999 | BGP9: -17045 | BGQ9: -17081 | BGR9: -17098 | BGS9: -17096 | BGT9: -17084 | BGU9: -17064 | BGV9: -17043 | BGW9: -17024 | BGX9: -17007 | BGY9: -16987 | BGZ9: -16945 | BHA9: -16894 | BHB9: -16841 | BHC9: -16789 | BHD9: -16737 | BHE9: -16681 | BHF9: -16621 | BHG9: -16559 | BHH9: -16498 | BHI9: -16434 | BHJ9: -16366 | BHK9: -16294 | BHL9: -16220 | BHM9: -16138 | BHN9: -16046 | BHO9: -15968 | BHP9: -15900 | BHQ9: -15834 | BHR9: -15764 | BHS9: -15685 | BHT9: -15597 | BHU9: -15498 | BHV9: -15394 | BHW9: -15288 | BHX9: -15192 | BHY9: -15108 | BHZ9: -15027 | BIA9: -14949 | BIB9: -14875 | BIC9: -14808 | BID9: -14750 | BIE9: -14698 | BIF9: -14649 | BIG9: -14603 | BIH9: -14567 | BII9: -14541 | BIJ9: -14521 | BIK9: -14506 | BIL9: -14480 | BIM9: -14438 | BIN9: -14361 | BIO9: -14248 | BIP9: -14115 | BIQ9: -13972 | BIR9: -13828 | BIS9: -13690 | BIT9: -13562 | BIU9: -13456 | BIV9: -13370 | BIW9: -13284 | BIX9: -13204 | BIY9: -13131 | BIZ9: -13067 | BJA9: -13012 | BJB9: -12963 | BJC9: -12920 | BJD9: -12886 | BJE9: -12857 | BJF9: -12831 | BJG9: -12805 | BJH9: -12782 | BJI9: -12760 | BJJ9: -12737 | BJK9: -12713 | BJL9: -12702 | BJM9: -12707 | BJN9: -12720 | BJO9: -12738 | BJP9: -12757 | BJQ9: -12776 | BJR9: -12791 | BJS9: -12811 | BJT9: -12846 | BJU9: -12895 | BJV9: -12953 | BJW9: -13015 | BJX9: -13080 | BJY9: -13144 | BJZ9: -13203 | BKA9: -13252 | BKB9: -13291 | BKC9: -13321 | BKD9: -13343 | BKE9: -13361 | BKF9: -13377 | BKG9: -13393 | BKH9: -13403 | BKI9: -13420 | BKJ9: -13435 | BKK9: -13421 | BKL9: -13393 | BKM9: -13362 | BKN9: -13331 | BKO9: -13300 | BKP9: -13269 | BKQ9: -13222 | BKR9: -13151 | BKS9: -13079 | BKT9: -13007 | BKU9: -12934 | BKV9: -12861 | BKW9: -12789 | BKX9: -12721 | BKY9: -12661 | BKZ9: -12610 | BLA9: -12572 | BLB9: -12545 | BLC9: -12519 | BLD9: -12491 | BLE9: -12460 | BLF9: -12456 | BLG9: -12476 | BLH9: -12535 | BLI9: -12652 | BLJ9: -12809 | BLK9: -12991 | BLL9: -13186 | BLM9: -13386 | BLN9: -13579 | BLO9: -13741 | BLP9: -13890 | BLQ9: -14029 | BLR9: -14158 | BLS9: -14277 | BLT9: -14387 | BLU9: -14490 | BLV9: -14585 | BLW9: -14671 | BLX9: -14744 | BLY9: -14805 | BLZ9: -14855 | BMA9: -14901 | BMB9: -14944 | BMC9: -14993 | BMD9: -15049 | BME9: -15093 | BMF9: -15128 | BMG9: -15153 | BMH9: -15167 | BMI9: -15169 | BMJ9: -15160 | BMK9: -15144 | BML9: -15125 | BMM9: -15101 | BMN9: -15069 | BMO9: -15033 | BMP9: -14995 | BMQ9: -14958 | BMR9: -14921 | BMS9: -14886 | BMT9: -14855 | BMU9: -14831 | BMV9: -14814 | BMW9: -14800 | BMX9: -14790 | BMY9: -14784 | BMZ9: -14781 | BNA9: -14782 | BNB9: -14787 | BNC9: -14801 | BND9: -14835 | BNE9: -14890 | BNF9: -14960 | BNG9: -15044 | BNH9: -15138 | BNI9: -15236 | BNJ9: -15330 | BNK9: -15411 | BNL9: -15472 | BNM9: -15525 | BNN9: -15572 | BNO9: -15610 | BNP9: -15641 | BNQ9: -15663 | BNR9: -15676 | BNS9: -15679 | BNT9: -15674 | BNU9: -15666 | BNV9: -15653 | BNW9: -15636 | BNX9: -15617 | BNY9: -15593 | BNZ9: -15568 | BOA9: -15543 | BOB9: -15513 | BOC9: -15479 | BOD9: -15440 | BOE9: -15400 | BOF9: -15362 | BOG9: -15327 | BOH9: -15296 | BOI9: -15271 | BOJ9: -15256 | BOK9: -15244 | BOL9: -15231 | BOM9: -15220 | BON9: -15210 | BOO9: -15201 | BOP9: -15192 | BOQ9: -15185 | BOR9: -15178 | BOS9: -15172 | BOT9: -15167 | BOU9: -15164 | BOV9: -15159 | BOW9: -15152 | BOX9: -15133 | BOY9: -15095 | BOZ9: -15027 | BPA9: -14929 | BPB9: -14811 | BPC9: -14677 | BPD9: -14527 | BPE9: -14367 | BPF9: -14209 | BPG9: -14068 | BPH9: -13961 | BPI9: -13862 | BPJ9: -13771 | BPK9: -13694 | BPL9: -13628 | BPM9: -13575 | BPN9: -13531 | BPO9: -13491 | BPP9: -13456 | BPQ9: -13425 | BPR9: -13396 | BPS9: -13367 | BPT9: -13339 | BPU9: -13313 | BPV9: -13290 | BPW9: -13262 | BPX9: -13223 | BPY9: -13174 | BPZ9: -13115 | BQA9: -13054 | BQB9: -12994 | BQC9: -12936 | BQD9: -12881 | BQE9: -12830 | BQF9: -12789 | BQG9: -12763 | BQH9: -12747 | BQI9: -12738 | BQJ9: -12734 | BQK9: -12739 | BQL9: -12757 | BQM9: -12786 | BQN9: -12824 | BQO9: -12871 | BQP9: -12925 | BQQ9: -12987 | BQR9: -13058 | BQS9: -13112 | BQT9: -13133 | BQU9: -13118 | BQV9: -13079 | BQW9: -13033 | BQX9: -12988 | BQY9: -12945 | BQZ9: -12906 | BRA9: -12873 | BRB9: -12849 | BRC9: -12841 | BRD9: -12857 | BRE9: -12884 | BRF9: -12917 | BRG9: -12958 | BRH9: -13006 | BRI9: -13057 | BRJ9: -13110 | BRK9: -13167 | BRL9: -13229 | BRM9: -13298 | BRN9: -13372 | BRO9: -13450 | BRP9: -13529 | BRQ9: -13592 | BRR9: -13652 | BRS9: -13708 | BRT9: -13755 | BRU9: -13813 | BRV9: -13880 | BRW9: -13953 | BRX9: -14026 | BRY9: -14098 | BRZ9: -14165 | BSA9: -14231 | BSB9: -14320 | BSC9: -14416 | BSD9: -14507 | BSE9: -14592 | BSF9: -14672 | BSG9: -14748 | BSH9: -14817 | BSI9: -14879 | BSJ9: -14931 | BSK9: -14971 | BSL9: -15001 | BSM9: -15020 | BSN9: -15030 | BSO9: -15030 | BSP9: -15024 | BSQ9: -15025 | BSR9: -15035 | BSS9: -15053 | BST9: -15078 | BSU9: -15105 | BSV9: -15131 | BSW9: -15154 | BSX9: -15171 | BSY9: -15173 | BSZ9: -15140 | BTA9: -15094 | BTB9: -15042 | BTC9: -14986 | BTD9: -14930 | BTE9: -14878 | BTF9: -14831 | BTG9: -14788 | BTH9: -14747 | BTI9: -14706 | BTJ9: -14666 | BTK9: -14627 | BTL9: -14587 | BTM9: -14549 | BTN9: -14504 | BTO9: -14467 | BTP9: -14440 | BTQ9: -14411 | BTR9: -14381 | BTS9: -14352 | BTT9: -14326 | BTU9: -14302 | BTV9: -14282 | BTW9: -14267 | BTX9: -14256 | BTY9: -14241 | BTZ9: -14220 | BUA9: -14191 | BUB9: -14150 | BUC9: -14092 | BUD9: -14015 | BUE9: -13925 | BUF9: -13830 | BUG9: -13737 | BUH9: -13651 | BUI9: -13573 | BUJ9: -13504 | BUK9: -13459 | BUL9: -13443 | BUM9: -13431 | BUN9: -13423 | BUO9: -13402 | BUP9: -13372 | BUQ9: -13341 | BUR9: -13311 | BUS9: -13286 | BUT9: -13267 | BUU9: -13256 | BUV9: -13244 | BUW9: -13234 | BUX9: -13228 | BUY9: -13226 | BUZ9: -13230 | BVA9: -13241 | BVB9: -13261 | BVC9: -13292 | BVD9: -13332 | BVE9: -13377 | BVF9: -13426 | BVG9: -13479 | BVH9: -13539 | BVI9: -13619 | BVJ9: -13724 | BVK9: -13865 | BVL9: -14054 | BVM9: -14282 | BVN9: -14529 | BVO9: -14779 | BVP9: -15027 | BVQ9: -15271 | BVR9: -15509 | BVS9: -15722 | BVT9: -15914 | BVU9: -16114 | BVV9: -16313 | BVW9: -16508 | BVX9: -16695 | BVY9: -16875 | BVZ9: -17041 | BWA9: -17194 | BWB9: -17334 | BWC9: -17460 | BWD9: -17570 | BWE9: -17664 | BWF9: -17741 | BWG9: -17778 | BWH9: -17772 | BWI9: -17723 | BWJ9: -17655 | BWK9: -17570 | BWL9: -17464 | BWM9: -17340 | BWN9: -17198 | BWO9: -17040 | BWP9: -16869 | BWQ9: -16706 | BWR9: -16584 | BWS9: -16473 | BWT9: -16364 | BWU9: -16255 | BWV9: -16150 | BWW9: -16046 | BWX9: -15946 | BWY9: -15847 | BWZ9: -15750 | BXA9: -15655 | BXB9: -15563 | BXC9: -15473 | BXD9: -15380 | BXE9: -15271 | BXF9: -15160 | BXG9: -15032 | BXH9: -14859 | BXI9: -14661 | BXJ9: -14461 | BXK9: -14266 | BXL9: -14081 | BXM9: -13906 | BXN9: -13741 | BXO9: -13588 | BXP9: -13415 | BXQ9: -13225 | BXR9: -13031 | BXS9: -12840 | BXT9: -12655 | BXU9: -12477 | BXV9: -12309 | BXW9: -12150 | BXX9: -12000 | BXY9: -11860 | BXZ9: -11729 | BYA9: -11607 | BYB9: -11493 | BYC9: -11388 | BYD9: -11292 | BYE9: -11210 | BYF9: -11124 | BYG9: -11036 | BYH9: -10952 | BYI9: -10870 | BYJ9: -10792 | BYK9: -10718 | BYL9: -10649 | BYM9: -10582 | BYN9: -10514 | BYO9: -10448 | BYP9: -10379 | BYQ9: -10303 | BYR9: -10219 | BYS9: -10128 | BYT9: -10026 | BYU9: -9915 | BYV9: -9793 | BYW9: -9659 | BYX9: -9515 | BYY9: -9364 | BYZ9: -9210 | BZA9: -9088 | BZB9: -9001 | BZC9: -8952 | BZD9: -8958 | BZE9: -8987 | BZF9: -9022 | BZG9: -9060 | BZH9: -9100 | BZI9: -9144 | BZJ9: -9187 | BZK9: -9212 | BZL9: -9209 | BZM9: -9198 | BZN9: -9191 | BZO9: -9189 | BZP9: -9190 | BZQ9: -9194 | BZR9: -9203 | BZS9: -9219 | BZT9: -9240 | BZU9: -9266 | BZV9: -9293 | BZW9: -9320 | BZX9: -9344 | BZY9: -9360 | BZZ9: -9379 | CAA9: -9413 | CAB9: -9459 | CAC9: -9524 | CAD9: -9613 | CAE9: -9721 | CAF9: -9843 | CAG9: -9971 | CAH9: -10100 | CAI9: -10223 | CAJ9: -10328 | CAK9: -10435 | CAL9: -10543 | CAM9: -10651 | CAN9: -10761 | CAO9: -10871 | CAP9: -10981 | CAQ9: -11090 | CAR9: -11198 | CAS9: -11305 | CAT9: -11411 | CAU9: -11517 | CAV9: -11623 | CAW9: -11741 | CAX9: -11866 | CAY9: -11983 | CAZ9: -12096 | CBA9: -12205 | CBB9: -12305 | CBC9: -12398 | CBD9: -12482 | CBE9: -12558 | CBF9: -12625 | CBG9: -12683 | CBH9: -12750 | CBI9: -12828 | CBJ9: -12903 | CBK9: -12979 | CBL9: -13055 | CBM9: -13131 | CBN9: -13208 | CBO9: -13284 | CBP9: -13360 | CBQ9: -13438 | CBR9: -13516 | CBS9: -13596 | CBT9: -13673 | CBU9: -13717 | CBV9: -13727 | CBW9: -13694 | CBX9: -13637 | CBY9: -13570 | CBZ9: -13498 | CCA9: -13422 | CCB9: -13343 | CCC9: -13263 | CCD9: -13184 | CCE9: -13107 | CCF9: -13019 | CCG9: -12902 | CCH9: -12772 | CCI9: -12627 | CCJ9: -12467 | CCK9: -12295 | CCL9: -12112 | CCM9: -11918 | CCN9: -11714 | CCO9: -11506 | CCP9: -11297 | CCQ9: -11091 | CCR9: -10895 | CCS9: -10749 | CCT9: -10649 | CCU9: -10611 | CCV9: -10614 | CCW9: -10643 | CCX9: -10687 | CCY9: -10745 | CCZ9: -10820 | CDA9: -10913 | CDB9: -11017 | CDC9: -11122 | CDD9: -11218 | CDE9: -11316 | CDF9: -11423 | CDG9: -11536 | CDH9: -11655 | CDI9: -11782 | CDJ9: -11920 | CDK9: -12071 | CDL9: -12234 | CDM9: -12407 | CDN9: -12588 | CDO9: -12776 | CDP9: -12963 | CDQ9: -13131 | CDR9: -13277 | CDS9: -13411 | CDT9: -13548 | CDU9: -13692 | CDV9: -13832 | CDW9: -13959 | CDX9: -14062 | CDY9: -14135 | CDZ9: -14174 | CEA9: -14183 | CEB9: -14167 | CEC9: -14135 | CED9: -14097 | CEE9: -14056 | CEF9: -14021 | CEG9: -13993 | CEH9: -13972 | CEI9: -13956 | CEJ9: -13943 | CEK9: -13929 | CEL9: -13912 | CEM9: -13889 | CEN9: -13864 | CEO9: -13851 | CEP9: -13856 | CEQ9: -13876 | CER9: -13900 | CES9: -13917 | CET9: -13932 | CEU9: -13949 | CEV9: -13969 | CEW9: -14000 | CEX9: -14045 | CEY9: -14109 | CEZ9: -14190 | CFA9: -14285 | CFB9: -14385 | CFC9: -14487 | CFD9: -14585 | CFE9: -14679 | CFF9: -14770 | CFG9: -14856 | CFH9: -14938 | CFI9: -15018 | CFJ9: -15094 | CFK9: -15168 | CFL9: -15235 | CFM9: -15285 | CFN9: -15314 | CFO9: -15324 | CFP9: -15323 | CFQ9: -15324 | CFR9: -15332 | CFS9: -15349 | CFT9: -15379 | CFU9: -15420 | CFV9: -15469 | CFW9: -15520 | CFX9: -15576 | CFY9: -15640 | CFZ9: -15705 | CGA9: -15767 | CGB9: -15825 | CGC9: -15877 | CGD9: -15922 | CGE9: -15960 | CGF9: -15990 | CGG9: -16011 | CGH9: -16026 | CGI9: -16035 | CGJ9: -16038 | CGK9: -16040 | CGL9: -16043 | CGM9: -16040 | CGN9: -16021 | CGO9: -15989 | CGP9: -15949 | CGQ9: -15902 | CGR9: -15847 | CGS9: -15787 | CGT9: -15722 | CGU9: -15659 | CGV9: -15608 | CGW9: -15581 | CGX9: -15561 | CGY9: -15547 | CGZ9: -15540 | CHA9: -15539 | CHB9: -15541 | CHC9: -15547 | CHD9: -15561 | CHE9: -15584 | CHF9: -15610 | CHG9: -15644 | CHH9: -15679 | CHI9: -15702 | CHJ9: -15702 | CHK9: -15679 | CHL9: -15654 | CHM9: -15636 | CHN9: -15625 | CHO9: -15619 | CHP9: -15618 | CHQ9: -15619 | CHR9: -15621 | CHS9: -15624 | CHT9: -15632 | CHU9: -15640 | CHV9: -15650 | CHW9: -15662 | CHX9: -15678 | CHY9: -15696 | CHZ9: -15717 | CIA9: -15737 | CIB9: -15754 | CIC9: -15762 | CID9: -15761 | CIE9: -15754 | CIF9: -15745 | CIG9: -15734 | CIH9: -15730 | CII9: -15744 | CIJ9: -15772 | CIK9: -15799 | CIL9: -15823 | CIM9: -15842 | CIN9: -15859 | CIO9: -15876 | CIP9: -15891 | CIQ9: -15904 | CIR9: -15906 | CIS9: -15905 | CIT9: -15904 | CIU9: -15901 | CIV9: -15893 | CIW9: -15879 | CIX9: -15860 | CIY9: -15837 | CIZ9: -15813 | CJA9: -15792 | CJB9: -15778 | CJC9: -15766 | CJD9: -15753 | CJE9: -15741 | CJF9: -15742 | CJG9: -15749 | CJH9: -15759 | CJI9: -15768 | CJJ9: -15775 | CJK9: -15777 | CJL9: -15772 | CJM9: -15763 | CJN9: -15750 | CJO9: -15736 | CJP9: -15722 | CJQ9: -15718 | CJR9: -15718 | CJS9: -15720 | CJT9: -15728 | CJU9: -15740 | CJV9: -15758 | CJW9: -15779 | CJX9: -15795 | CJY9: -15801 | CJZ9: -15806 | CKA9: -15811 | CKB9: -15820 | CKC9: -15829 | CKD9: -15827 | CKE9: -15799 | CKF9: -15738 | CKG9: -15656 | CKH9: -15560 | CKI9: -15455 | CKJ9: -15350 | CKK9: -15248 | CKL9: -15151 | CKM9: -15059 | CKN9: -14968 | CKO9: -14855 | CKP9: -14727 | CKQ9: -14587 | CKR9: -14436 | CKS9: -14275 | CKT9: -14104 | CKU9: -13927 | CKV9: -13754 | CKW9: -13586 | CKX9: -13419 | CKY9: -13254 | CKZ9: -13091 | CLA9: -12941 | CLB9: -12810 | CLC9: -12701 | CLD9: -12607 | CLE9: -12516 | CLF9: -12428 | CLG9: -12339 | CLH9: -12249 | CLI9: -12159 | CLJ9: -12070 | CLK9: -11985 | CLL9: -11905 | CLM9: -11840 | CLN9: -11795 | CLO9: -11770 | CLP9: -11767 | CLQ9: -11786 | CLR9: -11826 | CLS9: -11891 | CLT9: -11981 | CLU9: -12100 | CLV9: -12237 | CLW9: -12387 | CLX9: -12530 | CLY9: -12632 | CLZ9: -12696 | CMA9: -12699 | CMB9: -12676 | CMC9: -12648 | CMD9: -12613 | CME9: -12571 | CMF9: -12520 | CMG9: -12461 | CMH9: -12395 | CMI9: -12331 | CMJ9: -12306 | CMK9: -12313 | CML9: -12321 | CMM9: -12322 | CMN9: -12312 | CMO9: -12289 | CMP9: -12254 | CMQ9: -12205 | CMR9: -12139 | CMS9: -12052 | CMT9: -11953 | CMU9: -11846 | CMV9: -11732 | CMW9: -11611 | CMX9: -11491 | CMY9: -11369 | CMZ9: -11228 | CNA9: -11079 | CNB9: -10929 | CNC9: -10779 | CND9: -10630 | CNE9: -10482 | CNF9: -10334 | CNG9: -10188 | CNH9: -10042 | CNI9: -9889 | CNJ9: -9740 | CNK9: -9599 | CNL9: -9470 | CNM9: -9353 | CNN9: -9250 | CNO9: -9159 | CNP9: -9079 | CNQ9: -9009 | CNR9: -8948 | CNS9: -8894 | CNT9: -8839 | CNU9: -8757 | CNV9: -8671 | CNW9: -8587 | CNX9: -8497 | CNY9: -8401 | CNZ9: -8306 | COA9: -8217 | COB9: -8136 | COC9: -8063 | COD9: -7998 | COE9: -7944 | COF9: -7891 | COG9: -7835 | COH9: -7772 | COI9: -7697 | COJ9: -7607 | COK9: -7499 | COL9: -7374 | COM9: -7232 | CON9: -7079 | COO9: -6921 | COP9: -6764 | COQ9: -6610 | COR9: -6481 | COS9: -6426 | COT9: -6411 | COU9: -6466 | COV9: -6595 | COW9: -6764 | COX9: -6956 | COY9: -7156 | COZ9: -7357 | CPA9: -7555 | CPB9: -7748 | CPC9: -7929 | CPD9: -8087 | CPE9: -8252 | CPF9: -8413 | CPG9: -8576 | CPH9: -8747 | CPI9: -8929 | CPJ9: -9114 | CPK9: -9297 | CPL9: -9469 | CPM9: -9624 | CPN9: -9757 | CPO9: -9865 | CPP9: -9943 | CPQ9: -9996 | CPR9: -10024 | CPS9: -10022 | CPT9: -10015 | CPU9: -10020 | CPV9: -10049 | CPW9: -10105 | CPX9: -10189 | CPY9: -10292 | CPZ9: -10407 | CQA9: -10524 | CQB9: -10613 | CQC9: -10658 | CQD9: -10702 | CQE9: -10751 | CQF9: -10803 | CQG9: -10858 | CQH9: -10919 | CQI9: -10992 | CQJ9: -11083 | CQK9: -11194 | CQL9: -11327 | CQM9: -11477 | CQN9: -11632 | CQO9: -11789 | CQP9: -11942 | CQQ9: -12108 | CQR9: -12272 | CQS9: -12411 | CQT9: -12516 | CQU9: -12585 | CQV9: -12626 | CQW9: -12649 | CQX9: -12660 | CQY9: -12661 | CQZ9: -12661 | CRA9: -12668 | CRB9: -12663 | CRC9: -12638 | CRD9: -12588 | CRE9: -12515 | CRF9: -12424 | CRG9: -12315 | CRH9: -12188 | CRI9: -12042 | CRJ9: -11878 | CRK9: -11701 | CRL9: -11522 | CRM9: -11351 | CRN9: -11188 | CRO9: -11021 | CRP9: -10841 | CRQ9: -10649 | CRR9: -10450 | CRS9: -10245 | CRT9: -10032 | CRU9: -9809 | CRV9: -9575 | CRW9: -9332 | CRX9: -9092 | CRY9: -8875 | CRZ9: -8674 | CSA9: -8489 | CSB9: -8323 | CSC9: -8176 | CSD9: -8043 | CSE9: -7925 | CSF9: -7826 | CSG9: -7743 | CSH9: -7680 | CSI9: -7639 | CSJ9: -7611 | CSK9: -7580 | CSL9: -7548 | CSM9: -7515 | CSN9: -7491 | CSO9: -7485 | CSP9: -7497 | CSQ9: -7528 | CSR9: -7579 | CSS9: -7650 | CST9: -7744 | CSU9: -7861 | CSV9: -7990 | CSW9: -8126 | CSX9: -8277 | CSY9: -8438 | CSZ9: -8605 | CTA9: -8778 | CTB9: -8956 | CTC9: -9136 | CTD9: -9315 | CTE9: -9491 | CTF9: -9658 | CTG9: -9811 | CTH9: -9939 | CTI9: -10055 | CTJ9: -10163 | CTK9: -10274 | CTL9: -10396 | CTM9: -10525 | CTN9: -10655 | CTO9: -10784 | CTP9: -10911 | CTQ9: -11033 | CTR9: -11151 | CTS9: -11266 | CTT9: -11371 | CTU9: -11458 | CTV9: -11539 | CTW9: -11618 | CTX9: -11695 | CTY9: -11768 | CTZ9: -11839 | CUA9: -11907 | CUB9: -11971 | CUC9: -12030 | CUD9: -12088 | CUE9: -12145 | CUF9: -12221 | CUG9: -12321 | CUH9: -12443 | CUI9: -12573 | CUJ9: -12702 | CUK9: -12828 | CUL9: -12954 | CUM9: -13079 | CUN9: -13200 | CUO9: -13314 | CUP9: -13416 | CUQ9: -13505 | CUR9: -13581 | CUS9: -13648 | CUT9: -13711 | CUU9: -13766 | CUV9: -13813 | CUW9: -13851 | CUX9: -13882 | CUY9: -13906 | CUZ9: -13923 | CVA9: -13936 | CVB9: -13947 | CVC9: -13957 | CVD9: -13958 | CVE9: -13938 | CVF9: -13891 | CVG9: -13823 | CVH9: -13740 | CVI9: -13648 | CVJ9: -13549 | CVK9: -13445 | CVL9: -13338 | CVM9: -13232 | CVN9: -13133 | CVO9: -13041 | CVP9: -12958 | CVQ9: -12878 | CVR9: -12792 | CVS9: -12702 | CVT9: -12612 | CVU9: -12523 | CVV9: -12438 | CVW9: -12358 | CVX9: -12283 | CVY9: -12213 | CVZ9: -12147 | CWA9: -12090 | CWB9: -12033 | CWC9: -11973 | CWD9: -11904 | CWE9: -11826 | CWF9: -11744 | CWG9: -11665 | CWH9: -11588 | CWI9: -11514 | CWJ9: -11444 | CWK9: -11380 | CWL9: -11320 | CWM9: -11269 | CWN9: -11232 | CWO9: -11210 | CWP9: -11216 | CWQ9: -11243 | CWR9: -11286 | CWS9: -11342 | CWT9: -11409 | CWU9: -11485 | CWV9: -11567 | CWW9: -11653 | CWX9: -11737 | CWY9: -11814 | CWZ9: -11875 | CXA9: -11925 | CXB9: -11961 | CXC9: -11975 | CXD9: -11966 | CXE9: -11930 | CXF9: -11872 | CXG9: -11799 | CXH9: -11716 | CXI9: -11625 | CXJ9: -11528 | CXK9: -11427 | CXL9: -11333 | CXM9: -11265 | CXN9: -11210 | CXO9: -11159 | CXP9: -11113 | CXQ9: -11070 | CXR9: -11023 | CXS9: -10970 | CXT9: -10910 | CXU9: -10846 | CXV9: -10778 | CXW9: -10712 | CXX9: -10650 | CXY9: -10586 | CXZ9: -10521 | CYA9: -10469 | CYB9: -10435 | CYC9: -10419 | CYD9: -10416 | CYE9: -10418 | CYF9: -10418 | CYG9: -10416 | CYH9: -10409 | CYI9: -10395 | CYJ9: -10373 | CYK9: -10348 | CYL9: -10305 | CYM9: -10247 | CYN9: -10181 | CYO9: -10119 | CYP9: -10068 | CYQ9: -10029 | CYR9: -10000 | CYS9: -9981 | CYT9: -9974 | CYU9: -9973 | CYV9: -9949 | CYW9: -9913 | CYX9: -9871 | CYY9: -9813 | CYZ9: -9751 | CZA9: -9682 | CZB9: -9603 | CZC9: -9517 | CZD9: -9428 | CZE9: -9337 | CZF9: -9248 | CZG9: -9163 | CZH9: -9088 | CZI9: -9019 | CZJ9: -8959 | CZK9: -8903 | CZL9: -8846 | CZM9: -8778 | CZN9: -8698 | CZO9: -8609 | CZP9: -8514 | CZQ9: -8415 | CZR9: -8309 | CZS9: -8201 | CZT9: -8103 | CZU9: -8006 | CZV9: -7929 | CZW9: -7862 | CZX9: -7798 | CZY9: -7743 | CZZ9: -7699 | DAA9: -7666 | DAB9: -7643 | DAC9: -7624 | DAD9: -7607 | DAE9: -7589 | DAF9: -7568 | DAG9: -7534 | DAH9: -7482 | DAI9: -7421 | DAJ9: -7359 | DAK9: -7299 | DAL9: -7244 | DAM9: -7195 | DAN9: -7151 | DAO9: -7113 | DAP9: -7079 | DAQ9: -7048 | DAR9: -7005 | DAS9: -6952 | DAT9: -6894 | DAU9: -6806 | DAV9: -6706 | DAW9: -6609 | DAX9: -6518 | DAY9: -6429 | DAZ9: -6343 | DBA9: -6259 | DBB9: -6179 | DBC9: -6106 | DBD9: -6041 | DBE9: -5964 | DBF9: -5883 | DBG9: -5799 | DBH9: -5704 | DBI9: -5599 | DBJ9: -5486 | DBK9: -5365 | DBL9: -5235 | DBM9: -5098 | DBN9: -4957 | DBO9: -4815 | DBP9: -4715 | DBQ9: -4667 | DBR9: -4661 | DBS9: -4719 | DBT9: -4804 | DBU9: -4899 | DBV9: -5000 | DBW9: -5106 | DBX9: -5215 | DBY9: -5323 | DBZ9: -5428 | DCA9: -5522 | DCB9: -5591 | DCC9: -5645 | DCD9: -5700 | DCE9: -5766 | DCF9: -5847 | DCG9: -5934 | DCH9: -6021 | DCI9: -6109 | DCJ9: -6196 | DCK9: -6282 | DCL9: -6366 | DCM9: -6446 | DCN9: -6480 | DCO9: -6477 | DCP9: -6434 | DCQ9: -6350 | DCR9: -6249 | DCS9: -6133 | DCT9: -6005 | DCU9: -5871 | DCV9: -5739 | DCW9: -5614 | DCX9: -5496 | DCY9: -5389 | DCZ9: -5301 | DDA9: -5224 | DDB9: -5147 | DDC9: -5064 | DDD9: -4974 | DDE9: -4885 | DDF9: -4804 | DDG9: -4731 | DDH9: -4663 | DDI9: -4602 | DDJ9: -4547 | DDK9: -4497 | DDL9: -4477 | DDM9: -4487 | DDN9: -4525 | DDO9: -4588 | DDP9: -4667 | DDQ9: -4768 | DDR9: -4896 | DDS9: -5050 | DDT9: -5230 | DDU9: -5429 | DDV9: -5643 | DDW9: -5863 | DDX9: -6077 | DDY9: -6271 | DDZ9: -6468 | DEA9: -6678 | DEB9: -6897 | DEC9: -7119 | DED9: -7340 | DEE9: -7563 | DEF9: -7788 | DEG9: -8016 | DEH9: -8244 | DEI9: -8472 | DEJ9: -8719 | DEK9: -8972 | DEL9: -9224 | DEM9: -9487 | DEN9: -9742 | DEO9: -9974 | DEP9: -10177 | DEQ9: -10345 | DER9: -10477 | DES9: -10577 | DET9: -10652 | DEU9: -10709 | DEV9: -10752 | DEW9: -10822 | DEX9: -10912 | DEY9: -10992 | DEZ9: -11062 | DFA9: -11127 | DFB9: -11186 | DFC9: -11236 | DFD9: -11274 | DFE9: -11299 | DFF9: -11315 | DFG9: -11323 | DFH9: -11298 | DFI9: -11250 | DFJ9: -11161 | DFK9: -11058 | DFL9: -10956 | DFM9: -10861 | DFN9: -10772 | DFO9: -10688 | DFP9: -10610 | DFQ9: -10537 | DFR9: -10469 | DFS9: -10403 | DFT9: -10343 | DFU9: -10264 | DFV9: -10163 | DFW9: -10054 | DFX9: -9942 | DFY9: -9825 | DFZ9: -9704 | DGA9: -9585 | DGB9: -9470 | DGC9: -9363 | DGD9: -9260 | DGE9: -9161 | DGF9: -9066 | DGG9: -8977 | DGH9: -8915 | DGI9: -8871 | DGJ9: -8849 | DGK9: -8851 | DGL9: -8874 | DGM9: -8911 | DGN9: -8956 | DGO9: -9006 | DGP9: -9057 | DGQ9: -9107 | DGR9: -9144 | DGS9: -9170 | DGT9: -9201 | DGU9: -9235 | DGV9: -9271 | DGW9: -9310 | DGX9: -9351 | DGY9: -9396 | DGZ9: -9442 | DHA9: -9490 | DHB9: -9540 | DHC9: -9593 | DHD9: -9642 | DHE9: -9685 | DHF9: -9721 | DHG9: -9762 | DHH9: -9793 | DHI9: -9803 | DHJ9: -9794 | DHK9: -9770 | DHL9: -9736 | DHM9: -9696 | DHN9: -9653 | DHO9: -9610 | DHP9: -9576 | DHQ9: -9577 | DHR9: -9610 | DHS9: -9649 | DHT9: -9691 | DHU9: -9730 | DHV9: -9766 | DHW9: -9802 | DHX9: -9836 | DHY9: -9871 | DHZ9: -9908 | DIA9: -9940 | DIB9: -9949 | DIC9: -9933 | DID9: -9880 | DIE9: -9797 | DIF9: -9709 | DIG9: -9621 | DIH9: -9534 | DII9: -9447 | DIJ9: -9358 | DIK9: -9268 | DIL9: -9177 | DIM9: -9085 | DIN9: -8994 | DIO9: -8908 | DIP9: -8814 | DIQ9: -8714 | DIR9: -8610 | DIS9: -8507 | DIT9: -8404 | DIU9: -8296 | DIV9: -8179 | DIW9: -8053 | DIX9: -7916 | DIY9: -7773 | DIZ9: -7673 | DJA9: -7617 | DJB9: -7615 | DJC9: -7627 | DJD9: -7624 | DJE9: -7607 | DJF9: -7578 | DJG9: -7539 | DJH9: -7489 | DJI9: -7427 | DJJ9: -7357 | DJK9: -7279 | DJL9: -7196 | DJM9: -7079 | DJN9: -6923 | DJO9: -6771 | DJP9: -6638 | DJQ9: -6521 | DJR9: -6415 | DJS9: -6316 | DJT9: -6223 | DJU9: -6135 | DJV9: -6048 | DJW9: -5954 | DJX9: -5824 | DJY9: -5677 | DJZ9: -5518 | DKA9: -5349 | DKB9: -5180 | DKC9: -5016 | DKD9: -4857 | DKE9: -4708 | DKF9: -4568 | DKG9: -4437 | DKH9: -4317 | DKI9: -4209 | DKJ9: -4110 | DKK9: -4015 | DKL9: -3929 | DKM9: -3834 | DKN9: -3717 | DKO9: -3582 | DKP9: -3438 | DKQ9: -3329 | DKR9: -3329 | DKS9: -3329 | DKT9: -3329 | DKU9: -3329 | DKV9: -3329 | DKW9: -3329 | DKX9: -3329 | DKY9: -3329 | DKZ9: -3329 | DLA9: -3329 | DLB9: -3329 | DLC9: -3329 | DLD9: -3329 | DLE9: -3329 | DLF9: -3479 | DLG9: -3642 | DLH9: -3796 | DLI9: -3936 | DLJ9: -4084 | DLK9: -4246 | DLL9: -4413 | DLM9: -4580 | DLN9: -4746 | DLO9: -4915 | DLP9: -5087 | DLQ9: -5258 | DLR9: -5424 | DLS9: -5585 | DLT9: -5725 | DLU9: -5839 | DLV9: -5913 | DLW9: -5960 | DLX9: -5993 | DLY9: -6016 | DLZ9: -6035 | DMA9: -6051 | DMB9: -6063 | DMC9: -6069 | DMD9: -6067 | DME9: -6064 | DMF9: -6070 | DMG9: -6099 | DMH9: -6151 | DMI9: -6206 | DMJ9: -6268 | DMK9: -6341 | DML9: -6423 | DMM9: -6510 | DMN9: -6598 | DMO9: -6688 | DMP9: -6783 | DMQ9: -6869 | DMR9: -6939 | DMS9: -6987 | DMT9: -7026 | DMU9: -7075 | DMV9: -7135 | DMW9: -7199 | DMX9: -7261 | DMY9: -7317 | DMZ9: -7363 | DNA9: -7398 | DNB9: -7423 | DNC9: -7435 | DND9: -7432 | DNE9: -7423 | DNF9: -7411 | DNG9: -7398 | DNH9: -7380 | DNI9: -7356 | DNJ9: -7329 | DNK9: -7297 | DNL9: -7260 | DNM9: -7219 | DNN9: -7175 | DNO9: -7128 | DNP9: -7080 | DNQ9: -7048 | DNR9: -7016 | DNS9: -6961 | DNT9: -6889 | DNU9: -6809 | DNV9: -6729 | DNW9: -6651 | DNX9: -6578 | DNY9: -6511 | DNZ9: -6448 | DOA9: -6389 | DOB9: -6335 | DOC9: -6281 | DOD9: -6214 | DOE9: -6143 | DOF9: -6069 | DOG9: -5991 | DOH9: -5910 | DOI9: -5824 | DOJ9: -5735 | DOK9: -5642 | DOL9: -5544 | DOM9: -5448 | DON9: -5389 | DOO9: -5353 | DOP9: -5360 | DOQ9: -5405 | DOR9: -5478 | DOS9: -5572 | DOT9: -5681 | DOU9: -5801 | DOV9: -5932 | DOW9: -6070 | DOX9: -6214 | DOY9: -6363 | DOZ9: -6514 | DPA9: -6646 | DPB9: -6769 | DPC9: -6897 | DPD9: -7029 | DPE9: -7165 | DPF9: -7304 | DPG9: -7446 | DPH9: -7590 | DPI9: -7738 | DPJ9: -7887 | DPK9: -8036 | DPL9: -8176 | DPM9: -8297 | DPN9: -8396 | DPO9: -8476 | DPP9: -8531 | DPQ9: -8560 | DPR9: -8565 | DPS9: -8546 | DPT9: -8506 | DPU9: -8448 | DPV9: -8379 | DPW9: -8303 | DPX9: -8223 | DPY9: -8165 | DPZ9: -8133 | DQA9: -8108 | DQB9: -8083 | DQC9: -8055 | DQD9: -8030 | DQE9: -8008 | DQF9: -7989 | DQG9: -7973 | DQH9: -7962 | DQI9: -7946 | DQJ9: -7906 | DQK9: -7850 | DQL9: -7762 | DQM9: -7641 | DQN9: -7502 | DQO9: -7351 | DQP9: -7193 | DQQ9: -7035 | DQR9: -6881 | DQS9: -6734 | DQT9: -6592 | DQU9: -6459 | DQV9: -6344 | DQW9: -6227 | DQX9: -6083 | DQY9: -5924 | DQZ9: -5765 | DRA9: -5615 | DRB9: -5476 | DRC9: -5344 | DRD9: -5218 | DRE9: -5100 | DRF9: -4992 | DRG9: -4902 | DRH9: -4853 | DRI9: -4836 | DRJ9: -4863 | DRK9: -4927 | DRL9: -5013 | DRM9: -5118 | DRN9: -5238 | DRO9: -5368 | DRP9: -5503 | DRQ9: -5639 | DRR9: -5776 | DRS9: -5906 | DRT9: -6019 | DRU9: -6132 | DRV9: -6263 | DRW9: -6390 | DRX9: -6512 | DRY9: -6626 | DRZ9: -6728 | DSA9: -6819 | DSB9: -6898 | DSC9: -6963 | DSD9: -7013 | DSE9: -7049 | DSF9: -7059 | DSG9: -7075 | DSH9: -7101 | DSI9: -7134 | DSJ9: -7177 | DSK9: -7234 | DSL9: -7302 | DSM9: -7380 | DSN9: -7465 | DSO9: -7554 | DSP9: -7643 | DSQ9: -7730 | DSR9: -7815 | DSS9: -7884 | DST9: -7962 | DSU9: -8057 | DSV9: -8158 | DSW9: -8261 | DSX9: -8362 | DSY9: -8460 | DSZ9: -8558 | DTA9: -8654 | DTB9: -8749 | DTC9: -8837 | DTD9: -8914 | DTE9: -8949 | DTF9: -8952 | DTG9: -8951 | DTH9: -8945 | DTI9: -8928 | DTJ9: -8902 | DTK9: -8868 | DTL9: -8828 | DTM9: -8785 | DTN9: -8742 | DTO9: -8699 | DTP9: -8656 | DTQ9: -8625 | DTR9: -8602 | DTS9: -8575 | DTT9: -8543 | DTU9: -8512 | DTV9: -8490 | DTW9: -8478 | DTX9: -8473 | DTY9: -8473 | DTZ9: -8477 | DUA9: -8482 | DUB9: -8470 | DUC9: -8454 | DUD9: -8405 | DUE9: -8345 | DUF9: -8284 | DUG9: -8220 | DUH9: -8152 | DUI9: -8080 | DUJ9: -8007 | DUK9: -7937 | DUL9: -7872 | DUM9: -7815 | DUN9: -7770 | DUO9: -7726 | DUP9: -7656 | DUQ9: -7580 | DUR9: -7500 | DUS9: -7411 | DUT9: -7308 | DUU9: -7189 | DUV9: -7061 | DUW9: -6932 | DUX9: -6803 | DUY9: -6687 | DUZ9: -6626 | DVA9: -6617 | DVB9: -6676 | DVC9: -6762 | DVD9: -6855 | DVE9: -6950 | DVF9: -7047 | DVG9: -7143 | DVH9: -7240 | DVI9: -7335 | DVJ9: -7426 | DVK9: -7512 | DVL9: -7590 | DVM9: -7656 | DVN9: -7746 | DVO9: -7850 | DVP9: -7958 | DVQ9: -8068 | DVR9: -8186 | DVS9: -8310 | DVT9: -8437 | DVU9: -8563 | DVV9: -8684 | DVW9: -8789 | DVX9: -8857 | DVY9: -8882 | DVZ9: -8864 | DWA9: -8824 | DWB9: -8773 | DWC9: -8717 | DWD9: -8657 | DWE9: -8589 | DWF9: -8511 | DWG9: -8423 | DWH9: -8325 | DWI9: -8215 | DWJ9: -8099 | DWK9: -7993 | DWL9: -7877 | DWM9: -7755 | DWN9: -7631 | DWO9: -7504 | DWP9: -7372 | DWQ9: -7234 | DWR9: -7089 | DWS9: -6938 | DWT9: -6784 | DWU9: -6632 | DWV9: -6486 | DWW9: -6346 | DWX9: -6196 | DWY9: -6019 | DWZ9: -5823 | DXA9: -5619 | DXB9: -5417 | DXC9: -5226 | DXD9: -5052 | DXE9: -4893 | DXF9: -4751 | DXG9: -4631 | DXH9: -4532 | DXI9: -4437 | DXJ9: -4336 | DXK9: -4230 | DXL9: -4125 | DXM9: -4025 | DXN9: -3928 | DXO9: -3840 | DXP9: -3761 | DXQ9: -3690 | DXR9: -3623 | DXS9: -3564 | DXT9: -3523 | DXU9: -3515 | DXV9: -3549 | DXW9: -3615 | DXX9: -3696 | DXY9: -3786 | DXZ9: -3881 | DYA9: -3978 | DYB9: -4078 | DYC9: -4184 | DYD9: -4294 | DYE9: -4404 | DYF9: -4512 | DYG9: -4605 | DYH9: -4675 | DYI9: -4742 | DYJ9: -4808 | DYK9: -4876 | DYL9: -4946 | DYM9: -5015 | DYN9: -5086 | DYO9: -5158 | DYP9: -5232 | DYQ9: -5310 | DYR9: -5399 | DYS9: -5496 | DYT9: -5607 | DYU9: -5740 | DYV9: -5896 | DYW9: -6068 | DYX9: -6243 | DYY9: -6412 | DYZ9: -6570 | DZA9: -6709 | DZB9: -6832 | DZC9: -6934 | DZD9: -7016 | DZE9: -7084 | DZF9: -7157 | DZG9: -7227 | DZH9: -7291 | DZI9: -7353 | DZJ9: -7413 | DZK9: -7470 | DZL9: -7525 | DZM9: -7576 | DZN9: -7626 | DZO9: -7672 | DZP9: -7698 | DZQ9: -7703 | DZR9: -7679 | DZS9: -7639 | DZT9: -7585 | DZU9: -7518 | DZV9: -7444 | DZW9: -7369 | DZX9: -7298 | DZY9: -7232 | DZZ9: -7170 | EAA9: -7111 | EAB9: -7054 | EAC9: -7004 | EAD9: -6971 | EAE9: -6949 | EAF9: -6935 | EAG9: -6927 | EAH9: -6919 | EAI9: -6910 | EAJ9: -6900 | EAK9: -6887 | EAL9: -6866 | EAM9: -6834 | EAN9: -6798 | EAO9: -6764 | EAP9: -6728 | EAQ9: -6699 | EAR9: -6681 | EAS9: -6674 | EAT9: -6677 | EAU9: -6687 | EAV9: -6702 | EAW9: -6721 | EAX9: -6744 | EAY9: -6768 | EAZ9: -6794 | EBA9: -6816 | EBB9: -6826 | EBC9: -6833 | EBD9: -6833 | EBE9: -6829 | EBF9: -6822 | EBG9: -6813 | EBH9: -6805 | EBI9: -6801 | EBJ9: -6806 | EBK9: -6817 | EBL9: -6842 | EBM9: -6867 | EBN9: -6907 | EBO9: -6937 | EBP9: -6950 | EBQ9: -6947 | EBR9: -6934 | EBS9: -6914 | EBT9: -6888 | EBU9: -6852 | EBV9: -6807 | EBW9: -6755 | EBX9: -6695 | EBY9: -6634 | EBZ9: -6587 | ECA9: -6550 | ECB9: -6525 | ECC9: -6507 | ECD9: -6495 | ECE9: -6487 | ECF9: -6480 | ECG9: -6470 | ECH9: -6458 | ECI9: -6431 | ECJ9: -6373 | ECK9: -6296 | ECL9: -6188 | ECM9: -6073 | ECN9: -5965 | ECO9: -5867 | ECP9: -5777 | ECQ9: -5694 | ECR9: -5621 | ECS9: -5561 | ECT9: -5514 | ECU9: -5479 | ECV9: -5455 | ECW9: -5436 | ECX9: -5401 | ECY9: -5353 | ECZ9: -5293 | EDA9: -5227 | EDB9: -5155 | EDC9: -5076 | EDD9: -4989 | EDE9: -4901 | EDF9: -4814 | EDG9: -4742 | EDH9: -4704 | EDI9: -4696 | EDJ9: -4727 | EDK9: -4770 | EDL9: -4815 | EDM9: -4861 | EDN9: -4910 | EDO9: -4965 | EDP9: -5026 | EDQ9: -5094 | EDR9: -5170 | EDS9: -5250 | EDT9: -5331 | EDU9: -5407 | EDV9: -5481 | EDW9: -5565 | EDX9: -5657 | EDY9: -5754 | EDZ9: -5860 | EEA9: -5975 | EEB9: -6099 | EEC9: -6230 | EED9: -6362 | EEE9: -6501 | EEF9: -6646 | EEG9: -6787 | EEH9: -6935 | EEI9: -7092 | EEJ9: -7253 | EEK9: -7416 | EEL9: -7573 | EEM9: -7719 | EEN9: -7849 | EEO9: -7962 | EEP9: -8059 | EEQ9: -8146 | EER9: -8224 | EES9: -8299 | EET9: -8378 | EEU9: -8451 | EEV9: -8516 | EEW9: -8578 | EEX9: -8637 | EEY9: -8695 | EEZ9: -8755 | EFA9: -8815 | EFB9: -8876 | EFC9: -8915 | EFD9: -8923 | EFE9: -8890 | EFF9: -8830 | EFG9: -8757 | EFH9: -8675 | EFI9: -8585 | EFJ9: -8487 | EFK9: -8384 | EFL9: -8280 | EFM9: -8173 | EFN9: -8065 | EFO9: -7956 | EFP9: -7850 | EFQ9: -7761 | EFR9: -7713 | EFS9: -7676 | EFT9: -7643 | EFU9: -7611 | EFV9: -7576 | EFW9: -7541 | EFX9: -7503 | EFY9: -7466 | EFZ9: -7427 | EGA9: -7383 | EGB9: -7338 | EGC9: -7305 | EGD9: -7253 | EGE9: -7190 | EGF9: -7123 | EGG9: -7054 | EGH9: -6981 | EGI9: -6910 | EGJ9: -6842 | EGK9: -6774 | EGL9: -6705 | EGM9: -6630 | EGN9: -6551 | EGO9: -6464 | EGP9: -6344 | EGQ9: -6217 | EGR9: -6089 | EGS9: -5956 | EGT9: -5820 | EGU9: -5679 | EGV9: -5535 | EGW9: -5388 | EGX9: -5237 | EGY9: -5101 | EGZ9: -4979 | EHA9: -4867 | EHB9: -4769 | EHC9: -4673 | EHD9: -4584 | EHE9: -4507 | EHF9: -4445 | EHG9: -4397 | EHH9: -4362 | EHI9: -4341 | EHJ9: -4333 | EHK9: -4342 | EHL9: -4367 | EHM9: -4399 | EHN9: -4447 | EHO9: -4508 | EHP9: -4581 | EHQ9: -4665 | EHR9: -4759 | EHS9: -4862 | EHT9: -4974 | EHU9: -5093 | EHV9: -5221 | EHW9: -5345 | EHX9: -5464 | EHY9: -5566 | EHZ9: -5672 | EIA9: -5779 | EIB9: -5882 | EIC9: -5976 | EID9: -6056 | EIE9: -6119 | EIF9: -6164 | EIG9: -6194 | EIH9: -6212 | EII9: -6217 | EIJ9: -6209 | EIK9: -6196 | EIL9: -6174 | EIM9: -6143 | EIN9: -6101 | EIO9: -6048 | EIP9: -5989 | EIQ9: -5924 | EIR9: -5852 | EIS9: -5770 | EIT9: -5677 | EIU9: -5572 | EIV9: -5449 | EIW9: -5323 | EIX9: -5161 | EIY9: -4978 | EIZ9: -4792 | EJA9: -4610 | EJB9: -4438 | EJC9: -4278 | EJD9: -4130 | EJE9: -3992 | EJF9: -3861 | EJG9: -3739 | EJH9: -3627 | EJI9: -3526 | EJJ9: -3426 | EJK9: -3329 | EJL9: -3329 | EJM9: -3329 | EJN9: -3329 | EJO9: -3329 | EJP9: -3329 | EJQ9: -3329 | EJR9: -3329 | EJS9: -3329 | EJT9: -3329 | EJU9: -3329 | EJV9: -3329 | EJW9: -3329 | EJX9: -3329 | EJY9: -3329 | EJZ9: -3329 | EKA9: -3329 | EKB9: -3329 | EKC9: -3329 | EKD9: -3329 | EKE9: -3329 | EKF9: -3329 | EKG9: -3329 | EKH9: -3329 | EKI9: -3329 | EKJ9: -3329 | EKK9: -3329 | EKL9: -3329 | EKM9: -3329 | EKN9: -3329 | EKO9: -3329 | EKP9: -3329 | EKQ9: -3329 | EKR9: -3329 | EKS9: -3329 | EKT9: -3329 | EKU9: -3329 | EKV9: -3329 | EKW9: -3329 | EKX9: -3329 | EKY9: -3329 | EKZ9: -3329 | ELA9: -3329 | ELB9: -3329 | ELC9: -3329 | ELD9: -3329 | ELE9: -3329 | ELF9: -3329 | ELG9: -3329 | ELH9: -3329 | ELI9: -3329 | ELJ9: -3329 | ELK9: -3329 | ELL9: -3329 | ELM9: -3329 | ELN9: -3329 | ELO9: -3329 | ELP9: -3329 | ELQ9: -3329 | ELR9: -3329 | ELS9: -3329 | ELT9: -3329 | ELU9: -3329 | ELV9: -3329 | ELW9: -3329 | ELX9: -3329 | ELY9: -3329 | ELZ9: -3329 | EMA9: -3329 | EMB9: -3329 | EMC9: -3329 | EMD9: -3502 | EME9: -3705 | EMF9: -3899 | EMG9: -4083 | EMH9: -4258 | EMI9: -4423 | EMJ9: -4576 | EMK9: -4718 | EML9: -4848 | EMM9: -4952 | EMN9: -5022 | EMO9: -5052 | EMP9: -5031 | EMQ9: -4989 | EMR9: -4939 | EMS9: -4883 | EMT9: -4822 | EMU9: -4756 | EMV9: -4685 | EMW9: -4609 | EMX9: -4528 | EMY9: -4444 | EMZ9: -4359 | ENA9: -4280 | ENB9: -4201 | ENC9: -4117 | END9: -4028 | ENE9: -3936 | ENF9: -3844 | ENG9: -3751 | ENH9: -3660 | ENI9: -3568 | ENJ9: -3475 | ENK9: -3385 | ENL9: -3329 | ENM9: -3329 | ENN9: -3329 | ENO9: -3329 | ENP9: -3329 | ENQ9: -3329 | ENR9: -3329 | ENS9: -3329 | ENT9: -3329 | ENU9: -3329 | ENV9: -3329 | ENW9: -3329 | ENX9: -3329 | ENY9: -3329 | ENZ9: -3329 | EOA9: -3329 | EOB9: -3329 | EOC9: -3329 | EOD9: -3329 | EOE9: -3329 | EOF9: -3329 | EOG9: -3329 | EOH9: -3329 | EOI9: -3329 | EOJ9: -3329 | EOK9: -3329 | EOL9: -3329 | EOM9: -3329 | EON9: -3329 | EOO9: -3329 | EOP9: -3329 | EOQ9: -3329 | EOR9: -3329 | EOS9: -3329 | EOT9: -3329 | EOU9: -3329 | EOV9: -3329 | EOW9: -3329 | EOX9: -3329 | EOY9: -3329 | EOZ9: -3329 | EPA9: -3329 | EPB9: -3329 | EPC9: -3329 | EPD9: -3329 | EPE9: -3329 | EPF9: -3329 | EPG9: -3329 | EPH9: -3329 | EPI9: -3329 | EPJ9: -3329 | EPK9: -3329 | EPL9: -3329 | EPM9: -3329 | EPN9: -3329 | EPO9: -3329 | EPP9: -3329 | EPQ9: -3410 | EPR9: -3524 | EPS9: -3630 | EPT9: -3729 | EPU9: -3815 | EPV9: -3894 | EPW9: -3959 | EPX9: -4017 | EPY9: -4070 | EPZ9: -4122 | EQA9: -4170 | EQB9: -4215 | EQC9: -4261 | EQD9: -4307 | EQE9: -4365 | EQF9: -4431 | EQG9: -4503 | EQH9: -4570 | EQI9: -4632 | EQJ9: -4693 | EQK9: -4757 | EQL9: -4831 | EQM9: -4914 | EQN9: -5005 | EQO9: -5100 | EQP9: -5193 | EQQ9: -5281 | EQR9: -5360 | EQS9: -5429 | EQT9: -5490 | EQU9: -5551 | EQV9: -5609 | EQW9: -5663 | EQX9: -5712 | EQY9: -5757 | EQZ9: -5800 | ERA9: -5840 | ERB9: -5878 | ERC9: -5899 | ERD9: -5897 | ERE9: -5862 | ERF9: -5800 | ERG9: -5723 | ERH9: -5639 | ERI9: -5550 | ERJ9: -5453 | ERK9: -5350 | ERL9: -5241 | ERM9: -5131 | ERN9: -5021 | ERO9: -4913 | ERP9: -4806 | ERQ9: -4703 | ERR9: -4621 | ERS9: -4545 | ERT9: -4471 | ERU9: -4399 | ERV9: -4332 | ERW9: -4269 | ERX9: -4211 | ERY9: -4157 | ERZ9: -4107 | ESA9: -4054 | ESB9: -3993 | ESC9: -3923 | ESD9: -3839 | ESE9: -3762 | ESF9: -3693 | ESG9: -3630 | ESH9: -3572 | ESI9: -3513 | ESJ9: -3453 | ESK9: -3389 | ESL9: -3329 | ESM9: -3329 | ESN9: -3329 | ESO9: -3329 | ESP9: -3329 | ESQ9: -3329 | ESR9: -3329 | ESS9: -3329 | EST9: -3329 | ESU9: -3329 | ESV9: -3329 | ESW9: -3329 | ESX9: -3329 | ESY9: -3329 | ESZ9: -3329 | ETA9: -3329 | ETB9: -3329 | ETC9: -3329 | ETD9: -3329 | ETE9: -3329 | ETF9: -3329 | ETG9: -3329 | ETH9: -3329 | ETI9: -3329 | ETJ9: -3329 | ETK9: -3329 | ETL9: -3329 | ETM9: -3329 | ETN9: -3329 | ETO9: -3329 | ETP9: -3329 | ETQ9: -3329 | ETR9: -3329 | ETS9: -3329 | ETT9: -3329 | ETU9: -3329 | ETV9: -3329 | ETW9: -3329 | ETX9: -3329 | ETY9: -3329 | ETZ9: -3329 | EUA9: -3329 | EUB9: -3329 | EUC9: -3329 | EUD9: -3329 | EUE9: -3329 | EUF9: -3329 | EUG9: -3329 | EUH9: -3329 | EUI9: -3329 | EUJ9: -3329 | EUK9: -3329 | EUL9: -3329 | EUM9: -3329 | EUN9: -3329 | EUO9: -3329 | EUP9: -3329 | EUQ9: -3329 | EUR9: -3329 | EUS9: -3329 | EUT9: -3329 | EUU9: -3329 | EUV9: -3329 | EUW9: -3329 | EUX9: -3329 | EUY9: -3329 | EUZ9: -3329 | EVA9: -3329 | EVB9: -3329 | EVC9: -3329 | EVD9: -3329 | EVE9: -3329 | EVF9: -3329 | EVG9: -3329 | EVH9: -3329 | EVI9: -3329 | EVJ9: -3329 | EVK9: -3329 | EVL9: -3329 | EVM9: -3329 | EVN9: -3329 | EVO9: -3329 | EVP9: -3329 | EVQ9: -3329 | EVR9: -3329 | EVS9: -3329 | EVT9: -3329 | EVU9: -3329 | EVV9: -3329 | EVW9: -3329 | EVX9: -3329 | EVY9: -3329 | EVZ9: -3329 | EWA9: -3329 | EWB9: -3329 | EWC9: -3329 | EWD9: -3329 | EWE9: -3329 | EWF9: -3329 | EWG9: -3329 | EWH9: -3329 | EWI9: -3329 | EWJ9: -3329 | EWK9: -3329 | EWL9: -3406 | EWM9: -3598 | EWN9: -3798 | EWO9: -4009 | EWP9: -4225 | EWQ9: -4425 | EWR9: -4589 | EWS9: -4720 | EWT9: -4831 | EWU9: -4931 | EWV9: -5020 | EWW9: -5100 | EWX9: -5175 | EWY9: -5241 | EWZ9: -5301 | EXA9: -5354 | EXB9: -5401 | EXC9: -5446 | EXD9: -5492 | EXE9: -5545 | EXF9: -5617 | EXG9: -5688 | EXH9: -5754 | EXI9: -5812 | EXJ9: -5863 | EXK9: -5904 | EXL9: -5934 | EXM9: -5954 | EXN9: -5965 | EXO9: -5958 | EXP9: -5947 | EXQ9: -5924 | EXR9: -5895 | EXS9: -5866 | EXT9: -5840 | EXU9: -5815 | EXV9: -5788 | EXW9: -5758 | EXX9: -5721 | EXY9: -5679 | EXZ9: -5630 | EYA9: -5575 | EYB9: -5516 | EYC9: -5456 | EYD9: -5396 | EYE9: -5322 | EYF9: -5242 | EYG9: -5158 | EYH9: -5068 | EYI9: -4971 | EYJ9: -4870 | EYK9: -4765 | EYL9: -4661 | EYM9: -4585 | EYN9: -4543 | EYO9: -4542 | EYP9: -4556 | EYQ9: -4578 | EYR9: -4609 | EYS9: -4649 | EYT9: -4693 | EYU9: -4742 | EYV9: -4790 | EYW9: -4834 | EYX9: -4870 | EYY9: -4900 | EYZ9: -4926 | EZA9: -4947 | EZB9: -4957 | EZC9: -4967 | EZD9: -4977 | EZE9: -4985 | EZF9: -4993 | EZG9: -5005 | EZH9: -5019 | EZI9: -5035 | EZJ9: -5051 | EZK9: -5065 | EZL9: -5081 | EZM9: -5096 | EZN9: -5118 | EZO9: -5141 | EZP9: -5160 | EZQ9: -5178 | EZR9: -5198 | EZS9: -5223 | EZT9: -5257 | EZU9: -5306 | EZV9: -5368 | EZW9: -5442 | EZX9: -5517 | EZY9: -5588 | EZZ9: -5656 | FAA9: -5733 | FAB9: -5812 | FAC9: -5892 | FAD9: -5974 | FAE9: -6057 | FAF9: -6142 | FAG9: -6227 | FAH9: -6312 | FAI9: -6377 | FAJ9: -6417 | FAK9: -6426 | FAL9: -6428 | FAM9: -6428 | FAN9: -6429 | FAO9: -6433 | FAP9: -6443 | FAQ9: -6459 | FAR9: -6479 | FAS9: -6503 | FAT9: -6527 | FAU9: -6547 | FAV9: -6561 | FAW9: -6571 | FAX9: -6572 | FAY9: -6563 | FAZ9: -6551 | FBA9: -6536 | FBB9: -6516 | FBC9: -6490 | FBD9: -6461 | FBE9: -6429 | FBF9: -6395 | FBG9: -6368 | FBH9: -6353 | FBI9: -6348 | FBJ9: -6340 | FBK9: -6338 | FBL9: -6346 | FBM9: -6362 | FBN9: -6379 | FBO9: -6393 | FBP9: -6399 | FBQ9: -6395 | FBR9: -6380 | FBS9: -6358 | FBT9: -6335 | FBU9: -6313 | FBV9: -6300 | FBW9: -6296 | FBX9: -6301 | FBY9: -6317 | FBZ9: -6342 | FCA9: -6373 | FCB9: -6407 | FCC9: -6442 | FCD9: -6476 | FCE9: -6483 | FCF9: -6465 | FCG9: -6417 | FCH9: -6342 | FCI9: -6256 | FCJ9: -6159 | FCK9: -6049 | FCL9: -5933 | FCM9: -5816 | FCN9: -5706 | FCO9: -5606 | FCP9: -5521 | FCQ9: -5451 | FCR9: -5397 | FCS9: -5357 | FCT9: -5302 | FCU9: -5224 | FCV9: -5135 | FCW9: -5034 | FCX9: -4922 | FCY9: -4805 | FCZ9: -4683 | FDA9: -4558 | FDB9: -4435 | FDC9: -4362 | FDD9: -4337 | FDE9: -4375 | FDF9: -4458 | FDG9: -4560 | FDH9: -4671 | FDI9: -4785 | FDJ9: -4898 | FDK9: -5010 | FDL9: -5117 | FDM9: -5221 | FDN9: -5315 | FDO9: -5396 | FDP9: -5464 | FDQ9: -5523 | FDR9: -5588 | FDS9: -5669 | FDT9: -5758 | FDU9: -5853 | FDV9: -5952 | FDW9: -6054 | FDX9: -6156 | FDY9: -6260 | FDZ9: -6363 | FEA9: -6444 | FEB9: -6494 | FEC9: -6498 | FED9: -6468 | FEE9: -6417 | FEF9: -6351 | FEG9: -6280 | FEH9: -6211 | FEI9: -6142 | FEJ9: -6074 | FEK9: -6007 | FEL9: -5944 | FEM9: -5889 | FEN9: -5841 | FEO9: -5798 | FEP9: -5762 | FEQ9: -5735 | FER9: -5712 | FES9: -5693 | FET9: -5678 | FEU9: -5669 | FEV9: -5666 | FEW9: -5668 | FEX9: -5672 | FEY9: -5666 | FEZ9: -5653 | FFA9: -5630 | FFB9: -5603 | FFC9: -5572 | FFD9: -5536 | FFE9: -5495 | FFF9: -5448 | FFG9: -5394 | FFH9: -5335 | FFI9: -5271 | FFJ9: -5204 | FFK9: -5134 | FFL9: -5061 | FFM9: -4989 | FFN9: -4927 | FFO9: -4855 | FFP9: -4775 | FFQ9: -4694 | FFR9: -4613 | FFS9: -4534 | FFT9: -4456 | FFU9: -4378 | FFV9: -4303 | FFW9: -4225 | FFX9: -4139 | FFY9: -4059 | FFZ9: -3971 | FGA9: -3887 | FGB9: -3809 | FGC9: -3735 | FGD9: -3663 | FGE9: -3595 | FGF9: -3531 | FGG9: -3470 | FGH9: -3406 | FGI9: -3343 | FGJ9: -3329 | FGK9: -3329 | FGL9: -3329 | FGM9: -3329 | FGN9: -3329 | FGO9: -3329 | FGP9: -3329 | FGQ9: -3329 | FGR9: -3329 | FGS9: -3329 | FGT9: -3329 | FGU9: -3329 | FGV9: -3329 | FGW9: -3329 | FGX9: -3329 | FGY9: -3329 | FGZ9: -3329 | FHA9: -3329 | FHB9: -3329 | FHC9: -3329 | FHD9: -3329 | FHE9: -3329 | FHF9: -3329 | FHG9: -3329 | FHH9: -3329 | FHI9: -3329 | FHJ9: -3329 | FHK9: -3329 | FHL9: -3329 | FHM9: -3329 | FHN9: -3329 | FHO9: -3329 | FHP9: -3329 | FHQ9: -3329 | FHR9: -3329 | FHS9: -3329 | FHT9: -3329 | FHU9: -3329 | FHV9: -3329 | FHW9: -3329 | FHX9: -3329 | FHY9: -3329 | FHZ9: -3329 | FIA9: -3329 | FIB9: -3329 | FIC9: -3329 | FID9: -3329 | FIE9: -3329 | FIF9: -3329 | FIG9: -3329 | FIH9: -3329 | FII9: -3329 | FIJ9: -3329 | FIK9: -3329 | FIL9: -3329 | FIM9: -3329 | FIN9: -3329 | FIO9: -3329 | FIP9: -3329 | FIQ9: -3329 | FIR9: -3329 | FIS9: -3329 | FIT9: -3329 | FIU9: -3329 | FIV9: -3329 | FIW9: -3329 | FIX9: -3329 | FIY9: -3329 | FIZ9: -3329 | FJA9: -3329 | FJB9: -3329 | FJC9: -3329 | FJD9: -3329 | FJE9: -3334 | FJF9: -3343 | FJG9: -3351 | FJH9: -3357 | FJI9: -3359 | FJJ9: -3360 | FJK9: -3363 | FJL9: -3368 | FJM9: -3376 | FJN9: -3387 | FJO9: -3397 | FJP9: -3388 | FJQ9: -3359 | FJR9: -3329 | FJS9: -3329 | FJT9: -3329 | FJU9: -3329 | FJV9: -3329 | FJW9: -3329 | FJX9: -3329 | FJY9: -3329 | FJZ9: -3329 | FKA9: -3329 | FKB9: -3329 | FKC9: -3329 | FKD9: -3329 | FKE9: -3329 | FKF9: -3329 | FKG9: -3329 | FKH9: -3329 | FKI9: -3329 | FKJ9: -3329 | FKK9: -3329 | FKL9: -3329 | FKM9: -3329 | FKN9: -3329 | FKO9: -3329 | FKP9: -3329 | FKQ9: -3329 | FKR9: -3329 | FKS9: -3329 | FKT9: -3329 | FKU9: -3329 | FKV9: -3329 | FKW9: -3329 | FKX9: -3329 | FKY9: -3329 | FKZ9: -3329 | FLA9: -3329 | FLB9: -3329 | FLC9: -3329 | FLD9: -3329 | FLE9: -3329 | FLF9: -3329 | FLG9: -3329 | FLH9: -3329 | FLI9: -3329 | FLJ9: -3329 | FLK9: -3329 | FLL9: -3329 | FLM9: -3329 | FLN9: -3329 | FLO9: -3329 | FLP9: -3329 | FLQ9: -3329 | FLR9: -3329 | FLS9: -3329 | FLT9: -3329 | FLU9: -3329 | FLV9: -3329 | FLW9: -3329 | FLX9: -3329 | FLY9: -3329 | FLZ9: -3329 | FMA9: -3329 | FMB9: -3329 | FMC9: -3329 | FMD9: -3329 | FME9: -3329 | FMF9: -3329 | FMG9: -3329 | FMH9: -3329 | FMI9: -3329 | FMJ9: -3329 | FMK9: -3329 | FML9: -3329 | FMM9: -3329 | FMN9: -3329 | FMO9: -3329 | FMP9: -3329 | FMQ9: -3329 | FMR9: -3329 | FMS9: -3329 | FMT9: -3329 | FMU9: -3329 | FMV9: -3329 | FMW9: -3329 | FMX9: -3329 | FMY9: -3329 | FMZ9: -3329 | FNA9: -3329 | FNB9: -3329 | FNC9: -3329 | FND9: -3329 | FNE9: -3329 | FNF9: -3329 | FNG9: -3329 | FNH9: -3329 | FNI9: -3329 | FNJ9: -3329 | FNK9: -3329 | FNL9: -3329 | FNM9: -3329 | FNN9: -3329 | FNO9: -3329 | FNP9: -3329 | FNQ9: -3329 | FNR9: -3329 | FNS9: -3329 | FNT9: -3329 | FNU9: -3329 | FNV9: -3329 | FNW9: -3329 | FNX9: -3329 | FNY9: -3329 | FNZ9: -3329 | FOA9: -3329 | FOB9: -3329 | FOC9: -3329 | FOD9: -3329 | FOE9: -3329 | FOF9: -3329 | FOG9: -3329 | FOH9: -3329 | FOI9: -3329 | FOJ9: -3329 | FOK9: -3329 | FOL9: -3329 | FOM9: -3329 | FON9: -3329 | FOO9: -3329 | FOP9: -3329 | FOQ9: -3329 | FOR9: -3329 | FOS9: -3329 | FOT9: -3329 | FOU9: -3329 | FOV9: -3329 | FOW9: -3329 | FOX9: -3329 | FOY9: -3329 | FOZ9: -3329 | FPA9: -3329 | FPB9: -3329 | FPC9: -3329 | FPD9: -3329 | FPE9: -3329 | FPF9: -3329 | FPG9: -3329 | FPH9: -3329 | FPI9: -3329 | FPJ9: -3329 | FPK9: -3329 | FPL9: -3329 | FPM9: -3329 | FPN9: -3329 | FPO9: -3329 | FPP9: -3329 | FPQ9: -3329 | FPR9: -3329 | FPS9: -3329 | FPT9: -3329 | FPU9: -3329 | FPV9: -3329 | FPW9: -3329 | FPX9: -3329 | FPY9: -3329 | FPZ9: -3329 | FQA9: -3329 | FQB9: -3329 | FQC9: -3329 | FQD9: -3329 | FQE9: -3329 | FQF9: -3329 | FQG9: -3329 | FQH9: -3329 | FQI9: -3329 | FQJ9: -3329 | FQK9: -3329 | FQL9: -3329 | FQM9: -3329 | FQN9: -3329 | FQO9: -3329 | FQP9: -3329 | FQQ9: -3329 | FQR9: -3329 | FQS9: -3329 | FQT9: -3329 | FQU9: -3329 | FQV9: -3329 | FQW9: -3329 | FQX9: -3329 | FQY9: -3329 | FQZ9: -3329 | FRA9: -3329 | FRB9: -3329 | FRC9: -3329 | FRD9: -3329 | FRE9: -3329 | FRF9: -3329 | FRG9: -3329 | FRH9: -3329 | FRI9: -3329 | FRJ9: -3329 | FRK9: -3329 | FRL9: -3329 | FRM9: -3329 | FRN9: -3329 | FRO9: -3329 | FRP9: -3329 | FRQ9: -3329 | FRR9: -3329 | FRS9: -3329 | FRT9: -3329 | FRU9: -3329 | FRV9: -3329 | FRW9: -3329 | FRX9: -3329 | FRY9: -3329 | FRZ9: -3329 | FSA9: -3329 | FSB9: -3329 | FSC9: -3329 | FSD9: -3329 | FSE9: -3329 | FSF9: -3329 | FSG9: -3329 | FSH9: -3329 | FSI9: -3329 | FSJ9: -3329 | FSK9: -3329 | FSL9: -3329 | FSM9: -3329 | FSN9: -3329 | FSO9: -3329 | FSP9: -3329 | FSQ9: -3453 | FSR9: -3570 | FSS9: -3685 | FST9: -3802 | FSU9: -3927 | FSV9: -4051 | FSW9: -4185 | FSX9: -4333 | FSY9: -4487 | FSZ9: -4639 | FTA9: -4785 | FTB9: -4923 | FTC9: -5050 | FTD9: -5163 | FTE9: -5262 | FTF9: -5343 | FTG9: -5408 | FTH9: -5458 | FTI9: -5499 | FTJ9: -5543 | FTK9: -5585 | FTL9: -5618 | FTM9: -5646 | FTN9: -5677 | FTO9: -5711 | FTP9: -5749 | FTQ9: -5787 | FTR9: -5828 | FTS9: -5858 | FTT9: -5870 | FTU9: -5846 | FTV9: -5797 | FTW9: -5730 | FTX9: -5644 | FTY9: -5543 | FTZ9: -5427 | FUA9: -5300 | FUB9: -5166 | FUC9: -5030 | FUD9: -4895 | FUE9: -4764 | FUF9: -4640 | FUG9: -4535 | FUH9: -4452 | FUI9: -4367 | FUJ9: -4280 | FUK9: -4194 | FUL9: -4107 | FUM9: -4020 | FUN9: -3935 | FUO9: -3854 | FUP9: -3776 | FUQ9: -3694 | FUR9: -3598 | FUS9: -3501 | FUT9: -3386 | FUU9: -3329 | FUV9: -3329 | FUW9: -3329 | FUX9: -3329 | FUY9: -3329 | FUZ9: -3329 | FVA9: -3329 | FVB9: -3329 | FVC9: -3329 | FVD9: -3329 | FVE9: -3329 | FVF9: -3329 | FVG9: -3329 | FVH9: -3329 | FVI9: -3329 | FVJ9: -3329 | FVK9: -3329 | FVL9: -3329 | FVM9: -3329 | FVN9: -3329 | FVO9: -3329 | FVP9: -3329 | FVQ9: -3329 | FVR9: -3329 | FVS9: -3329 | FVT9: -3329 | FVU9: -3329 | FVV9: -3329 | FVW9: -3329 | FVX9: -3329 | FVY9: -3329 | FVZ9: -3329 | FWA9: -3329 | FWB9: -3329 | FWC9: -3329 | FWD9: -3329 | FWE9: -3329 | FWF9: -3329 | FWG9: -3329 | FWH9: -3329 | FWI9: -3329 | FWJ9: -3329 | FWK9: -3329 | FWL9: -3329 | FWM9: -3329 | FWN9: -3329 | FWO9: -3329 | FWP9: -3329 | FWQ9: -3329 | FWR9: -3329 | FWS9: -3329 | FWT9: -3329 | FWU9: -3329 | FWV9: -3329 | FWW9: -3329 | FWX9: -3329 | FWY9: -3329 | FWZ9: -3329 | FXA9: -3329 | FXB9: -3329 | FXC9: -3329 | FXD9: -3329 | FXE9: -3329 | FXF9: -3329 | FXG9: -3329 | FXH9: -3329 | FXI9: -3329 | FXJ9: -3329 | FXK9: -3329 | FXL9: -3329 | FXM9: -3329 | FXN9: -3329 | FXO9: -3329 | FXP9: -3329 | FXQ9: -3329 | FXR9: -3329 | FXS9: -3329 | FXT9: -3329 | FXU9: -3329 | FXV9: -3329 | FXW9: -3329 | FXX9: -3329 | FXY9: -3329 | FXZ9: -3329 | FYA9: -3329 | FYB9: -3329 | FYC9: -3329 | FYD9: -3329 | FYE9: -3329 | FYF9: -3329 | FYG9: -3329 | FYH9: -3329 | FYI9: -3329 | FYJ9: -3329 | FYK9: -3329 | FYL9: -3329 | FYM9: -3329 | FYN9: -3329 | FYO9: -3329 | FYP9: -3329 | FYQ9: -3329 | FYR9: -3329 | FYS9: -3329 | FYT9: -3329 | FYU9: -3329 | FYV9: -3329 | FYW9: -3329 | FYX9: -3329 | FYY9: -3329 | FYZ9: -3329 | FZA9: -3329 | FZB9: -3329 | FZC9: -3329 | FZD9: -3329 | FZE9: -3329 | FZF9: -3329 | FZG9: -3329 | FZH9: -3329 | FZI9: -3329 | FZJ9: -3329 | FZK9: -3329 | FZL9: -3329 | FZM9: -3329 | FZN9: -3329 | FZO9: -3329 | FZP9: -3329 | FZQ9: -3329 | FZR9: -3329 | FZS9: -3329 | FZT9: -3329 | FZU9: -3329 | FZV9: -3329 | FZW9: -3329 | FZX9: -3329 | FZY9: -3329 | FZZ9: -3329 | GAA9: -3329 | GAB9: -3329 | GAC9: -3329 | GAD9: -3329 | GAE9: -3329 | GAF9: -3329 | GAG9: -3329 | GAH9: -3329 | GAI9: -3329 | GAJ9: -3329 | GAK9: -3329 | GAL9: -3329 | GAM9: -3329 | GAN9: -3329 | GAO9: -3329 | GAP9: -3329 | GAQ9: -3329 | GAR9: -3329 | GAS9: -3329 | GAT9: -3329 | GAU9: -3329 | GAV9: -3329 | GAW9: -3329 | GAX9: -3329 | GAY9: -3329 | GAZ9: -3329 | GBA9: -3329 | GBB9: -3329 | GBC9: -3329 | GBD9: -3329 | GBE9: -3329 | GBF9: -3329 | GBG9: -3329 | GBH9: -3329 | GBI9: -3329 | GBJ9: -3329 | GBK9: -3329 | GBL9: -3329 | GBM9: -3329 | GBN9: -3329 | GBO9: -3329 | GBP9: -3329 | GBQ9: -3329 | GBR9: -3329 | GBS9: -3329 | GBT9: -3329 | GBU9: -3329 | GBV9: -3329 | GBW9: -3329 | GBX9: -3329 | GBY9: -3329 | GBZ9: -3329 | GCA9: -3329 | GCB9: -3329 | GCC9: -3329 | GCD9: -3329 | GCE9: -3329 | GCF9: -3329 | GCG9: -3329 | GCH9: -3329 | GCI9: -3329 | GCJ9: -3329 | GCK9: -3329 | GCL9: -3329 | GCM9: -3329 | GCN9: -3329 | GCO9: -3329 | GCP9: -3329 | GCQ9: -3329 | GCR9: -3329 | GCS9: -3329 | GCT9: -3329 | GCU9: -3329 | GCV9: -3329 | GCW9: -3329 | GCX9: -3329 | GCY9: -3329 | GCZ9: -3329 | GDA9: -3329 | GDB9: -3329 | GDC9: -3329 | GDD9: -3329 | GDE9: -3329 | GDF9: -3329 | GDG9: -3329 | GDH9: -3329 | GDI9: -3329 | GDJ9: -3329 | GDK9: -3329 | GDL9: -3329 | GDM9: -3329 | GDN9: -3329 | GDO9: -3329 | GDP9: -3329 | GDQ9: -3329 | GDR9: -3329 | GDS9: -3329 | GDT9: -3329 | GDU9: -3329 | GDV9: -3329 | GDW9: -3329 | GDX9: -3329 | GDY9: -3329 | GDZ9: -3329 | GEA9: -3329 | GEB9: -3329 | GEC9: -3329 | GED9: -3329 | GEE9: -3329 | GEF9: -3329 | GEG9: -3329 | GEH9: -3329 | GEI9: -3329 | GEJ9: -3329 | GEK9: -3329 | GEL9: -3329 | GEM9: -3329 | GEN9: -3329 | GEO9: -3329 | GEP9: -3329 | GEQ9: -3329 | GER9: -3329 | GES9: -3329 | GET9: -3329 | GEU9: -3329 | GEV9: -3329 | GEW9: -3329 | GEX9: -3329 | GEY9: -3329 | GEZ9: -3329 | GFA9: -3329 | GFB9: -3329 | GFC9: -3329 | GFD9: -3329 | GFE9: -3329 | GFF9: -3329 | GFG9: -3329 | GFH9: -3329 | GFI9: -3329 | GFJ9: -3329 | GFK9: -3329 | GFL9: -3329 | GFM9: -3329 | GFN9: -3329 | GFO9: -3329 | GFP9: -3329 | GFQ9: -3329 | GFR9: -3329 | GFS9: -3329 | GFT9: -3329 | GFU9: -3329 | GFV9: -3329 | GFW9: -3329 | GFX9: -3329 | GFY9: -3329 | GFZ9: -3329 | GGA9: -3329 | GGB9: -3329 | GGC9: -3329 | GGD9: -3329 | GGE9: -3329 | GGF9: -3329 | GGG9: -3329 | GGH9: -3329 | GGI9: -3329 | GGJ9: -3329 | GGK9: -3329 | GGL9: -3329 | GGM9: -3329 | GGN9: -3329 | GGO9: -3329 | GGP9: -3329 | GGQ9: -3329 | GGR9: -3329 | GGS9: -3329 | GGT9: -3329 | GGU9: -3329 | GGV9: -3329 | GGW9: -3329 | GGX9: -3329 | GGY9: -3329 | GGZ9: -3329 | GHA9: -3329 | GHB9: -3329 | GHC9: -3329 | GHD9: -3329 | GHE9: -3329 | GHF9: -3329 | GHG9: -3329 | GHH9: -3329 | GHI9: -3329 | GHJ9: -3329 | GHK9: -3329 | GHL9: -3329 | GHM9: -3329 | GHN9: -3329 | GHO9: -3329 | GHP9: -3329 | GHQ9: -3329 | GHR9: -3329 | GHS9: -3329 | GHT9: -3329 | GHU9: -3329 | GHV9: -3329 | GHW9: -3329 | GHX9: -3329 | GHY9: -3329 | GHZ9: -3329 | GIA9: -3329 | GIB9: -3329 | GIC9: -3329 | GID9: -3329 | GIE9: -3329 | GIF9: -3329 | GIG9: -3329 | GIH9: -3329 | GII9: -3329 | GIJ9: -3329 | GIK9: -3329 | GIL9: -3476 | GIM9: -3587 | GIN9: -3655 | GIO9: -3677 | GIP9: -3661 | GIQ9: -3621 | GIR9: -3571 | GIS9: -3517 | GIT9: -3464 | GIU9: -3412 | GIV9: -3367 | GIW9: -3329 | GIX9: -3329 | GIY9: -3329 | GIZ9: -3329 | GJA9: -3329 | GJB9: -3329 | GJC9: -3329 | GJD9: -3329 | GJE9: -3329 | GJF9: -3329 | GJG9: -3329 | GJH9: -3329 | GJI9: -3329 | GJJ9: -3329 | GJK9: -3329 | GJL9: -3329 | GJM9: -3329 | GJN9: -3329 | GJO9: -3329 | GJP9: -3329 | GJQ9: -3329 | GJR9: -3329 | GJS9: -3329 | GJT9: -3329 | GJU9: -3329 | GJV9: -3329 | GJW9: -3329 | GJX9: -3329 | GJY9: -3329 | GJZ9: -3329 | GKA9: -3329 | GKB9: -3329 | GKC9: -3329 | GKD9: -3329 | GKE9: -3329 | GKF9: -3329 | GKG9: -3329 | GKH9: -3329 | GKI9: -3329 | GKJ9: -3329 | GKK9: -3329 | GKL9: -3329 | GKM9: -3329 | GKN9: -3329 | GKO9: -3329 | GKP9: -3329 | GKQ9: -3329 | GKR9: -3329 | GKS9: -3329 | GKT9: -3329 | GKU9: -3329 | GKV9: -3329 | GKW9: -3329 | GKX9: -3329 | GKY9: -3329 | GKZ9: -3329 | GLA9: -3329 | GLB9: -3329 | GLC9: -3329 | GLD9: -3329 | GLE9: -3329 | GLF9: -3329 | GLG9: -3329 | GLH9: -3329 | GLI9: -3329 | GLJ9: -3329 | GLK9: -3329 | GLL9: -3329 | GLM9: -3329 | GLN9: -3329 | GLO9: -3329 | GLP9: -3329 | GLQ9: -3329 | GLR9: -3329 | GLS9: -3329 | GLT9: -3343 | GLU9: -3381 | GLV9: -3425 | GLW9: -3476 | GLX9: -3526 | GLY9: -3575 | GLZ9: -3622 | GMA9: -3666 | GMB9: -3704 | GMC9: -3736 | GMD9: -3765 | GME9: -3784 | GMF9: -3782 | GMG9: -3768 | GMH9: -3747 | GMI9: -3735 | GMJ9: -3730 | GMK9: -3733 | GML9: -3744 | GMM9: -3766 | GMN9: -3794 | GMO9: -3827 | GMP9: -3863 | GMQ9: -3899 | GMR9: -3935 | GMS9: -3971 | GMT9: -4012 | GMU9: -4056 | GMV9: -4100 | GMW9: -4144 | GMX9: -4188 | GMY9: -4234 | GMZ9: -4283 | GNA9: -4337 | GNB9: -4390 | GNC9: -4437 | GND9: -4464 | GNE9: -4479 | GNF9: -4475 | GNG9: -4445 | GNH9: -4394 | GNI9: -4330 | GNJ9: -4252 | GNK9: -4158 | GNL9: -4053 | GNM9: -3939 | GNN9: -3818 | GNO9: -3693 | GNP9: -3567 | GNQ9: -3459 | GNR9: -3352 | GNS9: -3329 | GNT9: -3329 | GNU9: -3329 | GNV9: -3329 | GNW9: -3329 | GNX9: -3329 | GNY9: -3329 | GNZ9: -3329 | GOA9: -3329 | GOB9: -3329 | GOC9: -3329 | GOD9: -3329 | GOE9: -3329 | GOF9: -3329 | GOG9: -3329 | GOH9: -3329 | GOI9: -3329 | GOJ9: -3329 | GOK9: -3329 | GOL9: -3329 | GOM9: -3329 | GON9: -3329 | GOO9: -3329 | GOP9: -3329 | GOQ9: -3329 | GOR9: -3329 | GOS9: -3329 | GOT9: -3329 | GOU9: -3329 | GOV9: -3329 | GOW9: -3329 | GOX9: -3329 | GOY9: -3329 | GOZ9: -3329 | GPA9: -3329 | GPB9: -3329 | GPC9: -3329 | GPD9: -3329 | GPE9: -3329 | GPF9: -3329 | GPG9: -3329 | GPH9: -3329 | GPI9: -3329 | GPJ9: -3329 | GPK9: -3329 | GPL9: -3329 | GPM9: -3329 | GPN9: -3329 | GPO9: -3329 | GPP9: -3329 | GPQ9: -3329 | GPR9: -3329 | GPS9: -3329 | GPT9: -3329 | GPU9: -3329 | GPV9: -3329 | GPW9: -3329 | GPX9: -3329 | GPY9: -3329 | GPZ9: -3329 | GQA9: -3329 | GQB9: -3329 | GQC9: -3329 | GQD9: -3329 | GQE9: -3329 | GQF9: -3329 | GQG9: -3329 | GQH9: -3329 | GQI9: -3329 | GQJ9: -3329 | GQK9: -3329 | GQL9: -3329 | GQM9: -3329 | GQN9: -3329 | GQO9: -3329 | GQP9: -3329 | GQQ9: -3329 | GQR9: -3329 | GQS9: -3329 | GQT9: -3329 | GQU9: -3329 | GQV9: -3329 | GQW9: -3329 | GQX9: -3329 | GQY9: -3329 | GQZ9: -3329 | GRA9: -3329 | GRB9: -3329 | GRC9: -3329 | GRD9: -3329 | GRE9: -3329 | GRF9: -3329 | GRG9: -3329 | GRH9: -3329 | GRI9: -3329 | GRJ9: -3329 | GRK9: -3329 | GRL9: -3329 | GRM9: -3329 | GRN9: -3329 | GRO9: -3329 | GRP9: -3329 | GRQ9: -3329 | GRR9: -3329 | GRS9: -3329 | GRT9: -3329 | GRU9: -3329 | GRV9: -3329 | GRW9: -3329 | GRX9: -3329 | GRY9: -3329 | GRZ9: -3329 | GSA9: -3329 | GSB9: -3329 | GSC9: -3329 | GSD9: -3329 | GSE9: -3329 | GSF9: -3329 | GSG9: -3329 | GSH9: -3329 | GSI9: -3329 | GSJ9: -3329 | GSK9: -3329 | GSL9: -3329 | GSM9: -3329 | GSN9: -3329 | GSO9: -3329 | GSP9: -3329 | GSQ9: -3329 | GSR9: -3329 | GSS9: -3329 | GST9: -3329 | GSU9: -3329 | GSV9: -3329 | GSW9: -3329 | GSX9: -3329 | GSY9: -3329 | GSZ9: -3329 | GTA9: -3329 | GTB9: -3329 | GTC9: -3329 | GTD9: -3329 | GTE9: -3329 | GTF9: -3329 | GTG9: -3329 | GTH9: -3329 | GTI9: -3329 | GTJ9: -3329 | GTK9: -3329 | GTL9: -3329 | GTM9: -3329 | GTN9: -3329 | GTO9: -3329 | GTP9: -3329 | GTQ9: -3329 | GTR9: -3329 | GTS9: -3329 | GTT9: -3329 | GTU9: -3329 | GTV9: -3329 | GTW9: -3329 | GTX9: -3329 | GTY9: -3329 | GTZ9: -3329 | GUA9: -3329 | GUB9: -3329 | GUC9: -3329 | GUD9: -3329 | GUE9: -3329 | GUF9: -3329 | GUG9: -3329 | GUH9: -3329 | GUI9: -3329 | GUJ9: -3329 | GUK9: -3329 | GUL9: -3329 | GUM9: -3329 | GUN9: -3329 | GUO9: -3329 | GUP9: -3329 | GUQ9: -3329 | GUR9: -3329 | GUS9: -3329 | GUT9: -3329 | GUU9: -3329 | GUV9: -3329 | GUW9: -3329 | GUX9: -3329 | GUY9: -3329 | GUZ9: -3329 | GVA9: -3329 | GVB9: -3329 | GVC9: -3329 | GVD9: -3329 | GVE9: -3329 | GVF9: -3329 | GVG9: -3329 | GVH9: -3329 | GVI9: -3329 | GVJ9: -3329 | GVK9: -3329 | GVL9: -3329 | GVM9: -3329 | GVN9: -3329 | GVO9: -3329 | GVP9: -3329 | GVQ9: -3329 | GVR9: -3329 | GVS9: -3329 | GVT9: -3329 | GVU9: -3329 | GVV9: -3329 | GVW9: -3329 | GVX9: -3329 | GVY9: -3329 | GVZ9: -3329 | GWA9: -3329 | GWB9: -3329 | GWC9: -3329 | GWD9: -3329 | GWE9: -3329 | GWF9: -3329 | GWG9: -3329 | GWH9: -3329 | GWI9: -3329 | GWJ9: -3329 | GWK9: -3329 | GWL9: -3329 | GWM9: -3329 | GWN9: -3329 | GWO9: -3329 | GWP9: -3329 | GWQ9: -3329 | GWR9: -3329 | GWS9: -3329 | GWT9: -3329 | GWU9: -3329 | GWV9: -3329 | GWW9: -3329 | GWX9: -3329 | GWY9: -3329 | GWZ9: -3329 | GXA9: -3329 | GXB9: -3329 | GXC9: -3329 | GXD9: -3329 | GXE9: -3329 | GXF9: -3329 | GXG9: -3329 | GXH9: -3329 | GXI9: -3329 | GXJ9: -3329 | GXK9: -3329 | GXL9: -3329 | GXM9: -3329 | GXN9: -3329 | GXO9: -3329 | GXP9: -3329 | GXQ9: -3329 | GXR9: -3329 | GXS9: -3329 | GXT9: -3329 | GXU9: -3329 | GXV9: -3329 | GXW9: -3329 | GXX9: -3329 | GXY9: -3329 | GXZ9: -3329 | GYA9: -3329 | GYB9: -3329 | GYC9: -3329 | GYD9: -3329 | GYE9: -3329 | GYF9: -3329 | GYG9: -3329 | GYH9: -3329 | GYI9: -3329 | GYJ9: -3329 | GYK9: -3329 | GYL9: -3329 | GYM9: -3329 | GYN9: -3329 | GYO9: -3329 | GYP9: -3329 | GYQ9: -3329 | GYR9: -3329 | GYS9: -3329 | GYT9: -3329 | GYU9: -3329 | GYV9: -3329 | GYW9: -3329 | GYX9: -3329 | GYY9: -3329 | GYZ9: -3329 | GZA9: -3329 | GZB9: -3329 | GZC9: -3329 | GZD9: -3329 | GZE9: -3329 | GZF9: -3329 | GZG9: -3329 | GZH9: -3329 | GZI9: -3329 | GZJ9: -3329 | GZK9: -3329 | GZL9: -3329 | GZM9: -3329 | GZN9: -3329 | GZO9: -3329 | GZP9: -3329 | GZQ9: -3329 | GZR9: -3329 | GZS9: -3329 | GZT9: -3329 | GZU9: -3329 | GZV9: -3329 | GZW9: -3329 | GZX9: -3329 | GZY9: -3329 | GZZ9: -3329 | HAA9: -3329 | HAB9: -3329 | HAC9: -3329 | HAD9: -3329 | HAE9: -3329 | HAF9: -3329 | HAG9: -3329 | HAH9: -3329 | HAI9: -3329 | HAJ9: -3329 | HAK9: -3329 | HAL9: -3329 | HAM9: -3329 | HAN9: -3329 | HAO9: -3329 | HAP9: -3329 | HAQ9: -3329 | HAR9: -3329 | HAS9: -3329 | HAT9: -3329 | HAU9: -3329 | HAV9: -3329 | HAW9: -3329 | HAX9: -3329 | HAY9: -3329 | HAZ9: -3329 | HBA9: -3329 | HBB9: -3329 | HBC9: -3329 | HBD9: -3329 | HBE9: -3329 | HBF9: -3329 | HBG9: -3329 | HBH9: -3329 | HBI9: -3329 | HBJ9: -3329 | HBK9: -3329 | HBL9: -3329 | HBM9: -3329 | HBN9: -3329 | HBO9: -3329 | HBP9: -3329 | HBQ9: -3329 | HBR9: -3329 | HBS9: -3329 | HBT9: -3329 | HBU9: -3329 | HBV9: -3329 | HBW9: -3329 | HBX9: -3329 | HBY9: -3329 | HBZ9: -3329 | HCA9: -3329 | HCB9: -3329 | HCC9: -3329 | HCD9: -3329 | HCE9: -3329 | HCF9: -3329 | HCG9: -3329 | HCH9: -3329 | HCI9: -3329 | HCJ9: -3329 | HCK9: -3329 | HCL9: -3329 | HCM9: -3329 | HCN9: -3329 | HCO9: -3329 | HCP9: -3329 | HCQ9: -3329 | HCR9: -3329 | HCS9: -3329 | HCT9: -3329 | HCU9: -3329 | HCV9: -3329 | HCW9: -3329 | HCX9: -3329 | HCY9: -3329 | HCZ9: -3329 | HDA9: -3329 | HDB9: -3329 | HDC9: -3329 | HDD9: -3329 | HDE9: -3329 | HDF9: -3329 | HDG9: -3329 | HDH9: -3329 | HDI9: -3329 | HDJ9: -3329 | HDK9: -3329 | HDL9: -3329 | HDM9: -3329 | HDN9: -3329 | HDO9: -3329 | HDP9: -3329 | HDQ9: -3329 | HDR9: -3329 | HDS9: -3329 | HDT9: -3329 | HDU9: -3329 | HDV9: -3329 | HDW9: -3329 | HDX9: -3329 | HDY9: -3329 | HDZ9: -3329 | HEA9: -3329 | HEB9: -3329 | HEC9: -3329 | HED9: -3329 | HEE9: -3329 | HEF9: -3329 | HEG9: -3329 | HEH9: -3329 | HEI9: -3329 | HEJ9: -3329 | HEK9: -3329 | HEL9: -3329 | HEM9: -3329 | HEN9: -3329 | HEO9: -3329 | HEP9: -3329 | HEQ9: -3329 | HER9: -3329 | HES9: -3329 | HET9: -3329 | HEU9: -3329 | HEV9: -3329 | HEW9: -3329 | HEX9: -3329 | HEY9: -3329 | HEZ9: -3329 | HFA9: -3329 | HFB9: -3329 | HFC9: -3329 | HFD9: -3329 | HFE9: -3329 | HFF9: -3329 | HFG9: -3329 | HFH9: -3329 | HFI9: -3329 | HFJ9: -3329 | HFK9: -3329 | HFL9: -3329 | HFM9: -3329 | HFN9: -3329 | HFO9: -3329 | HFP9: -3329 | HFQ9: -3329 | HFR9: -3329 | HFS9: -3329 | HFT9: -3329 | HFU9: -3329 | HFV9: -3329 | HFW9: -3329 | HFX9: -3329 | HFY9: -3329 | HFZ9: -3329 | HGA9: -3329 | HGB9: -3329 | HGC9: -3329 | HGD9: -3329 | HGE9: -3329 | HGF9: -3329 | HGG9: -3329 | HGH9: -3329 | HGI9: -3329 | HGJ9: -3329 | HGK9: -3329 | HGL9: -3329 | HGM9: -3329 | HGN9: -3329 | HGO9: -3329 | HGP9: -3329 | HGQ9: -3329 | HGR9: -3329 | HGS9: -3329 | HGT9: -3329 | HGU9: -3329 | HGV9: -3329 | HGW9: -3329 | HGX9: -3329 | HGY9: -3329 | HGZ9: -3329 | HHA9: -3329 | HHB9: -3329 | HHC9: -3329 | HHD9: -3329 | HHE9: -3329 | HHF9: -3329 | HHG9: -3329 | HHH9: -3329 | HHI9: -3329 | HHJ9: -3329 | HHK9: -3329 | HHL9: -3329 | HHM9: -3329 | HHN9: -3329 | HHO9: -3329 | HHP9: -3329 | HHQ9: -3329 | HHR9: -3329 | HHS9: -3329 | HHT9: -3329 | HHU9: -3329 | HHV9: -3329 | HHW9: -3329 | HHX9: -3329 | HHY9: -3329 | HHZ9: -3329 | HIA9: -3329 | HIB9: -3329 | HIC9: -3329 | HID9: -3329 | HIE9: -3329 | HIF9: -3329 | HIG9: -3329 | HIH9: -3329 | HII9: -3329 | HIJ9: -3329 | HIK9: -3329 | HIL9: -3329 | HIM9: -3329 | HIN9: -3329 | HIO9: -3329 | HIP9: -3329 | HIQ9: -3329 | HIR9: -3329 | HIS9: -3329 | HIT9: -3329 | HIU9: -3329 | HIV9: -3329 | HIW9: -3329 | HIX9: -3329 | HIY9: -3329 | HIZ9: -3329 | HJA9: -3329 | HJB9: -3329 | HJC9: -3329 | HJD9: -3329 | HJE9: -3329 | HJF9: -3329 | HJG9: -3329 | HJH9: -3329 | HJI9: -3329 | HJJ9: -3329 | HJK9: -3329 | HJL9: -3329 | HJM9: -3329 | HJN9: -3329 | HJO9: -3329 | HJP9: -3329 | HJQ9: -3329 | HJR9: -3329 | HJS9: -3329 | HJT9: -3329 | HJU9: -3329 | HJV9: -3329 | HJW9: -3329 | HJX9: -3329 | HJY9: -3329 | HJZ9: -3329 | HKA9: -3329 | HKB9: -3329 | HKC9: -3329 | HKD9: -3329 | HKE9: -3329 | HKF9: -3329 | HKG9: -3329 | HKH9: -3329 | HKI9: -3329 | HKJ9: -3329 | HKK9: -3329 | HKL9: -3329 | HKM9: -3329 | HKN9: -3329 | HKO9: -3329 | HKP9: -3329 | HKQ9: -3329 | HKR9: -3329 | HKS9: -3329 | HKT9: -3329 | HKU9: -3329 | HKV9: -3329 | HKW9: -3329 | HKX9: -3329 | HKY9: -3329 | HKZ9: -3329 | HLA9: -3329 | HLB9: -3329 | HLC9: -3329 | HLD9: -3329 | HLE9: -3329 | HLF9: -3329 | HLG9: -3329 | HLH9: -3329 | HLI9: -3329 | HLJ9: -3329 | HLK9: -3329 | HLL9: -3329 | HLM9: -3329 | HLN9: -3329 | HLO9: -3329 | HLP9: -3329 | HLQ9: -3329 | HLR9: -3329 | HLS9: -3329 | HLT9: -3329 | HLU9: -3329 | HLV9: -3329 | HLW9: -3329 | HLX9: -3329 | HLY9: -3329 | HLZ9: -3329 | HMA9: -3329 | HMB9: -3329 | HMC9: -3329 | HMD9: -3329 | HME9: -3329 | HMF9: -3329 | HMG9: -3329 | HMH9: -3329 | HMI9: -3329 | HMJ9: -3329 | HMK9: -3329 | HML9: -3329 | HMM9: -3329 | HMN9: -3329 | HMO9: -3329 | HMP9: -3329 | HMQ9: -3329 | HMR9: -3329 | HMS9: -3329 | HMT9: -3329 | HMU9: -3329 | HMV9: -3329 | HMW9: -3329 | HMX9: -3329 | HMY9: -3329 | HMZ9: -3329 | HNA9: -3329 | HNB9: -3329 | HNC9: -3329 | HND9: -3329 | HNE9: -3329 | HNF9: -3329 | HNG9: -3329 | HNH9: -3329 | HNI9: -3329 | HNJ9: -3329 | HNK9: -3329 | HNL9: -3329 | HNM9: -3329 | HNN9: -3329 | HNO9: -3329 | HNP9: -3329 | HNQ9: -3329 | HNR9: -3329 | HNS9: -3329 | HNT9: -3329 | HNU9: -3329 | HNV9: -3329 | HNW9: -3329 | HNX9: -3329 | HNY9: -3329 | HNZ9: -3329 | HOA9: -3329 | HOB9: -3329 | HOC9: -3329 | HOD9: -3329 | HOE9: -3329 | HOF9: -3329 | HOG9: -3329 | HOH9: -3329 | HOI9: -3329 | HOJ9: -3329 | HOK9: -3329 | HOL9: -3329 | HOM9: -3329 | HON9: -3329 | HOO9: -3329 | HOP9: -3329 | HOQ9: -3329 | HOR9: -3329 | HOS9: -3329 | HOT9: -3329 | HOU9: -3329 | HOV9: -3329 | HOW9: -3329 | HOX9: -3329 | HOY9: -3329 | HOZ9: -3329 | HPA9: -3329 | HPB9: -3329 | HPC9: -3329 | HPD9: -3329 | HPE9: -3329 | HPF9: -3329 | HPG9: -3329 | HPH9: -3329 | HPI9: -3329 | HPJ9: -3329 | HPK9: -3329 | HPL9: -3329 | HPM9: -3329 | HPN9: -3329 | HPO9: -3329 | HPP9: -3329 | HPQ9: -3329 | HPR9: -3329 | HPS9: -3329 | HPT9: -3329 | HPU9: -3329 | HPV9: -3329 | HPW9: -3329 | HPX9: -3329 | HPY9: -3329 | HPZ9: -3329 | HQA9: -3329 | HQB9: -3329 | HQC9: -3329 | HQD9: -3329 | HQE9: -3329 | HQF9: -3329 | HQG9: -3329 | HQH9: -3329 | HQI9: -3329 | HQJ9: -3329 | HQK9: -3329 | HQL9: -3329 | HQM9: -3329 | HQN9: -3329 | HQO9: -3329 | HQP9: -3329 | HQQ9: -3329 | HQR9: -3329 | HQS9: -3329 | HQT9: -3329 | HQU9: -3329 | HQV9: -3329 | HQW9: -3329 | HQX9: -3329 | HQY9: -3329 | HQZ9: -3329 | HRA9: -3329 | HRB9: -3329 | HRC9: -3329 | HRD9: -3329 | HRE9: -3329 | HRF9: -3329 | HRG9: -3329 | HRH9: -3329 | HRI9: -3329 | HRJ9: -3329 | HRK9: -3329 | HRL9: -3329 | HRM9: -3329 | HRN9: -3329 | HRO9: -3329 | HRP9: -3329 | HRQ9: -3329 | HRR9: -3329 | HRS9: -3329 | HRT9: -3329 | HRU9: -3329 | HRV9: -3329 | HRW9: -3329 | HRX9: -3329 | HRY9: -3329 | HRZ9: -3329 | HSA9: -3329 | HSB9: -3329 | HSC9: -3329 | HSD9: -3329 | HSE9: -3329 | HSF9: -3329 | HSG9: -3329 | HSH9: -3329 | HSI9: -3329 | HSJ9: -3329 | HSK9: -3329 | HSL9: -3329 | HSM9: -3329 | HSN9: -3329 | HSO9: -3329 | HSP9: -3329 | HSQ9: -3329 | HSR9: -3329 | HSS9: -3329 | HST9: -3329 | HSU9: -3329 | HSV9: -3329 | HSW9: -3329 | HSX9: -3421 | HSY9: -3518 | HSZ9: -3613 | HTA9: -3716 | HTB9: -3818 | HTC9: -3925 | HTD9: -4037 | HTE9: -4148 | HTF9: -4260 | HTG9: -4370 | HTH9: -4477 | HTI9: -4583 | HTJ9: -4686 | HTK9: -4787 | HTL9: -4875 | HTM9: -4934 | HTN9: -4954 | HTO9: -4935 | HTP9: -4904 | HTQ9: -4868 | HTR9: -4831 | HTS9: -4795 | HTT9: -4759 | HTU9: -4728 | HTV9: -4704 | HTW9: -4686 | HTX9: -4674 | HTY9: -4658 | HTZ9: -4645 | HUA9: -4630 | HUB9: -4613 | HUC9: -4601 | HUD9: -4592 | HUE9: -4587 | HUF9: -4588 | HUG9: -4593 | HUH9: -4606 | HUI9: -4623 | HUJ9: -4649 | HUK9: -4697 | HUL9: -4774 | HUM9: -4888 | HUN9: -5016 | HUO9: -5150 | HUP9: -5285 | HUQ9: -5424 | HUR9: -5571 | HUS9: -5725 | HUT9: -5886 | HUU9: -6049 | HUV9: -6197 | HUW9: -6308 | HUX9: -6404 | HUY9: -6488 | HUZ9: -6560 | HVA9: -6619 | HVB9: -6664 | HVC9: -6697 | HVD9: -6719 | HVE9: -6734 | HVF9: -6741 | HVG9: -6742 | HVH9: -6746 | HVI9: -6763 | HVJ9: -6786 | HVK9: -6807 | HVL9: -6824 | HVM9: -6841 | HVN9: -6859 | HVO9: -6871 | HVP9: -6876 | HVQ9: -6871 | HVR9: -6855 | HVS9: -6830 | HVT9: -6808 | HVU9: -6810 | HVV9: -6824 | HVW9: -6845 | HVX9: -6876 | HVY9: -6915 | HVZ9: -6960 | HWA9: -7010 | HWB9: -7062 | HWC9: -7114 | HWD9: -7166 | HWE9: -7218 | HWF9: -7268 | HWG9: -7304 | HWH9: -7316 | HWI9: -7312 | HWJ9: -7302 | HWK9: -7286 | HWL9: -7265 | HWM9: -7243 | HWN9: -7220 | HWO9: -7197 | HWP9: -7175 | HWQ9: -7156 | HWR9: -7149 | HWS9: -7149 | HWT9: -7147 | HWU9: -7147 | HWV9: -7149 | HWW9: -7153 | HWX9: -7163 | HWY9: -7180 | HWZ9: -7206 | HXA9: -7237 | HXB9: -7272 | HXC9: -7308 | HXD9: -7334 | HXE9: -7338 | HXF9: -7330 | HXG9: -7307 | HXH9: -7273 | HXI9: -7233 | HXJ9: -7193 | HXK9: -7150 | HXL9: -7106 | HXM9: -7063 | HXN9: -7023 | HXO9: -6982 | HXP9: -6949 | HXQ9: -6922 | HXR9: -6899 | HXS9: -6881 | HXT9: -6866 | HXU9: -6853 | HXV9: -6840 | HXW9: -6827 | HXX9: -6812 | HXY9: -6798 | HXZ9: -6789 | HYA9: -6784 | HYB9: -6783 | HYC9: -6771 | HYD9: -6745 | HYE9: -6693 | HYF9: -6639 | HYG9: -6591 | HYH9: -6545 | HYI9: -6502 | HYJ9: -6460 | HYK9: -6416 | HYL9: -6369 | HYM9: -6320 | HYN9: -6273 | HYO9: -6222 | HYP9: -6163 | HYQ9: -6100 | HYR9: -6035 | HYS9: -5968 | HYT9: -5902 | HYU9: -5835 | HYV9: -5763 | HYW9: -5688 | HYX9: -5609 | HYY9: -5528 | HYZ9: -5456 | HZA9: -5419 | HZB9: -5402 | HZC9: -5404 | HZD9: -5388 | HZE9: -5351 | HZF9: -5301 | HZG9: -5247 | HZH9: -5192 | HZI9: -5141 | HZJ9: -5098 | HZK9: -5062 | HZL9: -5023 | HZM9: -4974 | HZN9: -4931 | HZO9: -4893 | HZP9: -4858 | HZQ9: -4824 | HZR9: -4790 | HZS9: -4758 | HZT9: -4730 | HZU9: -4703 | HZV9: -4679 | HZW9: -4657 | HZX9: -4637 | HZY9: -4614 | HZZ9: -4599 | IAA9: -4600 | IAB9: -4613 | IAC9: -4632 | IAD9: -4655 | IAE9: -4680 | IAF9: -4703 | IAG9: -4724 | IAH9: -4742 | IAI9: -4758 | IAJ9: -4782 | IAK9: -4819 | IAL9: -4864 | IAM9: -4914 | IAN9: -4968 | IAO9: -5023 | IAP9: -5078 | IAQ9: -5132 | IAR9: -5185 | IAS9: -5235 | IAT9: -5281 | IAU9: -5323 | IAV9: -5358 | IAW9: -5373 | IAX9: -5368 | IAY9: -5330 | IAZ9: -5272 | IBA9: -5201 | IBB9: -5117 | IBC9: -5020 | IBD9: -4914 | IBE9: -4803 | IBF9: -4692 | IBG9: -4588 | IBH9: -4501 | IBI9: -4424 | IBJ9: -4349 | IBK9: -4279 | IBL9: -4212 | IBM9: -4149 | IBN9: -4087 | IBO9: -4028 | IBP9: -3970 | IBQ9: -3915 | IBR9: -3860 | IBS9: -3806 | IBT9: -3757 | IBU9: -3727 | IBV9: -3696 | IBW9: -3667 | IBX9: -3634 | IBY9: -3592 | IBZ9: -3542 | ICA9: -3489 | ICB9: -3435 | ICC9: -3384 | ICD9: -3335 | ICE9: -3329 | ICF9: -3329 | ICG9: -3329 | ICH9: -3329 | ICI9: -3329 | ICJ9: -3329 | ICK9: -3329 | ICL9: -3329 | ICM9: -3329 | ICN9: -3329 | ICO9: -3329 | ICP9: -3329 | ICQ9: -3329 | ICR9: -3329 | ICS9: -3329 | ICT9: -3329 | ICU9: -3329 | ICV9: -3329 | ICW9: -3329 | ICX9: -3329 | ICY9: -3329 | ICZ9: -3329 | IDA9: -3329 | IDB9: -3329 | IDC9: -3329 | IDD9: -3329 | IDE9: -3329 | IDF9: -3329 | IDG9: -3329 | IDH9: -3329 | IDI9: -3329 | IDJ9: -3329 | IDK9: -3329 | IDL9: -3329 | IDM9: -3329 | IDN9: -3329 | IDO9: -3329 | IDP9: -3329 | IDQ9: -3329 | IDR9: -3329 | IDS9: -3329 | IDT9: -3329 | IDU9: -3329 | IDV9: -3329 | IDW9: -3329 | IDX9: -3329 | IDY9: -3329 | IDZ9: -3329 | IEA9: -3329 | IEB9: -3329 | IEC9: -3329 | IED9: -3329 | IEE9: -3329 | IEF9: -3329 | IEG9: -3329 | IEH9: -3329 | IEI9: -3329 | IEJ9: -3329 | IEK9: -3329 | IEL9: -3329 | IEM9: -3329 | IEN9: -3329 | IEO9: -3329 | IEP9: -3329 | IEQ9: -3329 | IER9: -3329 | IES9: -3329 | IET9: -3329 | IEU9: -3329 | IEV9: -3329 | IEW9: -3329 | IEX9: -3329 | IEY9: -3329 | IEZ9: -3329 | IFA9: -3329 | IFB9: -3329 | IFC9: -3329 | IFD9: -3329 | IFE9: -3329 | IFF9: -3329 | IFG9: -3329 | IFH9: -3329 | IFI9: -3329 | IFJ9: -3329 | IFK9: -3329 | IFL9: -3329 | IFM9: -3329 | IFN9: -3329 | IFO9: -3329 | IFP9: -3329 | IFQ9: -3329 | IFR9: -3329 | IFS9: -3329 | IFT9: -3329 | IFU9: -3329 | IFV9: -3329 | IFW9: -3329 | IFX9: -3329 | IFY9: -3329 | IFZ9: -3329 | IGA9: -3329 | IGB9: -3329 | IGC9: -3329 | IGD9: -3329 | IGE9: -3329 | IGF9: -3329 | IGG9: -3329 | IGH9: -3329 | IGI9: -3329 | IGJ9: -3329 | IGK9: -3329 | IGL9: -3329 | IGM9: -3329 | IGN9: -3329 | IGO9: -3329 | IGP9: -3329 | IGQ9: -3329 | IGR9: -3329 | IGS9: -3329 | IGT9: -3375 | IGU9: -3434 | IGV9: -3475 | IGW9: -3494 | IGX9: -3509 | IGY9: -3522 | IGZ9: -3533 | IHA9: -3543 | IHB9: -3549 | IHC9: -3553 | IHD9: -3557 | IHE9: -3560 | IHF9: -3557 | IHG9: -3550 | IHH9: -3540 | IHI9: -3553 | IHJ9: -3589 | IHK9: -3659 | IHL9: -3748 | IHM9: -3844 | IHN9: -3954 | IHO9: -4079 | IHP9: -4222 | IHQ9: -4379 | IHR9: -4544 | IHS9: -4705 | IHT9: -4843 | IHU9: -4980 | IHV9: -5117 | IHW9: -5254 | IHX9: -5390 | IHY9: -5527 | IHZ9: -5666 | IIA9: -5807 | IIB9: -5948 | IIC9: -6087 | IID9: -6226 | IIE9: -6362 | IIF9: -6491 | IIG9: -6609 | IIH9: -6706 | III9: -6796 | IIJ9: -6888 | IIK9: -6975 | IIL9: -7043 | IIM9: -7092 | IIN9: -7121 | IIO9: -7134 | IIP9: -7137 | IIQ9: -7138 | IIR9: -7169 | IIS9: -7203 | IIT9: -7232 | IIU9: -7264 | IIV9: -7305 | IIW9: -7351 | IIX9: -7398 | IIY9: -7445 | IIZ9: -7493 | IJA9: -7539 | IJB9: -7585 | IJC9: -7630 | IJD9: -7676 | IJE9: -7695 | IJF9: -7704 | IJG9: -7676 | IJH9: -7624 | IJI9: -7560 | IJJ9: -7487 | IJK9: -7407 | IJL9: -7322 | IJM9: -7233 | IJN9: -7144 | IJO9: -7069 | IJP9: -7017 | IJQ9: -6963 | IJR9: -6907 | IJS9: -6844 | IJT9: -6767 | IJU9: -6681 | IJV9: -6587 | IJW9: -6485 | IJX9: -6377 | IJY9: -6265 | IJZ9: -6150 | IKA9: -6034 | IKB9: -5923 | IKC9: -5830 | IKD9: -5747 | IKE9: -5686 | IKF9: -5617 | IKG9: -5538 | IKH9: -5456 | IKI9: -5377 | IKJ9: -5302 | IKK9: -5231 | IKL9: -5161 | IKM9: -5090 | IKN9: -4990 | IKO9: -4884 | IKP9: -4783 | IKQ9: -4685 | IKR9: -4592 | IKS9: -4504 | IKT9: -4425 | IKU9: -4355 | IKV9: -4293 | IKW9: -4241 | IKX9: -4200 | IKY9: -4172 | IKZ9: -4153 | ILA9: -4139 | ILB9: -4122 | ILC9: -4095 | ILD9: -4069 | ILE9: -4055 | ILF9: -4047 | ILG9: -4039 | ILH9: -4031 | ILI9: -4023 | ILJ9: -4016 | ILK9: -4008 | ILL9: -4015 | ILM9: -4029 | ILN9: -4047 | ILO9: -4067 | ILP9: -4086 | ILQ9: -4100 | ILR9: -4109 | ILS9: -4115 | ILT9: -4122 | ILU9: -4125 | ILV9: -4120 | ILW9: -4107 | ILX9: -4087 | ILY9: -4081 | ILZ9: -4086 | IMA9: -4113 | IMB9: -4150 | IMC9: -4201 | IMD9: -4260 | IME9: -4329 | IMF9: -4406 | IMG9: -4489 | IMH9: -4575 | IMI9: -4657 | IMJ9: -4714 | IMK9: -4761 | IML9: -4802 | IMM9: -4837 | IMN9: -4868 | IMO9: -4899 | IMP9: -4930 | IMQ9: -4958 | IMR9: -4983 | IMS9: -5005 | IMT9: -5027 | IMU9: -5049 | IMV9: -5070 | IMW9: -5101 | IMX9: -5146 | IMY9: -5215 | IMZ9: -5320 | INA9: -5440 | INB9: -5568 | INC9: -5702 | IND9: -5836 | INE9: -5968 | INF9: -6095 | ING9: -6213 | INH9: -6316 | INI9: -6417 | INJ9: -6515 | INK9: -6614 | INL9: -6711 | INM9: -6807 | INN9: -6901 | INO9: -6995 | INP9: -7087 | INQ9: -7181 | INR9: -7278 | INS9: -7375 | INT9: -7469 | INU9: -7546 | INV9: -7596 | INW9: -7614 | INX9: -7610 | INY9: -7594 | INZ9: -7570 | IOA9: -7539 | IOB9: -7502 | IOC9: -7464 | IOD9: -7427 | IOE9: -7402 | IOF9: -7429 | IOG9: -7476 | IOH9: -7528 | IOI9: -7584 | IOJ9: -7647 | IOK9: -7715 | IOL9: -7787 | IOM9: -7863 | ION9: -7941 | IOO9: -8021 | IOP9: -8103 | IOQ9: -8183 | IOR9: -8259 | IOS9: -8323 | IOT9: -8379 | IOU9: -8417 | IOV9: -8431 | IOW9: -8434 | IOX9: -8431 | IOY9: -8428 | IOZ9: -8427 | IPA9: -8428 | IPB9: -8430 | IPC9: -8436 | IPD9: -8433 | IPE9: -8420 | IPF9: -8406 | IPG9: -8391 | IPH9: -8377 | IPI9: -8363 | IPJ9: -8348 | IPK9: -8331 | IPL9: -8311 | IPM9: -8285 | IPN9: -8252 | IPO9: -8216 | IPP9: -8183 | IPQ9: -8164 | IPR9: -8160 | IPS9: -8170 | IPT9: -8187 | IPU9: -8209 | IPV9: -8234 | IPW9: -8258 | IPX9: -8280 | IPY9: -8301 | IPZ9: -8322 | IQA9: -8342 | IQB9: -8364 | IQC9: -8382 | IQD9: -8399 | IQE9: -8415 | IQF9: -8431 | IQG9: -8445 | IQH9: -8460 | IQI9: -8479 | IQJ9: -8507 | IQK9: -8544 | IQL9: -8589 | IQM9: -8639 | IQN9: -8688 | IQO9: -8726 | IQP9: -8752 | IQQ9: -8763 | IQR9: -8775 | IQS9: -8794 | IQT9: -8819 | IQU9: -8846 | IQV9: -8874 | IQW9: -8901 | IQX9: -8927 | IQY9: -8956 | IQZ9: -8993 | IRA9: -9035 | IRB9: -9087 | IRC9: -9141 | IRD9: -9198 | IRE9: -9257 | IRF9: -9320 | IRG9: -9382 | IRH9: -9442 | IRI9: -9498 | IRJ9: -9552 | IRK9: -9607 | IRL9: -9668 | IRM9: -9730 | IRN9: -9782 | IRO9: -9837 | IRP9: -9860 | IRQ9: -9860 | IRR9: -9847 | IRS9: -9823 | IRT9: -9794 | IRU9: -9760 | IRV9: -9725 | IRW9: -9706 | IRX9: -9693 | IRY9: -9677 | IRZ9: -9668 | ISA9: -9665 | ISB9: -9665 | ISC9: -9663 | ISD9: -9655 | ISE9: -9639 | ISF9: -9615 | ISG9: -9586 | ISH9: -9553 | ISI9: -9525 | ISJ9: -9501 | ISK9: -9482 | ISL9: -9451 | ISM9: -9417 | ISN9: -9366 | ISO9: -9304 | ISP9: -9229 | ISQ9: -9145 | ISR9: -9054 | ISS9: -8959 | IST9: -8865 | ISU9: -8788 | ISV9: -8715 | ISW9: -8647 | ISX9: -8581 | ISY9: -8520 | ISZ9: -8464 | ITA9: -8413 | ITB9: -8365 | ITC9: -8321 | ITD9: -8283 | ITE9: -8248 | ITF9: -8210 | ITG9: -8166 | ITH9: -8116 | ITI9: -8066 | ITJ9: -8018 | ITK9: -7978 | ITL9: -7945 | ITM9: -7894 | ITN9: -7838 | ITO9: -7780 | ITP9: -7724 | ITQ9: -7674 | ITR9: -7632 | ITS9: -7596 | ITT9: -7551 | ITU9: -7494 | ITV9: -7418 | ITW9: -7320 | ITX9: -7201 | ITY9: -7069 | ITZ9: -6930 | IUA9: -6785 | IUB9: -6635 | IUC9: -6483 | IUD9: -6332 | IUE9: -6184 | IUF9: -6037 | IUG9: -5900 | IUH9: -5789 | IUI9: -5673 | IUJ9: -5572 | IUK9: -5485 | IUL9: -5405 | IUM9: -5336 | IUN9: -5278 | IUO9: -5224 | IUP9: -5170 | IUQ9: -5107 | IUR9: -5038 | IUS9: -4969 | IUT9: -4907 | IUU9: -4855 | IUV9: -4815 | IUW9: -4786 | IUX9: -4765 | IUY9: -4752 | IUZ9: -4743 | IVA9: -4737 | IVB9: -4732 | IVC9: -4726 | IVD9: -4718 | IVE9: -4714 | IVF9: -4724 | IVG9: -4765 | IVH9: -4818 | IVI9: -4885 | IVJ9: -4962 | IVK9: -5045 | IVL9: -5131 | IVM9: -5217 | IVN9: -5300 | IVO9: -5370 | IVP9: -5439 | IVQ9: -5513 | IVR9: -5592 | IVS9: -5672 | IVT9: -5754 | IVU9: -5831 | IVV9: -5904 | IVW9: -5975 | IVX9: -6044 | IVY9: -6111 | IVZ9: -6175 | IWA9: -6238 | IWB9: -6302 | IWC9: -6366 | IWD9: -6414 | IWE9: -6441 | IWF9: -6466 | IWG9: -6500 | IWH9: -6542 | IWI9: -6588 | IWJ9: -6637 | IWK9: -6691 | IWL9: -6750 | IWM9: -6800 | IWN9: -6820 | IWO9: -6827 | IWP9: -6831 | IWQ9: -6832 | IWR9: -6832 | IWS9: -6835 | IWT9: -6843 | IWU9: -6855 | IWV9: -6873 | IWW9: -6899 | IWX9: -6935 | IWY9: -6980 | IWZ9: -7034 | IXA9: -7112 | IXB9: -7234 | IXC9: -7388 | IXD9: -7584 | IXE9: -7790 | IXF9: -7992 | IXG9: -8187 | IXH9: -8372 | IXI9: -8552 | IXJ9: -8727 | IXK9: -8896 | IXL9: -9073 | IXM9: -9255 | IXN9: -9440 | IXO9: -9625 | IXP9: -9807 | IXQ9: -9986 | IXR9: -10161 | IXS9: -10332 | IXT9: -10499 | IXU9: -10661 | IXV9: -10817 | IXW9: -10967 | IXX9: -11110 | IXY9: -11242 | IXZ9: -11353 | IYA9: -11426 | IYB9: -11458 | IYC9: -11462 | IYD9: -11456 | IYE9: -11448 | IYF9: -11443 | IYG9: -11438 | IYH9: -11434 | IYI9: -11445 | IYJ9: -11478 | IYK9: -11507 | IYL9: -11538 | IYM9: -11576 | IYN9: -11624 | IYO9: -11680 | IYP9: -11743 | IYQ9: -11812 | IYR9: -11888 | IYS9: -11967 | IYT9: -12049 | IYU9: -12132 | IYV9: -12218 | IYW9: -12304 | IYX9: -12388 | IYY9: -12471 | IYZ9: -12538 | IZA9: -12607 | IZB9: -12684 | IZC9: -12766 | IZD9: -12848 | IZE9: -12930 | IZF9: -13011 | IZG9: -13089 | IZH9: -13157 | IZI9: -13222 | IZJ9: -13283 | IZK9: -13334 | IZL9: -13377 | IZM9: -13416 | IZN9: -13458 | IZO9: -13501 | IZP9: -13544 | IZQ9: -13588 | IZR9: -13633 | IZS9: -13678 | IZT9: -13719 | IZU9: -13756 | IZV9: -13781 | IZW9: -13806 | IZX9: -13830 | IZY9: -13853 | IZZ9: -13874 | JAA9: -13890 | JAB9: -13904 | JAC9: -13916 | JAD9: -13930 | JAE9: -13955 | JAF9: -13997 | JAG9: -14045 | JAH9: -14095 | JAI9: -14147 | JAJ9: -14199 | JAK9: -14248 | JAL9: -14289 | JAM9: -14323 | JAN9: -14353 | JAO9: -14380 | JAP9: -14403 | JAQ9: -14422 | JAR9: -14436 | JAS9: -14450 | JAT9: -14467 | JAU9: -14489 | JAV9: -14522 | JAW9: -14569 | JAX9: -14627 | JAY9: -14695 | JAZ9: -14769 | JBA9: -14846 | JBB9: -14919 | JBC9: -14963 | JBD9: -14972 | JBE9: -14974 | JBF9: -14969 | JBG9: -14962 | JBH9: -14953 | JBI9: -14942 | JBJ9: -14933 | JBK9: -14922 | JBL9: -14910 | JBM9: -14895 | JBN9: -14877 | JBO9: -14855 | JBP9: -14829 | JBQ9: -14806 | JBR9: -14804 | JBS9: -14836 | JBT9: -14915 | JBU9: -15009 | JBV9: -15110 | JBW9: -15216 | JBX9: -15325 | JBY9: -15436 | JBZ9: -15543 | JCA9: -15634 | JCB9: -15695 | JCC9: -15747 | JCD9: -15789 | JCE9: -15818 | JCF9: -15834 | JCG9: -15837 | JCH9: -15825 | JCI9: -15802 | JCJ9: -15768 | JCK9: -15725 | JCL9: -15677 | JCM9: -15625 | JCN9: -15573 | JCO9: -15522 | JCP9: -15471 | JCQ9: -15419 | JCR9: -15369 | JCS9: -15317 | JCT9: -15263 | JCU9: -15201 | JCV9: -15128 | JCW9: -15047 | JCX9: -14961 | JCY9: -14885 | JCZ9: -14834 | JDA9: -14785 | JDB9: -14740 | JDC9: -14697 | JDD9: -14656 | JDE9: -14612 | JDF9: -14563 | JDG9: -14510 | JDH9: -14452 | JDI9: -14392 | JDJ9: -14329 | JDK9: -14265 | JDL9: -14203 | JDM9: -14143 | JDN9: -14088 | JDO9: -14037 | JDP9: -13985 | JDQ9: -13925 | JDR9: -13857 | JDS9: -13788 | JDT9: -13723 | JDU9: -13661 | JDV9: -13603 | JDW9: -13545 | JDX9: -13466 | JDY9: -13383 | JDZ9: -13299 | JEA9: -13217 | JEB9: -13136 | JEC9: -13062 | JED9: -13001 | JEE9: -12953 | JEF9: -12916 | JEG9: -12890 | JEH9: -12871 | JEI9: -12855 | JEJ9: -12839 | JEK9: -12821 | JEL9: -12806 | JEM9: -12795 | JEN9: -12788 | JEO9: -12784 | JEP9: -12782 | JEQ9: -12778 | JER9: -12770 | JES9: -12761 | JET9: -12750 | JEU9: -12721 | JEV9: -12673 | JEW9: -12615 | JEX9: -12548 | JEY9: -12474 | JEZ9: -12394 | JFA9: -12310 | JFB9: -12220 | JFC9: -12124 | JFD9: -12020 | JFE9: -11910 | JFF9: -11793 | JFG9: -11674 | JFH9: -11556 | JFI9: -11440 | JFJ9: -11322 | JFK9: -11207 | JFL9: -11088 | JFM9: -10959 | JFN9: -10810 | JFO9: -10647 | JFP9: -10473 | JFQ9: -10292 | JFR9: -10114 | JFS9: -9979 | JFT9: -9871 | JFU9: -9773 | JFV9: -9690 | JFW9: -9621 | JFX9: -9563 | JFY9: -9512 | JFZ9: -9462 | JGA9: -9416 | JGB9: -9373 | JGC9: -9333 | JGD9: -9297 | JGE9: -9264 | JGF9: -9232 | JGG9: -9199 | JGH9: -9166 | JGI9: -9138 | JGJ9: -9120 | JGK9: -9119 | JGL9: -9140 | JGM9: -9181 | JGN9: -9237 | JGO9: -9302 | JGP9: -9369 | JGQ9: -9415 | JGR9: -9449 | JGS9: -9481 | JGT9: -9508 | JGU9: -9531 | JGV9: -9552 | JGW9: -9572 | JGX9: -9595 | JGY9: -9619 | JGZ9: -9645 | JHA9: -9673 | JHB9: -9705 | JHC9: -9739 | JHD9: -9771 | JHE9: -9807 | JHF9: -9851 | JHG9: -9895 | JHH9: -9935 | JHI9: -9975 | JHJ9: -10018 | JHK9: -10064 | JHL9: -10115 | JHM9: -10170 | JHN9: -10227 | JHO9: -10293 | JHP9: -10371 | JHQ9: -10455 | JHR9: -10538 | JHS9: -10618 | JHT9: -10695 | JHU9: -10770 | JHV9: -10844 | JHW9: -10917 | JHX9: -10989 | JHY9: -11058 | JHZ9: -11123 | JIA9: -11186 | JIB9: -11251 | JIC9: -11315 | JID9: -11365 | JIE9: -11402 | JIF9: -11422 | JIG9: -11431 | JIH9: -11436 | JII9: -11438 | JIJ9: -11439 | JIK9: -11436 | JIL9: -11431 | JIM9: -11438 | JIN9: -11448 | JIO9: -11455 | JIP9: -11462 | JIQ9: -11470 | JIR9: -11479 | JIS9: -11486 | JIT9: -11491 | JIU9: -11492 | JIV9: -11492 | JIW9: -11491 | JIX9: -11492 | JIY9: -11491 | JIZ9: -11486 | JJA9: -11478 | JJB9: -11479 | JJC9: -11495 | JJD9: -11534 | JJE9: -11594 | JJF9: -11662 | JJG9: -11734 | JJH9: -11805 | JJI9: -11874 | JJJ9: -11937 | JJK9: -11976 | JJL9: -11999 | JJM9: -12016 | JJN9: -12029 | JJO9: -12039 | JJP9: -12046 | JJQ9: -12053 | JJR9: -12057 | JJS9: -12057 | JJT9: -12053 | JJU9: -12043 | JJV9: -12026 | JJW9: -12005 | JJX9: -11982 | JJY9: -11960 | JJZ9: -11944 | JKA9: -11931 | JKB9: -11923 | JKC9: -11909 | JKD9: -11889 | JKE9: -11868 | JKF9: -11847 | JKG9: -11828 | JKH9: -11813 | JKI9: -11809 | JKJ9: -11810 | JKK9: -11812 | JKL9: -11814 | JKM9: -11817 | JKN9: -11821 | JKO9: -11826 | JKP9: -11836 | JKQ9: -11850 | JKR9: -11868 | JKS9: -11888 | JKT9: -11912 | JKU9: -11938 | JKV9: -11965 | JKW9: -11994 | JKX9: -12018 | JKY9: -12034 | JKZ9: -12029 | JLA9: -12000 | JLB9: -11956 | JLC9: -11905 | JLD9: -11855 | JLE9: -11804 | JLF9: -11759 | JLG9: -11737 | JLH9: -11723 | JLI9: -11711 | JLJ9: -11697 | JLK9: -11678 | JLL9: -11650 | JLM9: -11612 | JLN9: -11565 | JLO9: -11510 | JLP9: -11453 | JLQ9: -11392 | JLR9: -11323 | JLS9: -11249 | JLT9: -11171 | JLU9: -11087 | JLV9: -11001 | JLW9: -10908 | JLX9: -10820 | JLY9: -10746 | JLZ9: -10687 | JMA9: -10637 | JMB9: -10591 | JMC9: -10545 | JMD9: -10496 | JME9: -10415 | JMF9: -10329 | JMG9: -10250 | JMH9: -10180 | JMI9: -10126 | JMJ9: -10092 | JMK9: -10082 | JML9: -10088 | JMM9: -10102 | JMN9: -10119 | JMO9: -10139 | JMP9: -10164 | JMQ9: -10199 | JMR9: -10240 | JMS9: -10289 | JMT9: -10336 | JMU9: -10382 | JMV9: -10421 | JMW9: -10455 | JMX9: -10475 | JMY9: -10474 | JMZ9: -10455 | JNA9: -10429 | JNB9: -10414 | JNC9: -10451 | JND9: -10507 | JNE9: -10576 | JNF9: -10652 | JNG9: -10733 | JNH9: -10813 | JNI9: -10887 | JNJ9: -10956 | JNK9: -11023 | JNL9: -11089 | JNM9: -11156 | JNN9: -11222 | JNO9: -11284 | JNP9: -11344 | JNQ9: -11398 | JNR9: -11446 | JNS9: -11493 | JNT9: -11541 | JNU9: -11585 | JNV9: -11630 | JNW9: -11681 | JNX9: -11742 | JNY9: -11809 | JNZ9: -11865 | JOA9: -11870 | JOB9: -11849 | JOC9: -11808 | JOD9: -11751 | JOE9: -11680 | JOF9: -11599 | JOG9: -11511 | JOH9: -11425 | JOI9: -11344 | JOJ9: -11270 | JOK9: -11202 | JOL9: -11141 | JOM9: -11087 | JON9: -11041 | JOO9: -11002 | JOP9: -10980 | JOQ9: -10979 | JOR9: -10989 | JOS9: -10985 | JOT9: -10974 | JOU9: -10961 | JOV9: -10946 | JOW9: -10933 | JOX9: -10938 | JOY9: -11003 | JOZ9: -11092 | JPA9: -11191 | JPB9: -11299 | JPC9: -11417 | JPD9: -11544 | JPE9: -11677 | JPF9: -11815 | JPG9: -11956 | JPH9: -12099 | JPI9: -12245 | JPJ9: -12393 | JPK9: -12539 | JPL9: -12682 | JPM9: -12824 | JPN9: -12939 | JPO9: -13010 | JPP9: -13052 | JPQ9: -13078 | JPR9: -13091 | JPS9: -13091 | JPT9: -13084 | JPU9: -13074 | JPV9: -13075 | JPW9: -13085 | JPX9: -13095 | JPY9: -13104 | JPZ9: -13117 | JQA9: -13132 | JQB9: -13150 | JQC9: -13167 | JQD9: -13182 | JQE9: -13193 | JQF9: -13201 | JQG9: -13206 | JQH9: -13209 | JQI9: -13212 | JQJ9: -13217 | JQK9: -13223 | JQL9: -13230 | JQM9: -13239 | JQN9: -13249 | JQO9: -13254 | JQP9: -13251 | JQQ9: -13247 | JQR9: -13241 | JQS9: -13235 | JQT9: -13227 | JQU9: -13199 | JQV9: -13163 | JQW9: -13130 | JQX9: -13100 | JQY9: -13067 | JQZ9: -13031 | JRA9: -12990 | JRB9: -12946 | JRC9: -12901 | JRD9: -12855 | JRE9: -12805 | JRF9: -12754 | JRG9: -12704 | JRH9: -12654 | JRI9: -12602 | JRJ9: -12563 | JRK9: -12533 | JRL9: -12506 | JRM9: -12501 | JRN9: -12513 | JRO9: -12534 | JRP9: -12561 | JRQ9: -12591 | JRR9: -12616 | JRS9: -12627 | JRT9: -12626 | JRU9: -12614 | JRV9: -12595 | JRW9: -12572 | JRX9: -12548 | JRY9: -12524 | JRZ9: -12495 | JSA9: -12460 | JSB9: -12421 | JSC9: -12379 | JSD9: -12335 | JSE9: -12287 | JSF9: -12240 | JSG9: -12192 | JSH9: -12144 | JSI9: -12116 | JSJ9: -12102 | JSK9: -12085 | JSL9: -12064 | JSM9: -12035 | JSN9: -11998 | JSO9: -11957 | JSP9: -11927 | JSQ9: -11922 | JSR9: -11932 | JSS9: -11952 | JST9: -11978 | JSU9: -12012 | JSV9: -12053 | JSW9: -12102 | JSX9: -12160 | JSY9: -12226 | JSZ9: -12297 | JTA9: -12369 | JTB9: -12437 | JTC9: -12499 | JTD9: -12553 | JTE9: -12607 | JTF9: -12670 | JTG9: -12730 | JTH9: -12783 | JTI9: -12838 | JTJ9: -12888 | JTK9: -12930 | JTL9: -12964 | JTM9: -12995 | JTN9: -13025 | JTO9: -13064 | JTP9: -13090 | JTQ9: -13109 | JTR9: -13122 | JTS9: -13129 | JTT9: -13128 | JTU9: -13120 | JTV9: -13105 | JTW9: -13083 | JTX9: -13057 | JTY9: -13031 | JTZ9: -13009 | JUA9: -12991 | JUB9: -12978 | JUC9: -12968 | JUD9: -12938 | JUE9: -12876 | JUF9: -12800 | JUG9: -12701 | JUH9: -12593 | JUI9: -12495 | JUJ9: -12411 | JUK9: -12345 | JUL9: -12292 | JUM9: -12227 | JUN9: -12172 | JUO9: -12125 | JUP9: -12083 | JUQ9: -12044 | JUR9: -12006 | JUS9: -11970 | JUT9: -11941 | JUU9: -11923 | JUV9: -11915 | JUW9: -11921 | JUX9: -11938 | JUY9: -11963 | JUZ9: -11997 | JVA9: -12036 | JVB9: -12086 | JVC9: -12147 | JVD9: -12208 | JVE9: -12273 | JVF9: -12337 | JVG9: -12397 | JVH9: -12448 | JVI9: -12489 | JVJ9: -12533 | JVK9: -12577 | JVL9: -12615 | JVM9: -12650 | JVN9: -12684 | JVO9: -12714 | JVP9: -12746 | JVQ9: -12781 | JVR9: -12815 | JVS9: -12845 | JVT9: -12869 | JVU9: -12887 | JVV9: -12900 | JVW9: -12911 | JVX9: -12923 | JVY9: -12934 | JVZ9: -12946 | JWA9: -12955 | JWB9: -12973 | JWC9: -12993 | JWD9: -13013 | JWE9: -13027 | JWF9: -13035 | JWG9: -13043 | JWH9: -13055 | JWI9: -13069 | JWJ9: -13094 | JWK9: -13127 | JWL9: -13162 | JWM9: -13201 | JWN9: -13244 | JWO9: -13290 | JWP9: -13339 | JWQ9: -13393 | JWR9: -13450 | JWS9: -13510 | JWT9: -13566 | JWU9: -13615 | JWV9: -13652 | JWW9: -13681 | JWX9: -13709 | JWY9: -13743 | JWZ9: -13778 | JXA9: -13823 | JXB9: -13879 | JXC9: -13943 | JXD9: -14017 | JXE9: -14093 | JXF9: -14163 | JXG9: -14220 | JXH9: -14262 | JXI9: -14298 | JXJ9: -14334 | JXK9: -14367 | JXL9: -14393 | JXM9: -14404 | JXN9: -14396 | JXO9: -14373 | JXP9: -14335 | JXQ9: -14290 | JXR9: -14241 | JXS9: -14193 | JXT9: -14150 | JXU9: -14108 | JXV9: -14076 | JXW9: -14058 | JXX9: -14061 | JXY9: -14090 | JXZ9: -14143 | JYA9: -14211 | JYB9: -14290 | JYC9: -14371 | JYD9: -14429 | JYE9: -14473 | JYF9: -14512 | JYG9: -14544 | JYH9: -14566 | JYI9: -14578 | JYJ9: -14586 | JYK9: -14596 | JYL9: -14612 | JYM9: -14632 | JYN9: -14655 | JYO9: -14678 | JYP9: -14699 | JYQ9: -14719 | JYR9: -14738 | JYS9: -14758 | JYT9: -14781 | JYU9: -14797 | JYV9: -14801 | JYW9: -14793 | JYX9: -14777 | JYY9: -14755 | JYZ9: -14728 | JZA9: -14702 | JZB9: -14671 | JZC9: -14624 | JZD9: -14574 | JZE9: -14524 | JZF9: -14474 | JZG9: -14420 | JZH9: -14362 | JZI9: -14296 | JZJ9: -14223 | JZK9: -14141 | JZL9: -14050 | JZM9: -13948 | JZN9: -13836 | JZO9: -13717 | JZP9: -13589 | JZQ9: -13449 | JZR9: -13302 | JZS9: -13169 | JZT9: -13055 | JZU9: -12957 | JZV9: -12873 | JZW9: -12795 | JZX9: -12713 | JZY9: -12618 | JZZ9: -12515 | KAA9: -12406 | KAB9: -12280 | KAC9: -12133 | KAD9: -11970 | KAE9: -11795 | KAF9: -11611 | KAG9: -11419 | KAH9: -11222 | KAI9: -11021 | KAJ9: -10812 | KAK9: -10598 | KAL9: -10382 | KAM9: -10164 | KAN9: -9949 | KAO9: -9740 | KAP9: -9544 | KAQ9: -9359 | KAR9: -9180 | KAS9: -9012 | KAT9: -8858 | KAU9: -8721 | KAV9: -8604 | KAW9: -8505 | KAX9: -8411 | KAY9: -8338 | KAZ9: -8301 | KBA9: -8303 | KBB9: -8337 | KBC9: -8399 | KBD9: -8489 | KBE9: -8599 | KBF9: -8725 | KBG9: -8866 | KBH9: -9021 | KBI9: -9185 | KBJ9: -9354 | KBK9: -9525 | KBL9: -9696 | KBM9: -9864 | KBN9: -10028 | KBO9: -10191 | KBP9: -10354 | KBQ9: -10507 | KBR9: -10641 | KBS9: -10746 | KBT9: -10826 | KBU9: -10887 | KBV9: -10925 | KBW9: -10918 | KBX9: -10874 | KBY9: -10799 | KBZ9: -10701 | KCA9: -10583 | KCB9: -10448 | KCC9: -10303 | KCD9: -10154 | KCE9: -10002 | KCF9: -9847 | KCG9: -9695 | KCH9: -9550 | KCI9: -9408 | KCJ9: -9272 | KCK9: -9141 | KCL9: -9015 | KCM9: -8899 | KCN9: -8794 | KCO9: -8706 | KCP9: -8640 | KCQ9: -8593 | KCR9: -8557 | KCS9: -8518 | KCT9: -8468 | KCU9: -8403 | KCV9: -8336 | KCW9: -8266 | KCX9: -8193 | KCY9: -8117 | KCZ9: -8041 | KDA9: -7966 | KDB9: -7888 | KDC9: -7810 | KDD9: -7735 | KDE9: -7663 | KDF9: -7594 | KDG9: -7526 | KDH9: -7460 | KDI9: -7393 | KDJ9: -7325 | KDK9: -7257 | KDL9: -7190 | KDM9: -7127 | KDN9: -7067 | KDO9: -7010 | KDP9: -6960 | KDQ9: -6923 | KDR9: -6906 | KDS9: -6913 | KDT9: -6931 | KDU9: -6957 | KDV9: -6988 | KDW9: -7024 | KDX9: -7064 | KDY9: -7107 | KDZ9: -7154 | KEA9: -7210 | KEB9: -7277 | KEC9: -7354 | KED9: -7436 | KEE9: -7523 | KEF9: -7615 | KEG9: -7713 | KEH9: -7814 | KEI9: -7909 | KEJ9: -7996 | KEK9: -8072 | KEL9: -8143 | KEM9: -8215 | KEN9: -8292 | KEO9: -8371 | KEP9: -8445 | KEQ9: -8513 | KER9: -8586 | KES9: -8667 | KET9: -8762 | KEU9: -8875 | KEV9: -9009 | KEW9: -9158 | KEX9: -9311 | KEY9: -9463 | KEZ9: -9609 | KFA9: -9747 | KFB9: -9879 | KFC9: -10009 | KFD9: -10135 | KFE9: -10254 | KFF9: -10366 | KFG9: -10475 | KFH9: -10580 | KFI9: -10674 | KFJ9: -10752 | KFK9: -10815 | KFL9: -10866 | KFM9: -10912 | KFN9: -10975 | KFO9: -11052 | KFP9: -11114 | KFQ9: -11159 | KFR9: -11185 | KFS9: -11190 | KFT9: -11167 | KFU9: -11126 | KFV9: -11074 | KFW9: -11014 | KFX9: -10949 | KFY9: -10884 | KFZ9: -10827 | KGA9: -10777 | KGB9: -10742 | KGC9: -10727 | KGD9: -10734 | KGE9: -10757 | KGF9: -10784 | KGG9: -10820 | KGH9: -10867 | KGI9: -10928 | KGJ9: -11001 | KGK9: -11080 | KGL9: -11149 | KGM9: -11209 | KGN9: -11280 | KGO9: -11361 | KGP9: -11448 | KGQ9: -11540 | KGR9: -11638 | KGS9: -11739 | KGT9: -11845 | KGU9: -11955 | KGV9: -12065 | KGW9: -12172 | KGX9: -12273 | KGY9: -12363 | KGZ9: -12436 | KHA9: -12492 | KHB9: -12529 | KHC9: -12559 | KHD9: -12599 | KHE9: -12656 | KHF9: -12728 | KHG9: -12810 | KHH9: -12894 | KHI9: -12969 | KHJ9: -13019 | KHK9: -13039 | KHL9: -13042 | KHM9: -13031 | KHN9: -13008 | KHO9: -12976 | KHP9: -12936 | KHQ9: -12889 | KHR9: -12843 | KHS9: -12804 | KHT9: -12774 | KHU9: -12754 | KHV9: -12744 | KHW9: -12742 | KHX9: -12748 | KHY9: -12760 | KHZ9: -12773 | KIA9: -12773 | KIB9: -12755 | KIC9: -12720 | KID9: -12673 | KIE9: -12614 | KIF9: -12544 | KIG9: -12478 | KIH9: -12443 | KII9: -12437 | KIJ9: -12436 | KIK9: -12436 | KIL9: -12433 | KIM9: -12428 | KIN9: -12423 | KIO9: -12416 | KIP9: -12402 | KIQ9: -12380 | KIR9: -12348 | KIS9: -12306 | KIT9: -12251 | KIU9: -12185 | KIV9: -12109 | KIW9: -12024 | KIX9: -11936 | KIY9: -11859 | KIZ9: -11793 | KJA9: -11737 | KJB9: -11683 | KJC9: -11633 | KJD9: -11583 | KJE9: -11528 | KJF9: -11452 | KJG9: -11359 | KJH9: -11264 | KJI9: -11172 | KJJ9: -11085 | KJK9: -11001 | KJL9: -10917 | KJM9: -10830 | KJN9: -10738 | KJO9: -10641 | KJP9: -10536 | KJQ9: -10421 | KJR9: -10302 | KJS9: -10180 | KJT9: -10056 | KJU9: -9935 | KJV9: -9817 | KJW9: -9696 | KJX9: -9568 | KJY9: -9443 | KJZ9: -9336 | KKA9: -9248 | KKB9: -9179 | KKC9: -9133 | KKD9: -9105 | KKE9: -9094 | KKF9: -9103 | KKG9: -9130 | KKH9: -9170 | KKI9: -9224 | KKJ9: -9287 | KKK9: -9361 | KKL9: -9444 | KKM9: -9537 | KKN9: -9641 | KKO9: -9755 | KKP9: -9873 | KKQ9: -9992 | KKR9: -10103 | KKS9: -10205 | KKT9: -10294 | KKU9: -10374 | KKV9: -10447 | KKW9: -10503 | KKX9: -10533 | KKY9: -10538 | KKZ9: -10531 | KLA9: -10519 | KLB9: -10506 | KLC9: -10489 | KLD9: -10467 | KLE9: -10440 | KLF9: -10406 | KLG9: -10368 | KLH9: -10331 | KLI9: -10295 | KLJ9: -10261 | KLK9: -10227 | KLL9: -10193 | KLM9: -10161 | KLN9: -10135 | KLO9: -10116 | KLP9: -10115 | KLQ9: -10132 | KLR9: -10173 | KLS9: -10239 | KLT9: -10329 | KLU9: -10437 | KLV9: -10556 | KLW9: -10683 | KLX9: -10813 | KLY9: -10941 | KLZ9: -11072 | KMA9: -11206 | KMB9: -11338 | KMC9: -11468 | KMD9: -11596 | KME9: -11723 | KMF9: -11849 | KMG9: -11975 | KMH9: -12100 | KMI9: -12227 | KMJ9: -12356 | KMK9: -12488 | KML9: -12625 | KMM9: -12762 | KMN9: -12893 | KMO9: -13017 | KMP9: -13133 | KMQ9: -13240 | KMR9: -13342 | KMS9: -13443 | KMT9: -13545 | KMU9: -13647 | KMV9: -13744 | KMW9: -13836 | KMX9: -13933 | KMY9: -14029 | KMZ9: -14122 | KNA9: -14212 | KNB9: -14304 | KNC9: -14398 | KND9: -14493 | KNE9: -14587 | KNF9: -14680 | KNG9: -14770 | KNH9: -14855 | KNI9: -14933 | KNJ9: -15005 | KNK9: -15074 | KNL9: -15144 | KNM9: -15213 | KNN9: -15281 | KNO9: -15348 | KNP9: -15411 | KNQ9: -15472 | KNR9: -15532 | KNS9: -15590 | KNT9: -15648 | KNU9: -15705 | KNV9: -15757 | KNW9: -15810 | KNX9: -15865 | KNY9: -15921 | KNZ9: -15979 | KOA9: -16038 | KOB9: -16097 | KOC9: -16159 | KOD9: -16225 | KOE9: -16298 | KOF9: -16379 | KOG9: -16466 | KOH9: -16561 | KOI9: -16660 | KOJ9: -16765 | KOK9: -16872 | KOL9: -16979 | KOM9: -17072 | KON9: -17143 | KOO9: -17188 | KOP9: -17211 | KOQ9: -17226 | KOR9: -17242 | KOS9: -17270 | KOT9: -17334 | KOU9: -17403 | KOV9: -17471 | KOW9: -17535 | KOX9: -17594 | KOY9: -17648 | KOZ9: -17700 | KPA9: -17749 | KPB9: -17796 | KPC9: -17838 | KPD9: -17875 | KPE9: -17904 | KPF9: -17929 | KPG9: -17949 | KPH9: -17968 | KPI9: -17989 | KPJ9: -18010 | KPK9: -18028 | KPL9: -18041 | KPM9: -18051 | KPN9: -18067 | KPO9: -18088 | KPP9: -18109 | KPQ9: -18130 | KPR9: -18158 | KPS9: -18192 | KPT9: -18229 | KPU9: -18270 | KPV9: -18314 | KPW9: -18361 | KPX9: -18408 | KPY9: -18455 | KPZ9: -18502 | KQA9: -18550 | KQB9: -18597 | KQC9: -18643 | KQD9: -18687 | KQE9: -18730 | KQF9: -18766 | KQG9: -18798 | KQH9: -18825 | KQI9: -18846 | KQJ9: -18862 | KQK9: -18870 | KQL9: -18871 | KQM9: -18868 | KQN9: -18865 | KQO9: -18867 | KQP9: -18860 | KQQ9: -18840 | KQR9: -18812 | KQS9: -18782 | KQT9: -18749 | KQU9: -18715 | KQV9: -18677 | KQW9: -18635 | KQX9: -18588 | KQY9: -18536 | KQZ9: -18477 | KRA9: -18417 | KRB9: -18355 | KRC9: -18293 | KRD9: -18230 | KRE9: -18166 | KRF9: -18104 | KRG9: -18056 | KRH9: -18024 | KRI9: -18015 | KRJ9: -18016 | KRK9: -18022 | KRL9: -18030 | KRM9: -18034 | KRN9: -18026 | KRO9: -18017 | KRP9: -18007 | KRQ9: -17995 | KRR9: -17980 | KRS9: -17963 | KRT9: -17945 | KRU9: -17925 | KRV9: -17903 | KRW9: -17883 | KRX9: -17871 | KRY9: -17864 | KRZ9: -17861 | KSA9: -17861 | KSB9: -17863 | KSC9: -17868 | KSD9: -17876 | KSE9: -17883 | KSF9: -17886 | KSG9: -17886 | KSH9: -17885 | KSI9: -17884 | KSJ9: -17881 | KSK9: -17881 | KSL9: -17891 | KSM9: -17909 | KSN9: -17932 | KSO9: -17960 | KSP9: -17992 | KSQ9: -18030 | KSR9: -18072 | KSS9: -18122 | KST9: -18178 | KSU9: -18240 | KSV9: -18301 | KSW9: -18361 | KSX9: -18415 | KSY9: -18464 | KSZ9: -18508 | KTA9: -18546 | KTB9: -18578 | KTC9: -18607 | KTD9: -18635 | KTE9: -18658 | KTF9: -18681 | KTG9: -18703 | KTH9: -18724 | KTI9: -18737 | KTJ9: -18733 | KTK9: -18715 | KTL9: -18683 | KTM9: -18637 | KTN9: -18581 | KTO9: -18511 | KTP9: -18430 | KTQ9: -18339 | KTR9: -18237 | KTS9: -18127 | KTT9: -18013 | KTU9: -17897 | KTV9: -17786 | KTW9: -17679 | KTX9: -17579 | KTY9: -17485 | KTZ9: -17399 | KUA9: -17323 | KUB9: -17258 | KUC9: -17196 | KUD9: -17134 | KUE9: -17072 | KUF9: -17012 | KUG9: -16950 | KUH9: -16862 | KUI9: -16762 | KUJ9: -16668 | KUK9: -16581 | KUL9: -16498 | KUM9: -16423 | KUN9: -16347 | KUO9: -16266 | KUP9: -16177 | KUQ9: -16081 | KUR9: -15973 | KUS9: -15850 | KUT9: -15714 | KUU9: -15570 | KUV9: -15420 | KUW9: -15269 | KUX9: -15121 | KUY9: -14987 | KUZ9: -14865 | KVA9: -14760 | KVB9: -14674 | KVC9: -14603 | KVD9: -14537 | KVE9: -14475 | KVF9: -14425 | KVG9: -14392 | KVH9: -14369 | KVI9: -14353 | KVJ9: -14344 | KVK9: -14342 | KVL9: -14349 | KVM9: -14365 | KVN9: -14392 | KVO9: -14427 | KVP9: -14468 | KVQ9: -14515 | KVR9: -14566 | KVS9: -14617 | KVT9: -14664 | KVU9: -14704 | KVV9: -14739 | KVW9: -14778 | KVX9: -14830 | KVY9: -14888 | KVZ9: -14940 | KWA9: -14977 | KWB9: -14999 | KWC9: -15006 | KWD9: -14999 | KWE9: -14985 | KWF9: -14971 | KWG9: -14960 | KWH9: -14949 | KWI9: -14938 | KWJ9: -14933 | KWK9: -14936 | KWL9: -14946 | KWM9: -14963 | KWN9: -14986 | KWO9: -15018 | KWP9: -15054 | KWQ9: -15094 | KWR9: -15137 | KWS9: -15179 | KWT9: -15214 | KWU9: -15234 | KWV9: -15240 | KWW9: -15238 | KWX9: -15235 | KWY9: -15231 | KWZ9: -15225 | KXA9: -15219 | KXB9: -15215 | KXC9: -15199 | KXD9: -15174 | KXE9: -15139 | KXF9: -15098 | KXG9: -15048 | KXH9: -14988 | KXI9: -14917 | KXJ9: -14839 | KXK9: -14759 | KXL9: -14678 | KXM9: -14596 | KXN9: -14516 | KXO9: -14440 | KXP9: -14372 | KXQ9: -14315 | KXR9: -14267 | KXS9: -14221 | KXT9: -14165 | KXU9: -14100 | KXV9: -14025 | KXW9: -13942 | KXX9: -13858 | KXY9: -13793 | KXZ9: -13767 | KYA9: -13760 | KYB9: -13760 | KYC9: -13765 | KYD9: -13777 | KYE9: -13798 | KYF9: -13828 | KYG9: -13865 | KYH9: -13907 | KYI9: -13951 | KYJ9: -13994 | KYK9: -14043 | KYL9: -14100 | KYM9: -14160 | KYN9: -14221 | KYO9: -14279 | KYP9: -14335 | KYQ9: -14386 | KYR9: -14437 | KYS9: -14478 | KYT9: -14512 | KYU9: -14545 | KYV9: -14578 | KYW9: -14600 | KYX9: -14594 | KYY9: -14578 | KYZ9: -14558 | KZA9: -14535 | KZB9: -14507 | KZC9: -14474 | KZD9: -14436 | KZE9: -14398 | KZF9: -14357 | KZG9: -14319 | KZH9: -14285 | KZI9: -14252 | KZJ9: -14218 | KZK9: -14183 | KZL9: -14148 | KZM9: -14112 | KZN9: -14077 | KZO9: -14049 | KZP9: -14030 | KZQ9: -14017 | KZR9: -13998 | KZS9: -13972 | KZT9: -13943 | KZU9: -13920 | KZV9: -13912 | KZW9: -13908 | KZX9: -13906 | KZY9: -13904 | KZZ9: -13904 | LAA9: -13903 | LAB9: -13901 | LAC9: -13894 | LAD9: -13881 | LAE9: -13861 | LAF9: -13837 | LAG9: -13807 | LAH9: -13772 | LAI9: -13739 | LAJ9: -13708 | LAK9: -13683 | LAL9: -13664 | LAM9: -13646 | LAN9: -13616 | LAO9: -13572 | LAP9: -13522 | LAQ9: -13473 | LAR9: -13428 | LAS9: -13387 | LAT9: -13349 | LAU9: -13327 | LAV9: -13322 | LAW9: -13328 | LAX9: -13339 | LAY9: -13351 | LAZ9: -13364 | LBA9: -13371 | LBB9: -13370 | LBC9: -13363 | LBD9: -13349 | LBE9: -13324 | LBF9: -13290 | LBG9: -13245 | LBH9: -13193 | LBI9: -13134 | LBJ9: -13067 | LBK9: -12999 | LBL9: -12937 | LBM9: -12896 | LBN9: -12882 | LBO9: -12885 | LBP9: -12895 | LBQ9: -12909 | LBR9: -12929 | LBS9: -12937 | LBT9: -12936 | LBU9: -12931 | LBV9: -12921 | LBW9: -12908 | LBX9: -12894 | LBY9: -12888 | LBZ9: -12895 | LCA9: -12915 | LCB9: -12947 | LCC9: -12992 | LCD9: -13048 | LCE9: -13113 | LCF9: -13185 | LCG9: -13263 | LCH9: -13346 | LCI9: -13434 | LCJ9: -13525 | LCK9: -13617 | LCL9: -13702 | LCM9: -13781 | LCN9: -13856 | LCO9: -13924 | LCP9: -13983 | LCQ9: -14040 | LCR9: -14094 | LCS9: -14148 | LCT9: -14205 | LCU9: -14264 | LCV9: -14327 | LCW9: -14393 | LCX9: -14459 | LCY9: -14523 | LCZ9: -14586 | LDA9: -14647 | LDB9: -14708 | LDC9: -14769 | LDD9: -14825 | LDE9: -14877 | LDF9: -14924 | LDG9: -14969 | LDH9: -15016 | LDI9: -15066 | LDJ9: -15124 | LDK9: -15191 | LDL9: -15260 | LDM9: -15319 | LDN9: -15346 | LDO9: -15352 | LDP9: -15344 | LDQ9: -15322 | LDR9: -15291 | LDS9: -15252 | LDT9: -15206 | LDU9: -15156 | LDV9: -15105 | LDW9: -15054 | LDX9: -15004 | LDY9: -14952 | LDZ9: -14901 | LEA9: -14853 | LEB9: -14809 | LEC9: -14769 | LED9: -14737 | LEE9: -14711 | LEF9: -14692 | LEG9: -14677 | LEH9: -14657 | LEI9: -14624 | LEJ9: -14588 | LEK9: -14577 | LEL9: -14621 | LEM9: -14692 | LEN9: -14781 | LEO9: -14887 | LEP9: -15007 | LEQ9: -15144 | LER9: -15293 | LES9: -15448 | LET9: -15606 | LEU9: -15764 | LEV9: -15922 | LEW9: -16081 | LEX9: -16237 | LEY9: -16392 | LEZ9: -16543 | LFA9: -16690 | LFB9: -16828 | LFC9: -16951 | LFD9: -17052 | LFE9: -17125 | LFF9: -17181 | LFG9: -17236 | LFH9: -17295 | LFI9: -17347 | LFJ9: -17361 | LFK9: -17357 | LFL9: -17338 | LFM9: -17301 | LFN9: -17244 | LFO9: -17165 | LFP9: -17067 | LFQ9: -16955 | LFR9: -16832 | LFS9: -16701 | LFT9: -16563 | LFU9: -16420 | LFV9: -16272 | LFW9: -16120 | LFX9: -15963 | LFY9: -15800 | LFZ9: -15636 | LGA9: -15482 | LGB9: -15343 | LGC9: -15231 | LGD9: -15145 | LGE9: -15074 | LGF9: -15006 | LGG9: -14929 | LGH9: -14856 | LGI9: -14793 | LGJ9: -14741 | LGK9: -14700 | LGL9: -14675 | LGM9: -14662 | LGN9: -14662 | LGO9: -14672 | LGP9: -14691 | LGQ9: -14717 | LGR9: -14749 | LGS9: -14785 | LGT9: -14825 | LGU9: -14863 | LGV9: -14897 | LGW9: -14928 | LGX9: -14951 | LGY9: -14970 | LGZ9: -14989 | LHA9: -15008 | LHB9: -15028 | LHC9: -15047 | LHD9: -15062 | LHE9: -15068 | LHF9: -15056 | LHG9: -15046 | LHH9: -15044 | LHI9: -15047 | LHJ9: -15053 | LHK9: -15060 | LHL9: -15068 | LHM9: -15077 | LHN9: -15087 | LHO9: -15099 | LHP9: -15115 | LHQ9: -15136 | LHR9: -15165 | LHS9: -15203 | LHT9: -15253 | LHU9: -15316 | LHV9: -15394 | LHW9: -15478 | LHX9: -15554 | LHY9: -15623 | LHZ9: -15687 | LIA9: -15750 | LIB9: -15822 | LIC9: -15918 | LID9: -16040 | LIE9: -16160 | LIF9: -16272 | LIG9: -16379 | LIH9: -16482 | LII9: -16580 | LIJ9: -16678 | LIK9: -16775 | LIL9: -16873 | LIM9: -16967 | LIN9: -17058 | LIO9: -17141 | LIP9: -17214 | LIQ9: -17275 | LIR9: -17324 | LIS9: -17363 | LIT9: -17391 | LIU9: -17410 | LIV9: -17430 | LIW9: -17453 | LIX9: -17478 | LIY9: -17503 | LIZ9: -17527 | LJA9: -17544 | LJB9: -17546 | LJC9: -17541 | LJD9: -17533 | LJE9: -17526 | LJF9: -17520 | LJG9: -17515 | LJH9: -17508 | LJI9: -17499 | LJJ9: -17490 | LJK9: -17482 | LJL9: -17474 | LJM9: -17468 | LJN9: -17464 | LJO9: -17465 | LJP9: -17469 | LJQ9: -17478 | LJR9: -17491 | LJS9: -17505 | LJT9: -17506 | LJU9: -17494 | LJV9: -17466 | LJW9: -17430 | LJX9: -17388 | LJY9: -17353 | LJZ9: -17333 | LKA9: -17319 | LKB9: -17307 | LKC9: -17295 | LKD9: -17280 | LKE9: -17256 | LKF9: -17225 | LKG9: -17185 | LKH9: -17138 | LKI9: -17086 | LKJ9: -17030 | LKK9: -16971 | LKL9: -16909 | LKM9: -16845 | LKN9: -16782 | LKO9: -16717 | LKP9: -16650 | LKQ9: -16581 | LKR9: -16521 | LKS9: -16467 | LKT9: -16424 | LKU9: -16388 | LKV9: -16352 | LKW9: -16293 | LKX9: -16196 | LKY9: -16081 | LKZ9: -15953 | LLA9: -15812 | LLB9: -15661 | LLC9: -15508 | LLD9: -15355 | LLE9: -15201 | LLF9: -15047 | LLG9: -14891 | LLH9: -14733 | LLI9: -14578 | LLJ9: -14427 | LLK9: -14281 | LLL9: -14139 | LLM9: -14000 | LLN9: -13867 | LLO9: -13745 | LLP9: -13638 | LLQ9: -13541 | LLR9: -13448 | LLS9: -13354 | LLT9: -13256 | LLU9: -13159 | LLV9: -13071 | LLW9: -12990 | LLX9: -12913 | LLY9: -12844 | LLZ9: -12782 | LMA9: -12728 | LMB9: -12683 | LMC9: -12646 | LMD9: -12617 | LME9: -12594 | LMF9: -12579 | LMG9: -12567 | LMH9: -12553 | LMI9: -12537 | LMJ9: -12518 | LMK9: -12498 | LML9: -12480 | LMM9: -12461 | LMN9: -12440 | LMO9: -12418 | LMP9: -12393 | LMQ9: -12363 | LMR9: -12332 | LMS9: -12312 | LMT9: -12320 | LMU9: -12339 | LMV9: -12360 | LMW9: -12385 | LMX9: -12412 | LMY9: -12443 | LMZ9: -12476 | LNA9: -12509 | LNB9: -12543 | LNC9: -12577 | LND9: -12610 | LNE9: -12640 | LNF9: -12672 | LNG9: -12707 | LNH9: -12747 | LNI9: -12792 | LNJ9: -12838 | LNK9: -12886 | LNL9: -12932 | LNM9: -12970 | LNN9: -12994 | LNO9: -13009 | LNP9: -13024 | LNQ9: -13044 | LNR9: -13069 | LNS9: -13102 | LNT9: -13150 | LNU9: -13213 | LNV9: -13289 | LNW9: -13372 | LNX9: -13464 | LNY9: -13560 | LNZ9: -13657 | LOA9: -13755 | LOB9: -13855 | LOC9: -13954 | LOD9: -14052 | LOE9: -14147 | LOF9: -14240 | LOG9: -14328 | LOH9: -14411 | LOI9: -14479 | LOJ9: -14534 | LOK9: -14579 | LOL9: -14630 | LOM9: -14690 | LON9: -14755 | LOO9: -14810 | LOP9: -14841 | LOQ9: -14856 | LOR9: -14857 | LOS9: -14838 | LOT9: -14805 | LOU9: -14762 | LOV9: -14709 | LOW9: -14646 | LOX9: -14578 | LOY9: -14504 | LOZ9: -14421 | LPA9: -14325 | LPB9: -14214 | LPC9: -14089 | LPD9: -13948 | LPE9: -13796 | LPF9: -13639 | LPG9: -13490 | LPH9: -13355 | LPI9: -13237 | LPJ9: -13136 | LPK9: -13045 | LPL9: -12956 | LPM9: -12865 | LPN9: -12777 | LPO9: -12684 | LPP9: -12586 | LPQ9: -12483 | LPR9: -12373 | LPS9: -12253 | LPT9: -12125 | LPU9: -11994 | LPV9: -11859 | LPW9: -11725 | LPX9: -11600 | LPY9: -11490 | LPZ9: -11400 | LQA9: -11328 | LQB9: -11276 | LQC9: -11243 | LQD9: -11230 | LQE9: -11222 | LQF9: -11202 | LQG9: -11162 | LQH9: -11096 | LQI9: -11013 | LQJ9: -10929 | LQK9: -10855 | LQL9: -10799 | LQM9: -10759 | LQN9: -10736 | LQO9: -10731 | LQP9: -10743 | LQQ9: -10776 | LQR9: -10829 | LQS9: -10901 | LQT9: -10996 | LQU9: -11103 | LQV9: -11217 | LQW9: -11333 | LQX9: -11449 | LQY9: -11566 | LQZ9: -11682 | LRA9: -11794 | LRB9: -11897 | LRC9: -12002 | LRD9: -12129 | LRE9: -12280 | LRF9: -12448 | LRG9: -12618 | LRH9: -12779 | LRI9: -12936 | LRJ9: -13100 | LRK9: -13259 | LRL9: -13406 | LRM9: -13543 | LRN9: -13671 | LRO9: -13784 | LRP9: -13883 | LRQ9: -13963 | LRR9: -14022 | LRS9: -14066 | LRT9: -14097 | LRU9: -14119 | LRV9: -14133 | LRW9: -14142 | LRX9: -14148 | LRY9: -14151 | LRZ9: -14149 | LSA9: -14139 | LSB9: -14113 | LSC9: -14072 | LSD9: -14022 | LSE9: -13969 | LSF9: -13918 | LSG9: -13866 | LSH9: -13813 | LSI9: -13767 | LSJ9: -13730 | LSK9: -13693 | LSL9: -13652 | LSM9: -13611 | LSN9: -13570 | LSO9: -13530 | LSP9: -13490 | LSQ9: -13450 | LSR9: -13406 | LSS9: -13359 | LST9: -13302 | LSU9: -13229 | LSV9: -13143 | LSW9: -13049 | LSX9: -12948 | LSY9: -12838 | LSZ9: -12722 | LTA9: -12599 | LTB9: -12474 | LTC9: -12350 | LTD9: -12227 | LTE9: -12096 | LTF9: -11944 | LTG9: -11789 | LTH9: -11636 | LTI9: -11493 | LTJ9: -11362 | LTK9: -11241 | LTL9: -11132 | LTM9: -11034 | LTN9: -10947 | LTO9: -10874 | LTP9: -10816 | LTQ9: -10775 | LTR9: -10757 | LTS9: -10765 | LTT9: -10795 | LTU9: -10841 | LTV9: -10899 | LTW9: -10968 | LTX9: -11043 | LTY9: -11127 | LTZ9: -11212 | LUA9: -11296 | LUB9: -11380 | LUC9: -11467 | LUD9: -11553 | LUE9: -11632 | LUF9: -11706 | LUG9: -11777 | LUH9: -11844 | LUI9: -11906 | LUJ9: -11963 | LUK9: -12013 | LUL9: -12055 | LUM9: -12089 | LUN9: -12114 | LUO9: -12129 | LUP9: -12136 | LUQ9: -12134 | LUR9: -12122 | LUS9: -12104 | LUT9: -12085 | LUU9: -12073 | LUV9: -12069 | LUW9: -12079 | LUX9: -12111 | LUY9: -12165 | LUZ9: -12234 | LVA9: -12312 | LVB9: -12407 | LVC9: -12515 | LVD9: -12634 | LVE9: -12768 | LVF9: -12914 | LVG9: -13071 | LVH9: -13240 | LVI9: -13416 | LVJ9: -13598 | LVK9: -13788 | LVL9: -13986 | LVM9: -14192 | LVN9: -14401 | LVO9: -14614 | LVP9: -14832 | LVQ9: -15057 | LVR9: -15285 | LVS9: -15511 | LVT9: -15732 | LVU9: -15941 | LVV9: -16137 | LVW9: -16325 | LVX9: -16510 | LVY9: -16703 | LVZ9: -16917 | LWA9: -17132 | LWB9: -17343 | LWC9: -17548 | LWD9: -17748 | LWE9: -17942 | LWF9: -18130 | LWG9: -18314 | LWH9: -18494 | LWI9: -18669 | LWJ9: -18834 | LWK9: -18992 | LWL9: -19142 | LWM9: -19282 | LWN9: -19411 | LWO9: -19529 | LWP9: -19635 | LWQ9: -19728 | LWR9: -19810 | LWS9: -19889 | LWT9: -19969 | LWU9: -20051 | LWV9: -20133 | LWW9: -20208 | LWX9: -20271 | LWY9: -20329 | LWZ9: -20379 | LXA9: -20421 | LXB9: -20455 | LXC9: -20485 | LXD9: -20512 | LXE9: -20541 | LXF9: -20574 | LXG9: -20612 | LXH9: -20659 | LXI9: -20716 | LXJ9: -20782 | LXK9: -20861 | LXL9: -20952 | LXM9: -21055 | LXN9: -21168 | LXO9: -21284 | LXP9: -21395 | LXQ9: -21485 | LXR9: -21546 | LXS9: -21584 | LXT9: -21606 | LXU9: -21623 | LXV9: -21647 | LXW9: -21677 | LXX9: -21719 | LXY9: -21770 | LXZ9: -21832 | LYA9: -21904 | LYB9: -21986 | LYC9: -22073 | LYD9: -22160 | LYE9: -22245
C10: 2035 | D10: 2015 | E10: =MIN(H10:LYE10)*-1 -> 0 | F10: =PL00!BJ54 -> 44697.106 | G10: =F10/E10 -> #DIV/0!
