Workbook
Name Slicer_Climate_Year: #N/A
Name Slicer_Generator_ID: #N/A
Name Slicer_Parameter: #N/A
Name Slicer_Sector: #N/A

Sheet demanddata_FI-industry
A1: Country | B1: Grid | C1: Node_suffix | D1: Scenario | E1: Year | F1: TWh/year | G1: Constant_share
A2: FI00 | B2: steam | C2: industry | D2: all | E2: 1 | F2: =elec_gen!I35/1000 -> 16.6674

Sheet elec_gen
C9: https://pxdata.stat.fi/PxWeb/pxweb/fi/StatFin/StatFin__salatuo/statfin_salatuo_pxt_11sr.px/
D11: Vesivoima | E11: Tuulivoima | F11: Aurinkovoima | G11: Ydinvoima | H11: Tavallinen lauhdevoima | I11: Yhteistuotanto, teollisuus | J11: Yhteistuotanto, kaukolämpö | K11: Yhteistuotanto, pien-CHP | L11: SÄHKÖN TUOTANTO YHTEENSÄ | M11: Sähkön tuonti | N11: Sähkön vienti | O11: Nettotuonti | P11: SÄHKÖN KOKONAISKULUTUS
C12: Määrä, GWh
C13: 2005 | D13: 13428 | E13: 168 | F13: 3 | G13: 22356 | H13: 5326 | I13: 10734 | J13: 15644 | K13: 11 | L13: 67670 | M13: 17947 | N13: 933 | O13: 17014 | P13: 84684
C14: 2006 | D14: 11313 | E14: 153 | F14: 3 | G14: 22004 | H14: 17577 | I14: 12030 | J14: 15547 | K14: 14 | L14: 78641 | M14: 14117 | N14: 2716 | O14: 11401 | P14: 90042
C15: 2007 | D15: 13991 | E15: 188 | F15: 4 | G15: 22501 | H15: 14377 | I15: 11639 | J15: 15120 | K15: 10 | L15: 77831 | M15: 15419 | N15: 2862 | O15: 12557 | P15: 90388
C16: 2008 | D16: 16909 | E16: 261 | F16: 4 | G16: 22050 | H16: 8779 | I16: 11194 | J16: 15282 | K16: 16 | L16: 74495 | M16: 16107 | N16: 3335 | O16: 12772 | P16: 87267
C17: 2009 | D17: 12573 | E17: 277 | F17: 4 | G17: 22601 | H17: 8963 | I17: 9041 | J17: 15752 | K17: 15 | L17: 69226 | M17: 15460 | N17: 3375 | O17: 12085 | P17: 81311
C18: 2010 | D18: 12743 | E18: 294 | F18: 5 | G18: 21889 | H18: 14179 | I18: 10405 | J18: 17693 | K18: 17 | L18: 77225 | M18: 15719 | N18: 5218 | O18: 10501 | P18: 87726
C19: 2011 | D19: 12278 | E19: 481 | F19: 5 | G19: 22266 | H19: 9822 | I19: 10132 | J19: 15410 | K19: 25 | L19: 70420 | M19: 17656 | N19: 3805 | O19: 13851 | P19: 84271
C20: 2012 | D20: 16667 | E20: 494 | F20: 6 | G20: 22063 | H20: 5177 | I20: 8891 | J20: 14395 | K20: 21 | L20: 67714 | M20: 19089 | N20: 1645 | O20: 17443 | P20: 85157
C21: 2013 | D21: 12672 | E21: 774 | F21: 7 | G21: 22673 | H21: 8883 | I21: 9147 | J21: 14179 | K21: 18 | L21: 68354 | M21: 17591 | N21: 1876 | O21: 15715 | P21: 84069
C22: 2014 | D22: 13240 | E22: 1107 | F22: 8 | G22: 22646 | H22: 6379 | I22: 8694 | J22: 13367 | K22: 18 | L22: 65459 | M22: 21622 | N22: 3655 | O22: 17966 | P22: 83425
C23: 2015 | D23: 16584 | E23: 2327 | F23: 11 | G23: 22326 | H23: 4062 | I23: 8288 | J23: 12542 | K23: 16 | L23: 66156 | M23: 21459 | N23: 5122 | O23: 16337 | P23: 82493
C24: 2016 | D24: 15634 | E24: 3068 | F24: 22 | G24: 22280 | H24: 4319 | I24: 8474 | J24: 12392 | K24: 14 | L24: 66204 | M24: 22110 | N24: 3159 | O24: 18951 | P24: 85155
... C31: 2023 | D31: 15026 | E31: 14465 | F31: 716 | G31: 32759 | H31: 1813 | I31: 6587 | J31: 6897 | K31: 19 | L31: 78283 | M31: 9644 | N31: 7920 | O31: 1724 | P31: 80007
H34: elec | I34: =AVERAGE(I22:I31) -> 8333.7
H35: steam | I35: =I34*2 -> 16667.4

Sheet transferdata_dheat
A1: from_country | B1: from_suffix | C1: to_country | D1: to_suffix | E1: grid | F1: scenario | G1: Year | H1: Variant | I1: transferCap | J1: rampLimit | K1: variableTransCost | L1: transferLoss
A2: FI00 | B2: VAN | C2: FI00 | D2: HKI | E2: dheat | F2: all | G2: 1 | H2: dh-level:cities | I2: 130 | K2: 2.1
A3: FI00 | B3: HKI | C3: FI00 | D3: VAN | E3: dheat | F3: all | G3: 1 | H3: dh-level:cities | I3: 130 | K3: 2.2
A4: FI00 | B4: ESP | C4: FI00 | D4: HKI | E4: dheat | F4: all | G4: 1 | H4: dh-level:cities | I4: 120 | K4: 1.9
A5: FI00 | B5: HKI | C5: FI00 | D5: ESP | E5: dheat | F5: all | G5: 1 | H5: dh-level:cities | I5: 120 | K5: 2
A6: FI00 | B6: ESP | C6: FI00 | D6: VAN | E6: dheat | F6: all | G6: 1 | H6: dh-level:cities | I6: 50 | K6: 2.3
A7: FI00 | B7: VAN | C7: FI00 | D7: ESP | E7: dheat | F7: all | G7: 1 | H7: dh-level:cities | I7: 50 | K7: 2.4

Sheet unitdata_Finland
A1: Country | B1: unittype | C1: unit_name_prefix | D1: Scenario | E1: Year | F1: variant | G1: capacity_input1 | H1: node_suffix_input1 | I1: capacity_output1 | J1: node_suffix_output1 | K1: capacity_output2 | L1: node_suffix_output2 | M1: cb | N1: cv | O1: eff00 | P1: eff01 | Q1: vomCosts | R1: Note | S1: method | V1: ## capitals mapping | W1: ## | X1: ## | Y1: ## | Z1: ## | AA1: ## | AB1: ## | AC1: ## | AD1: ## | AE1: ## | AF1: ## | AG1: ## | AH1: ## | AI1: ## | AJ1: ## | AK1: ## | AL1: ## | AM1: ## | AN1: ## | AO1: ##
A2: ## City level data
A3: FI00 | B3: oilHOB | C3: HKI | D3: all | E3: 1 | F3: dh-level:cities | G3: =IF(ISTEXT($B3),IF(COUNTIF($B3,"*Industry*"),SUMIF('Industry-capacity'!$A$2:$A$6,$B3,'Industry-capacity'!$D$2:$D$6),IF(SUMIF(INDIRECT($C3&"!A$2:A$20"),$B3,INDIRECT($C3&"!D$2:D$20"))>0,SUMIF(INDIRECT($C3&"!A$2:A$20"),$B3,INDIRECT($C3&"!D$2:D$20")),"")),"") | H3: =IF(COUNTIF($B3,"*charger*")+COUNTIF($B3,"*disch*"),$C3,"") | I3: =IF(ISTEXT($B3),IF(COUNTIF($B3,"*Industry*"),SUMIF('Industry-capacity'!$A$2:$A$6,$B3,'Industry-capacity'!$B$2:$B$6),SUMIF(INDIRECT($C3&"!A$2:A$20"),$B3,INDIRECT($C3&"!B$2:B$20"))),"") -> 671 | J3: =IF(COUNTIF($B3,"*HOB*")+COUNTIF($B3,"*charger*")+COUNTIF($B3,"*disch*")+COUNTIF($B3,"GSHP")+COUNTIF($B3,"EBoil"),C3,"") -> HKI | K3: =IF(ISTEXT($B3),IF(COUNTIF($B3,"*Industry*"),SUMIF('Industry-capacity'!$A$2:$A$6,$B3,'Industry-capacity'!$C$2:$C$6),SUMIF(INDIRECT($C3&"!A$2:A$20"),$B3,INDIRECT($C3&"!C$2:C$20"))),"") -> 0 | L3: =IF(K3=0,"",IF(ISTEXT($B3),IF(COUNTIF($B3,"*Industry*"),"industry",$C3),"")) | M3: =IF(ISTEXT($B3),IF($K3>0,$I3/$K3,""),"") | O3: =IF(SUM($G3)>0,($I3+$K3)/$G3,"") | P3: =IF(SUM($G3)>0,($I3+$K3)/$G3,"") | Q3: =ROUND(VLOOKUP($B3, $Z$6:$AA$32,2,FALSE) * (1+$AD$6) * (1 + IF(C3="",1, VLOOKUP($C3,$AC$8:$AD$15,2,FALSE))), 2) -> 2.5 | S3: =IF(I3<10, "remove", "") | V3: =_xlfn.XLOOKUP(C3,$W$6:$W$13,$X$6:$X$13) -> HKI
A4: FI00 | B4: gasHOB | C4: HKI | D4: all | E4: 1 | F4: dh-level:cities | G4: =IF(ISTEXT($B4),IF(COUNTIF($B4,"*Industry*"),SUMIF('Industry-capacity'!$A$2:$A$6,$B4,'Industry-capacity'!$D$2:$D$6),IF(SUMIF(INDIRECT($C4&"!A$2:A$20"),$B4,INDIRECT($C4&"!D$2:D$20"))>0,SUMIF(INDIRECT($C4&"!A$2:A$20"),$B4,INDIRECT($C4&"!D$2:D$20")),"")),"") | H4: =IF(COUNTIF($B4,"*charger*")+COUNTIF($B4,"*disch*"),$C4,"") | I4: =IF(ISTEXT($B4),IF(COUNTIF($B4,"*Industry*"),SUMIF('Industry-capacity'!$A$2:$A$6,$B4,'Industry-capacity'!$B$2:$B$6),SUMIF(INDIRECT($C4&"!A$2:A$20"),$B4,INDIRECT($C4&"!B$2:B$20"))),"") -> 912 | J4: =IF(COUNTIF($B4,"*HOB*")+COUNTIF($B4,"*charger*")+COUNTIF($B4,"*disch*")+COUNTIF($B4,"GSHP")+COUNTIF($B4,"EBoil"),C4,"") -> HKI | K4: =IF(ISTEXT($B4),IF(COUNTIF($B4,"*Industry*"),SUMIF('Industry-capacity'!$A$2:$A$6,$B4,'Industry-capacity'!$C$2:$C$6),SUMIF(INDIRECT($C4&"!A$2:A$20"),$B4,INDIRECT($C4&"!C$2:C$20"))),"") -> 0 | L4: =IF(K4=0,"",IF(ISTEXT($B4),IF(COUNTIF($B4,"*Industry*"),"industry",$C4),"")) | M4: =IF(ISTEXT($B4),IF($K4>0,$I4/$K4,""),"") | O4: =IF(SUM($G4)>0,($I4+$K4)/$G4,"") | P4: =IF(SUM($G4)>0,($I4+$K4)/$G4,"") | Q4: =ROUND(VLOOKUP($B4, $Z$6:$AA$32,2,FALSE) * (1+$AD$6) * (1 + IF(C4="",1, VLOOKUP($C4,$AC$8:$AD$15,2,FALSE))), 2) -> 2.5 | S4: =IF(I4<10, "remove", "") | V4: =_xlfn.XLOOKUP(C4,$W$6:$W$13,$X$6:$X$13) -> HKI
A5: FI00 | B5: bioHOB | C5: HKI | D5: all | E5: 1 | F5: dh-level:cities | G5: =IF(ISTEXT($B5),IF(COUNTIF($B5,"*Industry*"),SUMIF('Industry-capacity'!$A$2:$A$6,$B5,'Industry-capacity'!$D$2:$D$6),IF(SUMIF(INDIRECT($C5&"!A$2:A$20"),$B5,INDIRECT($C5&"!D$2:D$20"))>0,SUMIF(INDIRECT($C5&"!A$2:A$20"),$B5,INDIRECT($C5&"!D$2:D$20")),"")),"") | H5: =IF(COUNTIF($B5,"*charger*")+COUNTIF($B5,"*disch*"),$C5,"") | I5: =IF(ISTEXT($B5),IF(COUNTIF($B5,"*Industry*"),SUMIF('Industry-capacity'!$A$2:$A$6,$B5,'Industry-capacity'!$B$2:$B$6),SUMIF(INDIRECT($C5&"!A$2:A$20"),$B5,INDIRECT($C5&"!B$2:B$20"))),"") -> 527 | J5: =IF(COUNTIF($B5,"*HOB*")+COUNTIF($B5,"*charger*")+COUNTIF($B5,"*disch*")+COUNTIF($B5,"GSHP")+COUNTIF($B5,"EBoil"),C5,"") -> HKI | K5: =IF(ISTEXT($B5),IF(COUNTIF($B5,"*Industry*"),SUMIF('Industry-capacity'!$A$2:$A$6,$B5,'Industry-capacity'!$C$2:$C$6),SUMIF(INDIRECT($C5&"!A$2:A$20"),$B5,INDIRECT($C5&"!C$2:C$20"))),"") -> 0 | L5: =IF(K5=0,"",IF(ISTEXT($B5),IF(COUNTIF($B5,"*Industry*"),"industry",$C5),"")) | M5: =IF(ISTEXT($B5),IF($K5>0,$I5/$K5,""),"") | O5: =IF(SUM($G5)>0,($I5+$K5)/$G5,"") | P5: =IF(SUM($G5)>0,($I5+$K5)/$G5,"") | Q5: =ROUND(VLOOKUP($B5, $Z$6:$AA$32,2,FALSE) * (1+$AD$6) * (1 + IF(C5="",1, VLOOKUP($C5,$AC$8:$AD$15,2,FALSE))), 2) -> 2.5 | S5: =IF(I5<10, "remove", "") | V5: =_xlfn.XLOOKUP(C5,$W$6:$W$13,$X$6:$X$13) -> HKI | W5: cities | X5: capitals | AA5: vomCosts | AC5: vomCost multiplier | AH5: Bruttokansantuote henkeä kohden kohden alueittain, vuosittain muuttujina Alue, Tiedot ja Vuosi
A6: FI00 | B6: GSHP | C6: HKI | D6: all | E6: 1 | F6: dh-level:cities | G6: =IF(ISTEXT($B6),IF(COUNTIF($B6,"*Industry*"),SUMIF('Industry-capacity'!$A$2:$A$6,$B6,'Industry-capacity'!$D$2:$D$6),IF(SUMIF(INDIRECT($C6&"!A$2:A$20"),$B6,INDIRECT($C6&"!D$2:D$20"))>0,SUMIF(INDIRECT($C6&"!A$2:A$20"),$B6,INDIRECT($C6&"!D$2:D$20")),"")),"") | H6: =IF(COUNTIF($B6,"*charger*")+COUNTIF($B6,"*disch*"),$C6,"") | I6: =IF(ISTEXT($B6),IF(COUNTIF($B6,"*Industry*"),SUMIF('Industry-capacity'!$A$2:$A$6,$B6,'Industry-capacity'!$B$2:$B$6),SUMIF(INDIRECT($C6&"!A$2:A$20"),$B6,INDIRECT($C6&"!B$2:B$20"))),"") -> 343.2 | J6: =IF(COUNTIF($B6,"*HOB*")+COUNTIF($B6,"*charger*")+COUNTIF($B6,"*disch*")+COUNTIF($B6,"GSHP")+COUNTIF($B6,"EBoil"),C6,"") -> HKI | K6: =IF(ISTEXT($B6),IF(COUNTIF($B6,"*Industry*"),SUMIF('Industry-capacity'!$A$2:$A$6,$B6,'Industry-capacity'!$C$2:$C$6),SUMIF(INDIRECT($C6&"!A$2:A$20"),$B6,INDIRECT($C6&"!C$2:C$20"))),"") -> 0 | L6: =IF(K6=0,"",IF(ISTEXT($B6),IF(COUNTIF($B6,"*Industry*"),"industry",$C6),"")) | M6: =IF(ISTEXT($B6),IF($K6>0,$I6/$K6,""),"") | O6: =IF(SUM($G6)>0,($I6+$K6)/$G6,"") | P6: =IF(SUM($G6)>0,($I6+$K6)/$G6,"") | Q6: =ROUND(VLOOKUP($B6, $Z$6:$AA$32,2,FALSE) * (1+$AD$6) * (1 + IF(C6="",1, VLOOKUP($C6,$AC$8:$AD$15,2,FALSE))), 2) -> 7.5 | S6: =IF(I6<10, "remove", "") | V6: =_xlfn.XLOOKUP(C6,$W$6:$W$13,$X$6:$X$13) -> HKI | W6: HKI | X6: HKI | Z6: oilHOB | AA6: =SUMIFS([1]unittypedata!$S:$S, [1]unittypedata!$D:$D, Z6) -> 2 | AC6: FI00 | AD6: ='[2]vomcost mult'!$R$19 -> 0.108 | AI6: Käypiin hintoihin, euroa
A7: FI00 | B7: gasCCGTCHP | C7: HKI | D7: all | E7: 1 | F7: dh-level:cities | G7: =IF(ISTEXT($B7),IF(COUNTIF($B7,"*Industry*"),SUMIF('Industry-capacity'!$A$2:$A$6,$B7,'Industry-capacity'!$D$2:$D$6),IF(SUMIF(INDIRECT($C7&"!A$2:A$20"),$B7,INDIRECT($C7&"!D$2:D$20"))>0,SUMIF(INDIRECT($C7&"!A$2:A$20"),$B7,INDIRECT($C7&"!D$2:D$20")),"")),"") -> 1343 | H7: =IF(COUNTIF($B7,"*charger*")+COUNTIF($B7,"*disch*"),$C7,"") | I7: =IF(ISTEXT($B7),IF(COUNTIF($B7,"*Industry*"),SUMIF('Industry-capacity'!$A$2:$A$6,$B7,'Industry-capacity'!$B$2:$B$6),SUMIF(INDIRECT($C7&"!A$2:A$20"),$B7,INDIRECT($C7&"!B$2:B$20"))),"") -> 630 | J7: =IF(COUNTIF($B7,"*HOB*")+COUNTIF($B7,"*charger*")+COUNTIF($B7,"*disch*")+COUNTIF($B7,"GSHP")+COUNTIF($B7,"EBoil"),C7,"") | K7: =IF(ISTEXT($B7),IF(COUNTIF($B7,"*Industry*"),SUMIF('Industry-capacity'!$A$2:$A$6,$B7,'Industry-capacity'!$C$2:$C$6),SUMIF(INDIRECT($C7&"!A$2:A$20"),$B7,INDIRECT($C7&"!C$2:C$20"))),"") -> 587 | L7: =IF(K7=0,"",IF(ISTEXT($B7),IF(COUNTIF($B7,"*Industry*"),"industry",$C7),"")) -> HKI | M7: =IF(ISTEXT($B7),IF($K7>0,$I7/$K7,""),"") -> 1.0732538 | O7: =IF(SUM($G7)>0,($I7+$K7)/$G7,"") -> 0.90618019 | P7: =IF(SUM($G7)>0,($I7+$K7)/$G7,"") -> 0.90618019 | Q7: =ROUND(VLOOKUP($B7, $Z$6:$AA$32,2,FALSE) * (1+$AD$6) * (1 + IF(C7="",1, VLOOKUP($C7,$AC$8:$AD$15,2,FALSE))), 2) -> 2 | S7: =IF(I7<10, "remove", "") | V7: =_xlfn.XLOOKUP(C7,$W$6:$W$13,$X$6:$X$13) -> HKI | W7: ESP | X7: HKI | Z7: gasHOB | AA7: =SUMIFS([1]unittypedata!$S:$S, [1]unittypedata!$D:$D, Z7) -> 2 | AI7: 2020 | AJ7: 2021 | AK7: 2022 | AL7: 2023 | AN7: avg
A8: FI00 | B8: elecHOB | C8: HKI | D8: all | E8: 1 | F8: dh-level:cities | G8: =IF(ISTEXT($B8),IF(COUNTIF($B8,"*Industry*"),SUMIF('Industry-capacity'!$A$2:$A$6,$B8,'Industry-capacity'!$D$2:$D$6),IF(SUMIF(INDIRECT($C8&"!A$2:A$20"),$B8,INDIRECT($C8&"!D$2:D$20"))>0,SUMIF(INDIRECT($C8&"!A$2:A$20"),$B8,INDIRECT($C8&"!D$2:D$20")),"")),"") | H8: =IF(COUNTIF($B8,"*charger*")+COUNTIF($B8,"*disch*"),$C8,"") | I8: =IF(ISTEXT($B8),IF(COUNTIF($B8,"*Industry*"),SUMIF('Industry-capacity'!$A$2:$A$6,$B8,'Industry-capacity'!$B$2:$B$6),SUMIF(INDIRECT($C8&"!A$2:A$20"),$B8,INDIRECT($C8&"!B$2:B$20"))),"") -> 540 | J8: =IF(COUNTIF($B8,"*HOB*")+COUNTIF($B8,"*charger*")+COUNTIF($B8,"*disch*")+COUNTIF($B8,"GSHP")+COUNTIF($B8,"EBoil"),C8,"") -> HKI | K8: =IF(ISTEXT($B8),IF(COUNTIF($B8,"*Industry*"),SUMIF('Industry-capacity'!$A$2:$A$6,$B8,'Industry-capacity'!$C$2:$C$6),SUMIF(INDIRECT($C8&"!A$2:A$20"),$B8,INDIRECT($C8&"!C$2:C$20"))),"") -> 0 | L8: =IF(K8=0,"",IF(ISTEXT($B8),IF(COUNTIF($B8,"*Industry*"),"industry",$C8),"")) | M8: =IF(ISTEXT($B8),IF($K8>0,$I8/$K8,""),"") | O8: =IF(SUM($G8)>0,($I8+$K8)/$G8,"") | P8: =IF(SUM($G8)>0,($I8+$K8)/$G8,"") | Q8: =ROUND(VLOOKUP($B8, $Z$6:$AA$32,2,FALSE) * (1+$AD$6) * (1 + IF(C8="",1, VLOOKUP($C8,$AC$8:$AD$15,2,FALSE))), 2) -> 1.87 | S8: =IF(I8<10, "remove", "") | V8: =_xlfn.XLOOKUP(C8,$W$6:$W$13,$X$6:$X$13) -> HKI | W8: VAN | X8: HKI | Z8: bioHOB | AA8: =SUMIFS([1]unittypedata!$S:$S, [1]unittypedata!$D:$D, Z8) -> 2 | AC8: HKI | AD8: =LOG(AE8/$AN$8) -> 0.12747054 | AE8: =AN9*1.05 -> 61828.594 | AH8: KOKO MAA | AI8: 42749.8 | AJ8: 44895 | AK8: 47899.6 | AL8: 48863.2 | AN8: =AVERAGE(AI8:AL8) -> 46101.9
A9: FI00 | B9: HeatStorageCharger | C9: HKI | D9: all | E9: 1 | F9: dh-level:cities | G9: =IF(ISTEXT($B9),IF(COUNTIF($B9,"*Industry*"),SUMIF('Industry-capacity'!$A$2:$A$6,$B9,'Industry-capacity'!$D$2:$D$6),IF(SUMIF(INDIRECT($C9&"!A$2:A$20"),$B9,INDIRECT($C9&"!D$2:D$20"))>0,SUMIF(INDIRECT($C9&"!A$2:A$20"),$B9,INDIRECT($C9&"!D$2:D$20")),"")),"") | H9: =IF(COUNTIF($B9,"*charger*")+COUNTIF($B9,"*disch*"),$C9,"") -> HKI | I9: =IF(ISTEXT($B9),IF(COUNTIF($B9,"*Industry*"),SUMIF('Industry-capacity'!$A$2:$A$6,$B9,'Industry-capacity'!$B$2:$B$6),SUMIF(INDIRECT($C9&"!A$2:A$20"),$B9,INDIRECT($C9&"!B$2:B$20"))),"") -> 340 | J9: =IF(COUNTIF($B9,"*HOB*")+COUNTIF($B9,"*charger*")+COUNTIF($B9,"*disch*")+COUNTIF($B9,"GSHP")+COUNTIF($B9,"EBoil"),C9,"") -> HKI | K9: =IF(ISTEXT($B9),IF(COUNTIF($B9,"*Industry*"),SUMIF('Industry-capacity'!$A$2:$A$6,$B9,'Industry-capacity'!$C$2:$C$6),SUMIF(INDIRECT($C9&"!A$2:A$20"),$B9,INDIRECT($C9&"!C$2:C$20"))),"") -> 0 | L9: =IF(K9=0,"",IF(ISTEXT($B9),IF(COUNTIF($B9,"*Industry*"),"industry",$C9),"")) | M9: =IF(ISTEXT($B9),IF($K9>0,$I9/$K9,""),"") | O9: =IF(SUM($G9)>0,($I9+$K9)/$G9,"") | P9: =IF(SUM($G9)>0,($I9+$K9)/$G9,"") | Q9: =ROUND(VLOOKUP($B9, $Z$6:$AA$32,2,FALSE) * (1+$AD$6) * (1 + IF(C9="",1, VLOOKUP($C9,$AC$8:$AD$15,2,FALSE))), 2) -> 1.75 | S9: =IF(I9<10, "remove", "") | V9: =_xlfn.XLOOKUP(C9,$W$6:$W$13,$X$6:$X$13) -> HKI | W9: TKU | X9: ROF | Z9: GSHP | AA9: =SUMIFS([1]unittypedata!$S:$S, [1]unittypedata!$D:$D, Z9) -> 6 | AC9: ESP | AD9: =LOG(AE9/$AN$8) -> 0.10628125 | AE9: =AN9 -> 58884.375 | AH9: MK01 Uusimaa | AI9: 55424.5 | AJ9: 57622.9 | AK9: 60396.7 | AL9: 62093.4 | AN9: =AVERAGE(AI9:AL9) -> 58884.375
A10: FI00 | B10: HeatStorageDisch | C10: HKI | D10: all | E10: 1 | F10: dh-level:cities | G10: =IF(ISTEXT($B10),IF(COUNTIF($B10,"*Industry*"),SUMIF('Industry-capacity'!$A$2:$A$6,$B10,'Industry-capacity'!$D$2:$D$6),IF(SUMIF(INDIRECT($C10&"!A$2:A$20"),$B10,INDIRECT($C10&"!D$2:D$20"))>0,SUMIF(INDIRECT($C10&"!A$2:A$20"),$B10,INDIRECT($C10&"!D$2:D$20")),"")),"") | H10: =IF(COUNTIF($B10,"*charger*")+COUNTIF($B10,"*disch*"),$C10,"") -> HKI | I10: =IF(ISTEXT($B10),IF(COUNTIF($B10,"*Industry*"),SUMIF('Industry-capacity'!$A$2:$A$6,$B10,'Industry-capacity'!$B$2:$B$6),SUMIF(INDIRECT($C10&"!A$2:A$20"),$B10,INDIRECT($C10&"!B$2:B$20"))),"") -> 340 | J10: =IF(COUNTIF($B10,"*HOB*")+COUNTIF($B10,"*charger*")+COUNTIF($B10,"*disch*")+COUNTIF($B10,"GSHP")+COUNTIF($B10,"EBoil"),C10,"") -> HKI | K10: =IF(ISTEXT($B10),IF(COUNTIF($B10,"*Industry*"),SUMIF('Industry-capacity'!$A$2:$A$6,$B10,'Industry-capacity'!$C$2:$C$6),SUMIF(INDIRECT($C10&"!A$2:A$20"),$B10,INDIRECT($C10&"!C$2:C$20"))),"") -> 0 | L10: =IF(K10=0,"",IF(ISTEXT($B10),IF(COUNTIF($B10,"*Industry*"),"industry",$C10),"")) | M10: =IF(ISTEXT($B10),IF($K10>0,$I10/$K10,""),"") | O10: =IF(SUM($G10)>0,($I10+$K10)/$G10,"") | P10: =IF(SUM($G10)>0,($I10+$K10)/$G10,"") | Q10: =ROUND(VLOOKUP($B10, $Z$6:$AA$32,2,FALSE) * (1+$AD$6) * (1 + IF(C10="",1, VLOOKUP($C10,$AC$8:$AD$15,2,FALSE))), 2) -> 1.75 | S10: =IF(I10<10, "remove", "") | V10: =_xlfn.XLOOKUP(C10,$W$6:$W$13,$X$6:$X$13) -> HKI | W10: TRE | X10: ROF | Z10: gasCCGTCHP | AA10: =SUMIFS([1]unittypedata!$S:$S, [1]unittypedata!$D:$D, Z10) -> 1.6 | AC10: VAN | AD10: =LOG(AE10/$AN$8) -> 0.084004851 | AE10: =AN9*0.95 -> 55940.156 | AH10: MK02 Varsinais-Suomi | AI10: 39752 | AJ10: 41181 | AK10: 44607.9 | AL10: 45556.1 | AN10: =AVERAGE(AI10:AL10) -> 42774.25
A11: FI00 | B11: heatStorageChargerLarge | C11: HKI | D11: all | E11: 1 | F11: dh-level:cities | G11: =IF(ISTEXT($B11),IF(COUNTIF($B11,"*Industry*"),SUMIF('Industry-capacity'!$A$2:$A$6,$B11,'Industry-capacity'!$D$2:$D$6),IF(SUMIF(INDIRECT($C11&"!A$2:A$20"),$B11,INDIRECT($C11&"!D$2:D$20"))>0,SUMIF(INDIRECT($C11&"!A$2:A$20"),$B11,INDIRECT($C11&"!D$2:D$20")),"")),"") | H11: =IF(COUNTIF($B11,"*charger*")+COUNTIF($B11,"*disch*"),$C11,"") -> HKI | I11: =IF(ISTEXT($B11),IF(COUNTIF($B11,"*Industry*"),SUMIF('Industry-capacity'!$A$2:$A$6,$B11,'Industry-capacity'!$B$2:$B$6),SUMIF(INDIRECT($C11&"!A$2:A$20"),$B11,INDIRECT($C11&"!B$2:B$20"))),"") -> 120 | J11: =IF(COUNTIF($B11,"*HOB*")+COUNTIF($B11,"*charger*")+COUNTIF($B11,"*disch*")+COUNTIF($B11,"GSHP")+COUNTIF($B11,"EBoil"),C11,"") -> HKI | K11: =IF(ISTEXT($B11),IF(COUNTIF($B11,"*Industry*"),SUMIF('Industry-capacity'!$A$2:$A$6,$B11,'Industry-capacity'!$C$2:$C$6),SUMIF(INDIRECT($C11&"!A$2:A$20"),$B11,INDIRECT($C11&"!C$2:C$20"))),"") -> 0 | L11: =IF(K11=0,"",IF(ISTEXT($B11),IF(COUNTIF($B11,"*Industry*"),"industry",$C11),"")) | M11: =IF(ISTEXT($B11),IF($K11>0,$I11/$K11,""),"") | O11: =IF(SUM($G11)>0,($I11+$K11)/$G11,"") | P11: =IF(SUM($G11)>0,($I11+$K11)/$G11,"") | Q11: =ROUND(VLOOKUP($B11, $Z$6:$AA$32,2,FALSE) * (1+$AD$6) * (1 + IF(C11="",1, VLOOKUP($C11,$AC$8:$AD$15,2,FALSE))), 2) -> 2.12 | S11: =IF(I11<10, "remove", "") | V11: =_xlfn.XLOOKUP(C11,$W$6:$W$13,$X$6:$X$13) -> HKI | W11: OUL | X11: ROF | Z11: elecHOB | AA11: =SUMIFS([1]unittypedata!$S:$S, [1]unittypedata!$D:$D, Z11) -> 1.5 | AC11: TRE | AD11: =LOG(AE11/$AN$8) -> -0.030544122 | AE11: =AN13 -> 42970.925 | AH11: MK04 Satakunta | AI11: 37034.6 | AJ11: 39248 | AK11: 42468.8 | AL11: 46184.5 | AN11: =AVERAGE(AI11:AL11) -> 41233.975
A12: FI00 | B12: heatStorageDischLarge | C12: HKI | D12: all | E12: 1 | F12: dh-level:cities | G12: =IF(ISTEXT($B12),IF(COUNTIF($B12,"*Industry*"),SUMIF('Industry-capacity'!$A$2:$A$6,$B12,'Industry-capacity'!$D$2:$D$6),IF(SUMIF(INDIRECT($C12&"!A$2:A$20"),$B12,INDIRECT($C12&"!D$2:D$20"))>0,SUMIF(INDIRECT($C12&"!A$2:A$20"),$B12,INDIRECT($C12&"!D$2:D$20")),"")),"") | H12: =IF(COUNTIF($B12,"*charger*")+COUNTIF($B12,"*disch*"),$C12,"") -> HKI | I12: =IF(ISTEXT($B12),IF(COUNTIF($B12,"*Industry*"),SUMIF('Industry-capacity'!$A$2:$A$6,$B12,'Industry-capacity'!$B$2:$B$6),SUMIF(INDIRECT($C12&"!A$2:A$20"),$B12,INDIRECT($C12&"!B$2:B$20"))),"") -> 120 | J12: =IF(COUNTIF($B12,"*HOB*")+COUNTIF($B12,"*charger*")+COUNTIF($B12,"*disch*")+COUNTIF($B12,"GSHP")+COUNTIF($B12,"EBoil"),C12,"") -> HKI | K12: =IF(ISTEXT($B12),IF(COUNTIF($B12,"*Industry*"),SUMIF('Industry-capacity'!$A$2:$A$6,$B12,'Industry-capacity'!$C$2:$C$6),SUMIF(INDIRECT($C12&"!A$2:A$20"),$B12,INDIRECT($C12&"!C$2:C$20"))),"") -> 0 | L12: =IF(K12=0,"",IF(ISTEXT($B12),IF(COUNTIF($B12,"*Industry*"),"industry",$C12),"")) | M12: =IF(ISTEXT($B12),IF($K12>0,$I12/$K12,""),"") | O12: =IF(SUM($G12)>0,($I12+$K12)/$G12,"") | P12: =IF(SUM($G12)>0,($I12+$K12)/$G12,"") | Q12: =ROUND(VLOOKUP($B12, $Z$6:$AA$32,2,FALSE) * (1+$AD$6) * (1 + IF(C12="",1, VLOOKUP($C12,$AC$8:$AD$15,2,FALSE))), 2) -> 2.12 | S12: =IF(I12<10, "remove", "") | V12: =_xlfn.XLOOKUP(C12,$W$6:$W$13,$X$6:$X$13) -> HKI | W12: JKL | X12: ROF | Z12: HeatStorageCharger | AA12: =SUMIFS([1]unittypedata!$S:$S, [1]unittypedata!$D:$D, Z12) -> 1.4 | AC12: OUL | AD12: =LOG(AE12/$AN$8) -> -0.037945052 | AE12: =AN26 -> 42244.85 | AH12: MK05 Kanta-Häme | AI12: 35522.7 | AJ12: 37967 | AK12: 38825.3 | AL12: 41105.3 | AN12: =AVERAGE(AI12:AL12) -> 38355.075
A13: FI00 | B13: bioHOB | C13: ESP | D13: all | E13: 1 | F13: dh-level:cities | G13: =IF(ISTEXT($B13),IF(COUNTIF($B13,"*Industry*"),SUMIF('Industry-capacity'!$A$2:$A$6,$B13,'Industry-capacity'!$D$2:$D$6),IF(SUMIF(INDIRECT($C13&"!A$2:A$20"),$B13,INDIRECT($C13&"!D$2:D$20"))>0,SUMIF(INDIRECT($C13&"!A$2:A$20"),$B13,INDIRECT($C13&"!D$2:D$20")),"")),"") | H13: =IF(COUNTIF($B13,"*charger*")+COUNTIF($B13,"*disch*"),$C13,"") | I13: =IF(ISTEXT($B13),IF(COUNTIF($B13,"*Industry*"),SUMIF('Industry-capacity'!$A$2:$A$6,$B13,'Industry-capacity'!$B$2:$B$6),SUMIF(INDIRECT($C13&"!A$2:A$20"),$B13,INDIRECT($C13&"!B$2:B$20"))),"") -> 139 | J13: =IF(COUNTIF($B13,"*HOB*")+COUNTIF($B13,"*charger*")+COUNTIF($B13,"*disch*")+COUNTIF($B13,"GSHP")+COUNTIF($B13,"EBoil"),C13,"") -> ESP | K13: =IF(ISTEXT($B13),IF(COUNTIF($B13,"*Industry*"),SUMIF('Industry-capacity'!$A$2:$A$6,$B13,'Industry-capacity'!$C$2:$C$6),SUMIF(INDIRECT($C13&"!A$2:A$20"),$B13,INDIRECT($C13&"!C$2:C$20"))),"") -> 0 | L13: =IF(K13=0,"",IF(ISTEXT($B13),IF(COUNTIF($B13,"*Industry*"),"industry",$C13),"")) | M13: =IF(ISTEXT($B13),IF($K13>0,$I13/$K13,""),"") | O13: =IF(SUM($G13)>0,($I13+$K13)/$G13,"") | P13: =IF(SUM($G13)>0,($I13+$K13)/$G13,"") | Q13: =ROUND(VLOOKUP($B13, $Z$6:$AA$32,2,FALSE) * (1+$AD$6) * (1 + IF(C13="",1, VLOOKUP($C13,$AC$8:$AD$15,2,FALSE))), 2) -> 2.45 | S13: =IF(I13<10, "remove", "") | V13: =_xlfn.XLOOKUP(C13,$W$6:$W$13,$X$6:$X$13) -> HKI | W13: ROF | X13: ROF | Z13: HeatStorageDisch | AA13: =SUMIFS([1]unittypedata!$S:$S, [1]unittypedata!$D:$D, Z13) -> 1.4 | AC13: TKU | AD13: =LOG(AE13/$AN$8) -> -0.031701111 | AE13: =AN15 -> 42856.6 | AH13: MK06 Pirkanmaa | AI13: 40148.2 | AJ13: 41910.2 | AK13: 44119.8 | AL13: 45705.5 | AN13: =AVERAGE(AI13:AL13) -> 42970.925
A14: FI00 | B14: gasHOB | C14: ESP | D14: all | E14: 1 | F14: dh-level:cities | G14: =IF(ISTEXT($B14),IF(COUNTIF($B14,"*Industry*"),SUMIF('Industry-capacity'!$A$2:$A$6,$B14,'Industry-capacity'!$D$2:$D$6),IF(SUMIF(INDIRECT($C14&"!A$2:A$20"),$B14,INDIRECT($C14&"!D$2:D$20"))>0,SUMIF(INDIRECT($C14&"!A$2:A$20"),$B14,INDIRECT($C14&"!D$2:D$20")),"")),"") | H14: =IF(COUNTIF($B14,"*charger*")+COUNTIF($B14,"*disch*"),$C14,"") | I14: =IF(ISTEXT($B14),IF(COUNTIF($B14,"*Industry*"),SUMIF('Industry-capacity'!$A$2:$A$6,$B14,'Industry-capacity'!$B$2:$B$6),SUMIF(INDIRECT($C14&"!A$2:A$20"),$B14,INDIRECT($C14&"!B$2:B$20"))),"") -> 757.4 | J14: =IF(COUNTIF($B14,"*HOB*")+COUNTIF($B14,"*charger*")+COUNTIF($B14,"*disch*")+COUNTIF($B14,"GSHP")+COUNTIF($B14,"EBoil"),C14,"") -> ESP | K14: =IF(ISTEXT($B14),IF(COUNTIF($B14,"*Industry*"),SUMIF('Industry-capacity'!$A$2:$A$6,$B14,'Industry-capacity'!$C$2:$C$6),SUMIF(INDIRECT($C14&"!A$2:A$20"),$B14,INDIRECT($C14&"!C$2:C$20"))),"") -> 0 | L14: =IF(K14=0,"",IF(ISTEXT($B14),IF(COUNTIF($B14,"*Industry*"),"industry",$C14),"")) | M14: =IF(ISTEXT($B14),IF($K14>0,$I14/$K14,""),"") | O14: =IF(SUM($G14)>0,($I14+$K14)/$G14,"") | P14: =IF(SUM($G14)>0,($I14+$K14)/$G14,"") | Q14: =ROUND(VLOOKUP($B14, $Z$6:$AA$32,2,FALSE) * (1+$AD$6) * (1 + IF(C14="",1, VLOOKUP($C14,$AC$8:$AD$15,2,FALSE))), 2) -> 2.45 | S14: =IF(I14<10, "remove", "") | V14: =_xlfn.XLOOKUP(C14,$W$6:$W$13,$X$6:$X$13) -> HKI | Z14: heatStorageChargerLarge | AA14: =SUMIFS([1]unittypedata!$S:$S, [1]unittypedata!$D:$D, Z14) -> 1.7 | AC14: JKL | AD14: =LOG(AE14/$AN$8) -> -0.080313724 | AE14: =AN20 -> 38318.2 | AH14: MK07 Päijät-Häme | AI14: 32745.5 | AJ14: 34467.9 | AK14: 37686.7 | AL14: 37213.3 | AN14: =AVERAGE(AI14:AL14) -> 35528.35
A15: FI00 | B15: oilHOB | C15: ESP | D15: all | E15: 1 | F15: dh-level:cities | G15: =IF(ISTEXT($B15),IF(COUNTIF($B15,"*Industry*"),SUMIF('Industry-capacity'!$A$2:$A$6,$B15,'Industry-capacity'!$D$2:$D$6),IF(SUMIF(INDIRECT($C15&"!A$2:A$20"),$B15,INDIRECT($C15&"!D$2:D$20"))>0,SUMIF(INDIRECT($C15&"!A$2:A$20"),$B15,INDIRECT($C15&"!D$2:D$20")),"")),"") | H15: =IF(COUNTIF($B15,"*charger*")+COUNTIF($B15,"*disch*"),$C15,"") | I15: =IF(ISTEXT($B15),IF(COUNTIF($B15,"*Industry*"),SUMIF('Industry-capacity'!$A$2:$A$6,$B15,'Industry-capacity'!$B$2:$B$6),SUMIF(INDIRECT($C15&"!A$2:A$20"),$B15,INDIRECT($C15&"!B$2:B$20"))),"") -> 88 | J15: =IF(COUNTIF($B15,"*HOB*")+COUNTIF($B15,"*charger*")+COUNTIF($B15,"*disch*")+COUNTIF($B15,"GSHP")+COUNTIF($B15,"EBoil"),C15,"") -> ESP | K15: =IF(ISTEXT($B15),IF(COUNTIF($B15,"*Industry*"),SUMIF('Industry-capacity'!$A$2:$A$6,$B15,'Industry-capacity'!$C$2:$C$6),SUMIF(INDIRECT($C15&"!A$2:A$20"),$B15,INDIRECT($C15&"!C$2:C$20"))),"") -> 0 | L15: =IF(K15=0,"",IF(ISTEXT($B15),IF(COUNTIF($B15,"*Industry*"),"industry",$C15),"")) | M15: =IF(ISTEXT($B15),IF($K15>0,$I15/$K15,""),"") | O15: =IF(SUM($G15)>0,($I15+$K15)/$G15,"") | P15: =IF(SUM($G15)>0,($I15+$K15)/$G15,"") | Q15: =ROUND(VLOOKUP($B15, $Z$6:$AA$32,2,FALSE) * (1+$AD$6) * (1 + IF(C15="",1, VLOOKUP($C15,$AC$8:$AD$15,2,FALSE))), 2) -> 2.45 | S15: =IF(I15<10, "remove", "") | V15: =_xlfn.XLOOKUP(C15,$W$6:$W$13,$X$6:$X$13) -> HKI | Z15: heatStorageDischLarge | AA15: =SUMIFS([1]unittypedata!$S:$S, [1]unittypedata!$D:$D, Z15) -> 1.7 | AC15: ROF | AD15: =LOG(AE15/$AN$8) -> -0.073056428 | AE15: =AVERAGE(AN14:AN25) -> 38963.898 | AH15: MK08 Kymenlaakso | AI15: 41506.5 | AJ15: 42936.9 | AK15: 44142.6 | AL15: 42840.4 | AN15: =AVERAGE(AI15:AL15) -> 42856.6
A16: FI00 | B16: GSHP | C16: ESP | D16: all | E16: 1 | F16: dh-level:cities | G16: =IF(ISTEXT($B16),IF(COUNTIF($B16,"*Industry*"),SUMIF('Industry-capacity'!$A$2:$A$6,$B16,'Industry-capacity'!$D$2:$D$6),IF(SUMIF(INDIRECT($C16&"!A$2:A$20"),$B16,INDIRECT($C16&"!D$2:D$20"))>0,SUMIF(INDIRECT($C16&"!A$2:A$20"),$B16,INDIRECT($C16&"!D$2:D$20")),"")),"") | H16: =IF(COUNTIF($B16,"*charger*")+COUNTIF($B16,"*disch*"),$C16,"") | I16: =IF(ISTEXT($B16),IF(COUNTIF($B16,"*Industry*"),SUMIF('Industry-capacity'!$A$2:$A$6,$B16,'Industry-capacity'!$B$2:$B$6),SUMIF(INDIRECT($C16&"!A$2:A$20"),$B16,INDIRECT($C16&"!B$2:B$20"))),"") -> 295 | J16: =IF(COUNTIF($B16,"*HOB*")+COUNTIF($B16,"*charger*")+COUNTIF($B16,"*disch*")+COUNTIF($B16,"GSHP")+COUNTIF($B16,"EBoil"),C16,"") -> ESP | K16: =IF(ISTEXT($B16),IF(COUNTIF($B16,"*Industry*"),SUMIF('Industry-capacity'!$A$2:$A$6,$B16,'Industry-capacity'!$C$2:$C$6),SUMIF(INDIRECT($C16&"!A$2:A$20"),$B16,INDIRECT($C16&"!C$2:C$20"))),"") -> 0 | L16: =IF(K16=0,"",IF(ISTEXT($B16),IF(COUNTIF($B16,"*Industry*"),"industry",$C16),"")) | M16: =IF(ISTEXT($B16),IF($K16>0,$I16/$K16,""),"") | O16: =IF(SUM($G16)>0,($I16+$K16)/$G16,"") | P16: =IF(SUM($G16)>0,($I16+$K16)/$G16,"") | Q16: =ROUND(VLOOKUP($B16, $Z$6:$AA$32,2,FALSE) * (1+$AD$6) * (1 + IF(C16="",1, VLOOKUP($C16,$AC$8:$AD$15,2,FALSE))), 2) -> 7.35 | S16: =IF(I16<10, "remove", "") | V16: =_xlfn.XLOOKUP(C16,$W$6:$W$13,$X$6:$X$13) -> HKI | Z16: gasOCGTCHP | AA16: =SUMIFS([1]unittypedata!$S:$S, [1]unittypedata!$D:$D, Z16) -> 1.6 | AH16: MK09 Etelä-Karjala | AI16: 37378.9 | AJ16: 41539.3 | AK16: 43680.1 | AL16: 37688.1 | AN16: =AVERAGE(AI16:AL16) -> 40071.6
A17: FI00 | B17: gasCCGTCHP | C17: ESP | D17: all | E17: 1 | F17: dh-level:cities | G17: =IF(ISTEXT($B17),IF(COUNTIF($B17,"*Industry*"),SUMIF('Industry-capacity'!$A$2:$A$6,$B17,'Industry-capacity'!$D$2:$D$6),IF(SUMIF(INDIRECT($C17&"!A$2:A$20"),$B17,INDIRECT($C17&"!D$2:D$20"))>0,SUMIF(INDIRECT($C17&"!A$2:A$20"),$B17,INDIRECT($C17&"!D$2:D$20")),"")),"") -> 498 | H17: =IF(COUNTIF($B17,"*charger*")+COUNTIF($B17,"*disch*"),$C17,"") | I17: =IF(ISTEXT($B17),IF(COUNTIF($B17,"*Industry*"),SUMIF('Industry-capacity'!$A$2:$A$6,$B17,'Industry-capacity'!$B$2:$B$6),SUMIF(INDIRECT($C17&"!A$2:A$20"),$B17,INDIRECT($C17&"!B$2:B$20"))),"") -> 234 | J17: =IF(COUNTIF($B17,"*HOB*")+COUNTIF($B17,"*charger*")+COUNTIF($B17,"*disch*")+COUNTIF($B17,"GSHP")+COUNTIF($B17,"EBoil"),C17,"") | K17: =IF(ISTEXT($B17),IF(COUNTIF($B17,"*Industry*"),SUMIF('Industry-capacity'!$A$2:$A$6,$B17,'Industry-capacity'!$C$2:$C$6),SUMIF(INDIRECT($C17&"!A$2:A$20"),$B17,INDIRECT($C17&"!C$2:C$20"))),"") -> 213 | L17: =IF(K17=0,"",IF(ISTEXT($B17),IF(COUNTIF($B17,"*Industry*"),"industry",$C17),"")) -> ESP | M17: =IF(ISTEXT($B17),IF($K17>0,$I17/$K17,""),"") -> 1.0985915 | O17: =IF(SUM($G17)>0,($I17+$K17)/$G17,"") -> 0.89759036 | P17: =IF(SUM($G17)>0,($I17+$K17)/$G17,"") -> 0.89759036 | Q17: =ROUND(VLOOKUP($B17, $Z$6:$AA$32,2,FALSE) * (1+$AD$6) * (1 + IF(C17="",1, VLOOKUP($C17,$AC$8:$AD$15,2,FALSE))), 2) -> 1.96 | S17: =IF(I17<10, "remove", "") | V17: =_xlfn.XLOOKUP(C17,$W$6:$W$13,$X$6:$X$13) -> HKI | Z17: wasteHOB | AA17: =SUMIFS([1]unittypedata!$S:$S, [1]unittypedata!$D:$D, Z17) -> 2 | AH17: MK10 Etelä-Savo | AI17: 33034.8 | AJ17: 34167.4 | AK17: 37851 | AL17: 38404.2 | AN17: =AVERAGE(AI17:AL17) -> 35864.35
A18: FI00 | B18: gasOCGTCHP | C18: ESP | D18: all | E18: 1 | F18: dh-level:cities | G18: =IF(ISTEXT($B18),IF(COUNTIF($B18,"*Industry*"),SUMIF('Industry-capacity'!$A$2:$A$6,$B18,'Industry-capacity'!$D$2:$D$6),IF(SUMIF(INDIRECT($C18&"!A$2:A$20"),$B18,INDIRECT($C18&"!D$2:D$20"))>0,SUMIF(INDIRECT($C18&"!A$2:A$20"),$B18,INDIRECT($C18&"!D$2:D$20")),"")),"") -> 132 | H18: =IF(COUNTIF($B18,"*charger*")+COUNTIF($B18,"*disch*"),$C18,"") | I18: =IF(ISTEXT($B18),IF(COUNTIF($B18,"*Industry*"),SUMIF('Industry-capacity'!$A$2:$A$6,$B18,'Industry-capacity'!$B$2:$B$6),SUMIF(INDIRECT($C18&"!A$2:A$20"),$B18,INDIRECT($C18&"!B$2:B$20"))),"") -> 49 | J18: =IF(COUNTIF($B18,"*HOB*")+COUNTIF($B18,"*charger*")+COUNTIF($B18,"*disch*")+COUNTIF($B18,"GSHP")+COUNTIF($B18,"EBoil"),C18,"") | K18: =IF(ISTEXT($B18),IF(COUNTIF($B18,"*Industry*"),SUMIF('Industry-capacity'!$A$2:$A$6,$B18,'Industry-capacity'!$C$2:$C$6),SUMIF(INDIRECT($C18&"!A$2:A$20"),$B18,INDIRECT($C18&"!C$2:C$20"))),"") -> 80 | L18: =IF(K18=0,"",IF(ISTEXT($B18),IF(COUNTIF($B18,"*Industry*"),"industry",$C18),"")) -> ESP | M18: =IF(ISTEXT($B18),IF($K18>0,$I18/$K18,""),"") -> 0.6125 | O18: =IF(SUM($G18)>0,($I18+$K18)/$G18,"") -> 0.97727273 | P18: =IF(SUM($G18)>0,($I18+$K18)/$G18,"") -> 0.97727273 | Q18: =ROUND(VLOOKUP($B18, $Z$6:$AA$32,2,FALSE) * (1+$AD$6) * (1 + IF(C18="",1, VLOOKUP($C18,$AC$8:$AD$15,2,FALSE))), 2) -> 1.96 | S18: =IF(I18<10, "remove", "") | V18: =_xlfn.XLOOKUP(C18,$W$6:$W$13,$X$6:$X$13) -> HKI | Z18: bioCHP | AA18: =SUMIFS([1]unittypedata!$S:$S, [1]unittypedata!$D:$D, Z18) -> 2 | AH18: MK11 Pohjois-Savo | AI18: 35762.4 | AJ18: 37853.5 | AK18: 42190.9 | AL18: 41361.4 | AN18: =AVERAGE(AI18:AL18) -> 39292.05
A19: FI00 | B19: elecHOB | C19: ESP | D19: all | E19: 1 | F19: dh-level:cities | G19: =IF(ISTEXT($B19),IF(COUNTIF($B19,"*Industry*"),SUMIF('Industry-capacity'!$A$2:$A$6,$B19,'Industry-capacity'!$D$2:$D$6),IF(SUMIF(INDIRECT($C19&"!A$2:A$20"),$B19,INDIRECT($C19&"!D$2:D$20"))>0,SUMIF(INDIRECT($C19&"!A$2:A$20"),$B19,INDIRECT($C19&"!D$2:D$20")),"")),"") | H19: =IF(COUNTIF($B19,"*charger*")+COUNTIF($B19,"*disch*"),$C19,"") | I19: =IF(ISTEXT($B19),IF(COUNTIF($B19,"*Industry*"),SUMIF('Industry-capacity'!$A$2:$A$6,$B19,'Industry-capacity'!$B$2:$B$6),SUMIF(INDIRECT($C19&"!A$2:A$20"),$B19,INDIRECT($C19&"!B$2:B$20"))),"") -> 150 | J19: =IF(COUNTIF($B19,"*HOB*")+COUNTIF($B19,"*charger*")+COUNTIF($B19,"*disch*")+COUNTIF($B19,"GSHP")+COUNTIF($B19,"EBoil"),C19,"") -> ESP | K19: =IF(ISTEXT($B19),IF(COUNTIF($B19,"*Industry*"),SUMIF('Industry-capacity'!$A$2:$A$6,$B19,'Industry-capacity'!$C$2:$C$6),SUMIF(INDIRECT($C19&"!A$2:A$20"),$B19,INDIRECT($C19&"!C$2:C$20"))),"") -> 0 | L19: =IF(K19=0,"",IF(ISTEXT($B19),IF(COUNTIF($B19,"*Industry*"),"industry",$C19),"")) | M19: =IF(ISTEXT($B19),IF($K19>0,$I19/$K19,""),"") | O19: =IF(SUM($G19)>0,($I19+$K19)/$G19,"") | P19: =IF(SUM($G19)>0,($I19+$K19)/$G19,"") | Q19: =ROUND(VLOOKUP($B19, $Z$6:$AA$32,2,FALSE) * (1+$AD$6) * (1 + IF(C19="",1, VLOOKUP($C19,$AC$8:$AD$15,2,FALSE))), 2) -> 1.84 | S19: =IF(I19<10, "remove", "") | V19: =_xlfn.XLOOKUP(C19,$W$6:$W$13,$X$6:$X$13) -> HKI | Z19: wasteCHP | AA19: =SUMIFS([1]unittypedata!$S:$S, [1]unittypedata!$D:$D, Z19) -> 2 | AH19: MK12 Pohjois-Karjala | AI19: 32441.6 | AJ19: 35017 | AK19: 37992.4 | AL19: 37688 | AN19: =AVERAGE(AI19:AL19) -> 35784.75
A20: FI00 | B20: HeatStorageCharger | C20: ESP | D20: all | E20: 1 | F20: dh-level:cities | G20: =IF(ISTEXT($B20),IF(COUNTIF($B20,"*Industry*"),SUMIF('Industry-capacity'!$A$2:$A$6,$B20,'Industry-capacity'!$D$2:$D$6),IF(SUMIF(INDIRECT($C20&"!A$2:A$20"),$B20,INDIRECT($C20&"!D$2:D$20"))>0,SUMIF(INDIRECT($C20&"!A$2:A$20"),$B20,INDIRECT($C20&"!D$2:D$20")),"")),"") | H20: =IF(COUNTIF($B20,"*charger*")+COUNTIF($B20,"*disch*"),$C20,"") -> ESP | I20: =IF(ISTEXT($B20),IF(COUNTIF($B20,"*Industry*"),SUMIF('Industry-capacity'!$A$2:$A$6,$B20,'Industry-capacity'!$B$2:$B$6),SUMIF(INDIRECT($C20&"!A$2:A$20"),$B20,INDIRECT($C20&"!B$2:B$20"))),"") -> 280 | J20: =IF(COUNTIF($B20,"*HOB*")+COUNTIF($B20,"*charger*")+COUNTIF($B20,"*disch*")+COUNTIF($B20,"GSHP")+COUNTIF($B20,"EBoil"),C20,"") -> ESP | K20: =IF(ISTEXT($B20),IF(COUNTIF($B20,"*Industry*"),SUMIF('Industry-capacity'!$A$2:$A$6,$B20,'Industry-capacity'!$C$2:$C$6),SUMIF(INDIRECT($C20&"!A$2:A$20"),$B20,INDIRECT($C20&"!C$2:C$20"))),"") -> 0 | L20: =IF(K20=0,"",IF(ISTEXT($B20),IF(COUNTIF($B20,"*Industry*"),"industry",$C20),"")) | M20: =IF(ISTEXT($B20),IF($K20>0,$I20/$K20,""),"") | O20: =IF(SUM($G20)>0,($I20+$K20)/$G20,"") | P20: =IF(SUM($G20)>0,($I20+$K20)/$G20,"") | Q20: =ROUND(VLOOKUP($B20, $Z$6:$AA$32,2,FALSE) * (1+$AD$6) * (1 + IF(C20="",1, VLOOKUP($C20,$AC$8:$AD$15,2,FALSE))), 2) -> 1.72 | S20: =IF(I20<10, "remove", "") | V20: =_xlfn.XLOOKUP(C20,$W$6:$W$13,$X$6:$X$13) -> HKI | Z20: heatStorageChargerSeasonal | AA20: =SUMIFS([1]unittypedata!$S:$S, [1]unittypedata!$D:$D, Z20) -> 2 | AH20: MK13 Keski-Suomi | AI20: 35079.4 | AJ20: 37388.2 | AK20: 40637.5 | AL20: 40167.7 | AN20: =AVERAGE(AI20:AL20) -> 38318.2
A21: FI00 | B21: HeatStorageDisch | C21: ESP | D21: all | E21: 1 | F21: dh-level:cities | G21: =IF(ISTEXT($B21),IF(COUNTIF($B21,"*Industry*"),SUMIF('Industry-capacity'!$A$2:$A$6,$B21,'Industry-capacity'!$D$2:$D$6),IF(SUMIF(INDIRECT($C21&"!A$2:A$20"),$B21,INDIRECT($C21&"!D$2:D$20"))>0,SUMIF(INDIRECT($C21&"!A$2:A$20"),$B21,INDIRECT($C21&"!D$2:D$20")),"")),"") | H21: =IF(COUNTIF($B21,"*charger*")+COUNTIF($B21,"*disch*"),$C21,"") -> ESP | I21: =IF(ISTEXT($B21),IF(COUNTIF($B21,"*Industry*"),SUMIF('Industry-capacity'!$A$2:$A$6,$B21,'Industry-capacity'!$B$2:$B$6),SUMIF(INDIRECT($C21&"!A$2:A$20"),$B21,INDIRECT($C21&"!B$2:B$20"))),"") -> 280 | J21: =IF(COUNTIF($B21,"*HOB*")+COUNTIF($B21,"*charger*")+COUNTIF($B21,"*disch*")+COUNTIF($B21,"GSHP")+COUNTIF($B21,"EBoil"),C21,"") -> ESP | K21: =IF(ISTEXT($B21),IF(COUNTIF($B21,"*Industry*"),SUMIF('Industry-capacity'!$A$2:$A$6,$B21,'Industry-capacity'!$C$2:$C$6),SUMIF(INDIRECT($C21&"!A$2:A$20"),$B21,INDIRECT($C21&"!C$2:C$20"))),"") -> 0 | L21: =IF(K21=0,"",IF(ISTEXT($B21),IF(COUNTIF($B21,"*Industry*"),"industry",$C21),"")) | M21: =IF(ISTEXT($B21),IF($K21>0,$I21/$K21,""),"") | O21: =IF(SUM($G21)>0,($I21+$K21)/$G21,"") | P21: =IF(SUM($G21)>0,($I21+$K21)/$G21,"") | Q21: =ROUND(VLOOKUP($B21, $Z$6:$AA$32,2,FALSE) * (1+$AD$6) * (1 + IF(C21="",1, VLOOKUP($C21,$AC$8:$AD$15,2,FALSE))), 2) -> 1.72 | S21: =IF(I21<10, "remove", "") | V21: =_xlfn.XLOOKUP(C21,$W$6:$W$13,$X$6:$X$13) -> HKI | Z21: heatStorageDischSeasonal | AA21: =SUMIFS([1]unittypedata!$S:$S, [1]unittypedata!$D:$D, Z21) -> 2 | AH21: MK14 Etelä-Pohjanmaa | AI21: 34185.9 | AJ21: 36042.7 | AK21: 38398.4 | AL21: 39673.1 | AN21: =AVERAGE(AI21:AL21) -> 37075.025
A22: FI00 | B22: gasHOB | C22: VAN | D22: all | E22: 1 | F22: dh-level:cities | G22: =IF(ISTEXT($B22),IF(COUNTIF($B22,"*Industry*"),SUMIF('Industry-capacity'!$A$2:$A$6,$B22,'Industry-capacity'!$D$2:$D$6),IF(SUMIF(INDIRECT($C22&"!A$2:A$20"),$B22,INDIRECT($C22&"!D$2:D$20"))>0,SUMIF(INDIRECT($C22&"!A$2:A$20"),$B22,INDIRECT($C22&"!D$2:D$20")),"")),"") | H22: =IF(COUNTIF($B22,"*charger*")+COUNTIF($B22,"*disch*"),$C22,"") | I22: =IF(ISTEXT($B22),IF(COUNTIF($B22,"*Industry*"),SUMIF('Industry-capacity'!$A$2:$A$6,$B22,'Industry-capacity'!$B$2:$B$6),SUMIF(INDIRECT($C22&"!A$2:A$20"),$B22,INDIRECT($C22&"!B$2:B$20"))),"") -> 427 | J22: =IF(COUNTIF($B22,"*HOB*")+COUNTIF($B22,"*charger*")+COUNTIF($B22,"*disch*")+COUNTIF($B22,"GSHP")+COUNTIF($B22,"EBoil"),C22,"") -> VAN | K22: =IF(ISTEXT($B22),IF(COUNTIF($B22,"*Industry*"),SUMIF('Industry-capacity'!$A$2:$A$6,$B22,'Industry-capacity'!$C$2:$C$6),SUMIF(INDIRECT($C22&"!A$2:A$20"),$B22,INDIRECT($C22&"!C$2:C$20"))),"") -> 0 | L22: =IF(K22=0,"",IF(ISTEXT($B22),IF(COUNTIF($B22,"*Industry*"),"industry",$C22),"")) | M22: =IF(ISTEXT($B22),IF($K22>0,$I22/$K22,""),"") | O22: =IF(SUM($G22)>0,($I22+$K22)/$G22,"") | P22: =IF(SUM($G22)>0,($I22+$K22)/$G22,"") | Q22: =ROUND(VLOOKUP($B22, $Z$6:$AA$32,2,FALSE) * (1+$AD$6) * (1 + IF(C22="",1, VLOOKUP($C22,$AC$8:$AD$15,2,FALSE))), 2) -> 2.4 | S22: =IF(I22<10, "remove", "") | V22: =_xlfn.XLOOKUP(C22,$W$6:$W$13,$X$6:$X$13) -> HKI | Z22: bioCHPIndustry | AA22: =SUMIFS([1]unittypedata!$S:$S, [1]unittypedata!$D:$D, Z22) -> 2 | AH22: MK15 Pohjanmaa | AI22: 40232.3 | AJ22: 44224.1 | AK22: 46377.6 | AL22: 49187.3 | AN22: =AVERAGE(AI22:AL22) -> 45005.325
A23: FI00 | B23: oilHOB | C23: VAN | D23: all | E23: 1 | F23: dh-level:cities | G23: =IF(ISTEXT($B23),IF(COUNTIF($B23,"*Industry*"),SUMIF('Industry-capacity'!$A$2:$A$6,$B23,'Industry-capacity'!$D$2:$D$6),IF(SUMIF(INDIRECT($C23&"!A$2:A$20"),$B23,INDIRECT($C23&"!D$2:D$20"))>0,SUMIF(INDIRECT($C23&"!A$2:A$20"),$B23,INDIRECT($C23&"!D$2:D$20")),"")),"") | H23: =IF(COUNTIF($B23,"*charger*")+COUNTIF($B23,"*disch*"),$C23,"") | I23: =IF(ISTEXT($B23),IF(COUNTIF($B23,"*Industry*"),SUMIF('Industry-capacity'!$A$2:$A$6,$B23,'Industry-capacity'!$B$2:$B$6),SUMIF(INDIRECT($C23&"!A$2:A$20"),$B23,INDIRECT($C23&"!B$2:B$20"))),"") -> 92 | J23: =IF(COUNTIF($B23,"*HOB*")+COUNTIF($B23,"*charger*")+COUNTIF($B23,"*disch*")+COUNTIF($B23,"GSHP")+COUNTIF($B23,"EBoil"),C23,"") -> VAN | K23: =IF(ISTEXT($B23),IF(COUNTIF($B23,"*Industry*"),SUMIF('Industry-capacity'!$A$2:$A$6,$B23,'Industry-capacity'!$C$2:$C$6),SUMIF(INDIRECT($C23&"!A$2:A$20"),$B23,INDIRECT($C23&"!C$2:C$20"))),"") -> 0 | L23: =IF(K23=0,"",IF(ISTEXT($B23),IF(COUNTIF($B23,"*Industry*"),"industry",$C23),"")) | M23: =IF(ISTEXT($B23),IF($K23>0,$I23/$K23,""),"") | O23: =IF(SUM($G23)>0,($I23+$K23)/$G23,"") | P23: =IF(SUM($G23)>0,($I23+$K23)/$G23,"") | Q23: =ROUND(VLOOKUP($B23, $Z$6:$AA$32,2,FALSE) * (1+$AD$6) * (1 + IF(C23="",1, VLOOKUP($C23,$AC$8:$AD$15,2,FALSE))), 2) -> 2.4 | S23: =IF(I23<10, "remove", "") | V23: =_xlfn.XLOOKUP(C23,$W$6:$W$13,$X$6:$X$13) -> HKI | Z23: coalCHPIndustry | AA23: =SUMIFS([1]unittypedata!$S:$S, [1]unittypedata!$D:$D, Z23) -> 2 | AH23: MK16 Keski-Pohjanmaa | AI23: 38099.4 | AJ23: 38338 | AK23: 40380.7 | AL23: 45675.7 | AN23: =AVERAGE(AI23:AL23) -> 40623.45
A24: FI00 | B24: wasteHOB | C24: VAN | D24: all | E24: 1 | F24: dh-level:cities | G24: =IF(ISTEXT($B24),IF(COUNTIF($B24,"*Industry*"),SUMIF('Industry-capacity'!$A$2:$A$6,$B24,'Industry-capacity'!$D$2:$D$6),IF(SUMIF(INDIRECT($C24&"!A$2:A$20"),$B24,INDIRECT($C24&"!D$2:D$20"))>0,SUMIF(INDIRECT($C24&"!A$2:A$20"),$B24,INDIRECT($C24&"!D$2:D$20")),"")),"") | H24: =IF(COUNTIF($B24,"*charger*")+COUNTIF($B24,"*disch*"),$C24,"") | I24: =IF(ISTEXT($B24),IF(COUNTIF($B24,"*Industry*"),SUMIF('Industry-capacity'!$A$2:$A$6,$B24,'Industry-capacity'!$B$2:$B$6),SUMIF(INDIRECT($C24&"!A$2:A$20"),$B24,INDIRECT($C24&"!B$2:B$20"))),"") -> 80 | J24: =IF(COUNTIF($B24,"*HOB*")+COUNTIF($B24,"*charger*")+COUNTIF($B24,"*disch*")+COUNTIF($B24,"GSHP")+COUNTIF($B24,"EBoil"),C24,"") -> VAN | K24: =IF(ISTEXT($B24),IF(COUNTIF($B24,"*Industry*"),SUMIF('Industry-capacity'!$A$2:$A$6,$B24,'Industry-capacity'!$C$2:$C$6),SUMIF(INDIRECT($C24&"!A$2:A$20"),$B24,INDIRECT($C24&"!C$2:C$20"))),"") -> 0 | L24: =IF(K24=0,"",IF(ISTEXT($B24),IF(COUNTIF($B24,"*Industry*"),"industry",$C24),"")) | M24: =IF(ISTEXT($B24),IF($K24>0,$I24/$K24,""),"") | O24: =IF(SUM($G24)>0,($I24+$K24)/$G24,"") | P24: =IF(SUM($G24)>0,($I24+$K24)/$G24,"") | Q24: =ROUND(VLOOKUP($B24, $Z$6:$AA$32,2,FALSE) * (1+$AD$6) * (1 + IF(C24="",1, VLOOKUP($C24,$AC$8:$AD$15,2,FALSE))), 2) -> 2.4 | S24: =IF(I24<10, "remove", "") | V24: =_xlfn.XLOOKUP(C24,$W$6:$W$13,$X$6:$X$13) -> HKI | Z24: gasCHPIndustry | AA24: =SUMIFS([1]unittypedata!$S:$S, [1]unittypedata!$D:$D, Z24) -> 2 | AH24: MK17 Pohjois-Pohjanmaa | AI24: 36433.7 | AJ24: 39159.1 | AK24: 41654.2 | AL24: 42483.9 | AN24: =AVERAGE(AI24:AL24) -> 39932.725
A25: FI00 | B25: gasCCGTCHP | C25: VAN | D25: all | E25: 1 | F25: dh-level:cities | G25: =IF(ISTEXT($B25),IF(COUNTIF($B25,"*Industry*"),SUMIF('Industry-capacity'!$A$2:$A$6,$B25,'Industry-capacity'!$D$2:$D$6),IF(SUMIF(INDIRECT($C25&"!A$2:A$20"),$B25,INDIRECT($C25&"!D$2:D$20"))>0,SUMIF(INDIRECT($C25&"!A$2:A$20"),$B25,INDIRECT($C25&"!D$2:D$20")),"")),"") -> 220 | H25: =IF(COUNTIF($B25,"*charger*")+COUNTIF($B25,"*disch*"),$C25,"") | I25: =IF(ISTEXT($B25),IF(COUNTIF($B25,"*Industry*"),SUMIF('Industry-capacity'!$A$2:$A$6,$B25,'Industry-capacity'!$B$2:$B$6),SUMIF(INDIRECT($C25&"!A$2:A$20"),$B25,INDIRECT($C25&"!B$2:B$20"))),"") -> 88 | J25: =IF(COUNTIF($B25,"*HOB*")+COUNTIF($B25,"*charger*")+COUNTIF($B25,"*disch*")+COUNTIF($B25,"GSHP")+COUNTIF($B25,"EBoil"),C25,"") | K25: =IF(ISTEXT($B25),IF(COUNTIF($B25,"*Industry*"),SUMIF('Industry-capacity'!$A$2:$A$6,$B25,'Industry-capacity'!$C$2:$C$6),SUMIF(INDIRECT($C25&"!A$2:A$20"),$B25,INDIRECT($C25&"!C$2:C$20"))),"") -> 90 | L25: =IF(K25=0,"",IF(ISTEXT($B25),IF(COUNTIF($B25,"*Industry*"),"industry",$C25),"")) -> VAN | M25: =IF(ISTEXT($B25),IF($K25>0,$I25/$K25,""),"") -> 0.97777778 | O25: =IF(SUM($G25)>0,($I25+$K25)/$G25,"") -> 0.80909091 | P25: =IF(SUM($G25)>0,($I25+$K25)/$G25,"") -> 0.80909091 | Q25: =ROUND(VLOOKUP($B25, $Z$6:$AA$32,2,FALSE) * (1+$AD$6) * (1 + IF(C25="",1, VLOOKUP($C25,$AC$8:$AD$15,2,FALSE))), 2) -> 1.92 | S25: =IF(I25<10, "remove", "") | V25: =_xlfn.XLOOKUP(C25,$W$6:$W$13,$X$6:$X$13) -> HKI | Z25: gasCCGTOld2 | AA25: =SUMIFS([1]unittypedata!$S:$S, [1]unittypedata!$D:$D, Z25) -> 2.6 | AH25: MK18 Kainuu | AI25: 33797.5 | AJ25: 35109.9 | AK25: 42144.7 | AL25: 37805.3 | AN25: =AVERAGE(AI25:AL25) -> 37214.35
A26: FI00 | B26: bioCHP | C26: VAN | D26: all | E26: 1 | F26: dh-level:cities | G26: =IF(ISTEXT($B26),IF(COUNTIF($B26,"*Industry*"),SUMIF('Industry-capacity'!$A$2:$A$6,$B26,'Industry-capacity'!$D$2:$D$6),IF(SUMIF(INDIRECT($C26&"!A$2:A$20"),$B26,INDIRECT($C26&"!D$2:D$20"))>0,SUMIF(INDIRECT($C26&"!A$2:A$20"),$B26,INDIRECT($C26&"!D$2:D$20")),"")),"") -> 120 | H26: =IF(COUNTIF($B26,"*charger*")+COUNTIF($B26,"*disch*"),$C26,"") | I26: =IF(ISTEXT($B26),IF(COUNTIF($B26,"*Industry*"),SUMIF('Industry-capacity'!$A$2:$A$6,$B26,'Industry-capacity'!$B$2:$B$6),SUMIF(INDIRECT($C26&"!A$2:A$20"),$B26,INDIRECT($C26&"!B$2:B$20"))),"") -> 28 | J26: =IF(COUNTIF($B26,"*HOB*")+COUNTIF($B26,"*charger*")+COUNTIF($B26,"*disch*")+COUNTIF($B26,"GSHP")+COUNTIF($B26,"EBoil"),C26,"") | K26: =IF(ISTEXT($B26),IF(COUNTIF($B26,"*Industry*"),SUMIF('Industry-capacity'!$A$2:$A$6,$B26,'Industry-capacity'!$C$2:$C$6),SUMIF(INDIRECT($C26&"!A$2:A$20"),$B26,INDIRECT($C26&"!C$2:C$20"))),"") -> 105 | L26: =IF(K26=0,"",IF(ISTEXT($B26),IF(COUNTIF($B26,"*Industry*"),"industry",$C26),"")) -> VAN | M26: =IF(ISTEXT($B26),IF($K26>0,$I26/$K26,""),"") -> 0.26666667 | O26: =IF(SUM($G26)>0,($I26+$K26)/$G26,"") -> 1.1083333 | P26: =IF(SUM($G26)>0,($I26+$K26)/$G26,"") -> 1.1083333 | Q26: =ROUND(VLOOKUP($B26, $Z$6:$AA$32,2,FALSE) * (1+$AD$6) * (1 + IF(C26="",1, VLOOKUP($C26,$AC$8:$AD$15,2,FALSE))), 2) -> 2.4 | S26: =IF(I26<10, "remove", "") | V26: =_xlfn.XLOOKUP(C26,$W$6:$W$13,$X$6:$X$13) -> HKI | Z26: gasCCGTpresent1 | AA26: =SUMIFS([1]unittypedata!$S:$S, [1]unittypedata!$D:$D, Z26) -> 2.6 | AH26: MK19 Lappi | AI26: 38277.2 | AJ26: 39167.2 | AK26: 46665.3 | AL26: 44869.7 | AN26: =AVERAGE(AI26:AL26) -> 42244.85
A27: FI00 | B27: wasteCHP | C27: VAN | D27: all | E27: 1 | F27: dh-level:cities | G27: =IF(ISTEXT($B27),IF(COUNTIF($B27,"*Industry*"),SUMIF('Industry-capacity'!$A$2:$A$6,$B27,'Industry-capacity'!$D$2:$D$6),IF(SUMIF(INDIRECT($C27&"!A$2:A$20"),$B27,INDIRECT($C27&"!D$2:D$20"))>0,SUMIF(INDIRECT($C27&"!A$2:A$20"),$B27,INDIRECT($C27&"!D$2:D$20")),"")),"") -> 202 | H27: =IF(COUNTIF($B27,"*charger*")+COUNTIF($B27,"*disch*"),$C27,"") | I27: =IF(ISTEXT($B27),IF(COUNTIF($B27,"*Industry*"),SUMIF('Industry-capacity'!$A$2:$A$6,$B27,'Industry-capacity'!$B$2:$B$6),SUMIF(INDIRECT($C27&"!A$2:A$20"),$B27,INDIRECT($C27&"!B$2:B$20"))),"") -> 76.4 | J27: =IF(COUNTIF($B27,"*HOB*")+COUNTIF($B27,"*charger*")+COUNTIF($B27,"*disch*")+COUNTIF($B27,"GSHP")+COUNTIF($B27,"EBoil"),C27,"") | K27: =IF(ISTEXT($B27),IF(COUNTIF($B27,"*Industry*"),SUMIF('Industry-capacity'!$A$2:$A$6,$B27,'Industry-capacity'!$C$2:$C$6),SUMIF(INDIRECT($C27&"!A$2:A$20"),$B27,INDIRECT($C27&"!C$2:C$20"))),"") -> 147 | L27: =IF(K27=0,"",IF(ISTEXT($B27),IF(COUNTIF($B27,"*Industry*"),"industry",$C27),"")) -> VAN | M27: =IF(ISTEXT($B27),IF($K27>0,$I27/$K27,""),"") -> 0.51972789 | O27: =IF(SUM($G27)>0,($I27+$K27)/$G27,"") -> 1.1059406 | P27: =IF(SUM($G27)>0,($I27+$K27)/$G27,"") -> 1.1059406 | Q27: =ROUND(VLOOKUP($B27, $Z$6:$AA$32,2,FALSE) * (1+$AD$6) * (1 + IF(C27="",1, VLOOKUP($C27,$AC$8:$AD$15,2,FALSE))), 2) -> 2.4 | S27: =IF(I27<10, "remove", "") | V27: =_xlfn.XLOOKUP(C27,$W$6:$W$13,$X$6:$X$13) -> HKI | Z27: gasOCGTnew | AA27: =SUMIFS([1]unittypedata!$S:$S, [1]unittypedata!$D:$D, Z27) -> 2.6 | AH27: MK21 Ahvenanmaa | AI27: 39532.8 | AJ27: 44250.6 | AK27: 48917.6 | AL27: 53681.8 | AN27: =AVERAGE(AI27:AL27) -> 46595.7
A28: FI00 | B28: elecHOB | C28: VAN | D28: all | E28: 1 | F28: dh-level:cities | G28: =IF(ISTEXT($B28),IF(COUNTIF($B28,"*Industry*"),SUMIF('Industry-capacity'!$A$2:$A$6,$B28,'Industry-capacity'!$D$2:$D$6),IF(SUMIF(INDIRECT($C28&"!A$2:A$20"),$B28,INDIRECT($C28&"!D$2:D$20"))>0,SUMIF(INDIRECT($C28&"!A$2:A$20"),$B28,INDIRECT($C28&"!D$2:D$20")),"")),"") | H28: =IF(COUNTIF($B28,"*charger*")+COUNTIF($B28,"*disch*"),$C28,"") | I28: =IF(ISTEXT($B28),IF(COUNTIF($B28,"*Industry*"),SUMIF('Industry-capacity'!$A$2:$A$6,$B28,'Industry-capacity'!$B$2:$B$6),SUMIF(INDIRECT($C28&"!A$2:A$20"),$B28,INDIRECT($C28&"!B$2:B$20"))),"") -> 180 | J28: =IF(COUNTIF($B28,"*HOB*")+COUNTIF($B28,"*charger*")+COUNTIF($B28,"*disch*")+COUNTIF($B28,"GSHP")+COUNTIF($B28,"EBoil"),C28,"") -> VAN | K28: =IF(ISTEXT($B28),IF(COUNTIF($B28,"*Industry*"),SUMIF('Industry-capacity'!$A$2:$A$6,$B28,'Industry-capacity'!$C$2:$C$6),SUMIF(INDIRECT($C28&"!A$2:A$20"),$B28,INDIRECT($C28&"!C$2:C$20"))),"") -> 0 | L28: =IF(K28=0,"",IF(ISTEXT($B28),IF(COUNTIF($B28,"*Industry*"),"industry",$C28),"")) | M28: =IF(ISTEXT($B28),IF($K28>0,$I28/$K28,""),"") | O28: =IF(SUM($G28)>0,($I28+$K28)/$G28,"") | P28: =IF(SUM($G28)>0,($I28+$K28)/$G28,"") | Q28: =ROUND(VLOOKUP($B28, $Z$6:$AA$32,2,FALSE) * (1+$AD$6) * (1 + IF(C28="",1, VLOOKUP($C28,$AC$8:$AD$15,2,FALSE))), 2) -> 1.8 | S28: =IF(I28<10, "remove", "") | V28: =_xlfn.XLOOKUP(C28,$W$6:$W$13,$X$6:$X$13) -> HKI | Z28: gasOCGTold | AA28: =SUMIFS([1]unittypedata!$S:$S, [1]unittypedata!$D:$D, Z28) -> 2.6
A29: FI00 | B29: GSHP | C29: VAN | D29: all | E29: 1 | F29: dh-level:cities | G29: =IF(ISTEXT($B29),IF(COUNTIF($B29,"*Industry*"),SUMIF('Industry-capacity'!$A$2:$A$6,$B29,'Industry-capacity'!$D$2:$D$6),IF(SUMIF(INDIRECT($C29&"!A$2:A$20"),$B29,INDIRECT($C29&"!D$2:D$20"))>0,SUMIF(INDIRECT($C29&"!A$2:A$20"),$B29,INDIRECT($C29&"!D$2:D$20")),"")),"") | H29: =IF(COUNTIF($B29,"*charger*")+COUNTIF($B29,"*disch*"),$C29,"") | I29: =IF(ISTEXT($B29),IF(COUNTIF($B29,"*Industry*"),SUMIF('Industry-capacity'!$A$2:$A$6,$B29,'Industry-capacity'!$B$2:$B$6),SUMIF(INDIRECT($C29&"!A$2:A$20"),$B29,INDIRECT($C29&"!B$2:B$20"))),"") -> 35 | J29: =IF(COUNTIF($B29,"*HOB*")+COUNTIF($B29,"*charger*")+COUNTIF($B29,"*disch*")+COUNTIF($B29,"GSHP")+COUNTIF($B29,"EBoil"),C29,"") -> VAN | K29: =IF(ISTEXT($B29),IF(COUNTIF($B29,"*Industry*"),SUMIF('Industry-capacity'!$A$2:$A$6,$B29,'Industry-capacity'!$C$2:$C$6),SUMIF(INDIRECT($C29&"!A$2:A$20"),$B29,INDIRECT($C29&"!C$2:C$20"))),"") -> 0 | L29: =IF(K29=0,"",IF(ISTEXT($B29),IF(COUNTIF($B29,"*Industry*"),"industry",$C29),"")) | M29: =IF(ISTEXT($B29),IF($K29>0,$I29/$K29,""),"") | O29: =IF(SUM($G29)>0,($I29+$K29)/$G29,"") | P29: =IF(SUM($G29)>0,($I29+$K29)/$G29,"") | Q29: =ROUND(VLOOKUP($B29, $Z$6:$AA$32,2,FALSE) * (1+$AD$6) * (1 + IF(C29="",1, VLOOKUP($C29,$AC$8:$AD$15,2,FALSE))), 2) -> 7.21 | S29: =IF(I29<10, "remove", "") | V29: =_xlfn.XLOOKUP(C29,$W$6:$W$13,$X$6:$X$13) -> HKI | Z29: coalOld1 | AA29: =SUMIFS([1]unittypedata!$S:$S, [1]unittypedata!$D:$D, Z29) -> 3.3
A30: FI00 | B30: bioHOB | C30: VAN | D30: all | E30: 1 | F30: dh-level:cities | G30: =IF(ISTEXT($B30),IF(COUNTIF($B30,"*Industry*"),SUMIF('Industry-capacity'!$A$2:$A$6,$B30,'Industry-capacity'!$D$2:$D$6),IF(SUMIF(INDIRECT($C30&"!A$2:A$20"),$B30,INDIRECT($C30&"!D$2:D$20"))>0,SUMIF(INDIRECT($C30&"!A$2:A$20"),$B30,INDIRECT($C30&"!D$2:D$20")),"")),"") | H30: =IF(COUNTIF($B30,"*charger*")+COUNTIF($B30,"*disch*"),$C30,"") | I30: =IF(ISTEXT($B30),IF(COUNTIF($B30,"*Industry*"),SUMIF('Industry-capacity'!$A$2:$A$6,$B30,'Industry-capacity'!$B$2:$B$6),SUMIF(INDIRECT($C30&"!A$2:A$20"),$B30,INDIRECT($C30&"!B$2:B$20"))),"") -> 23 | J30: =IF(COUNTIF($B30,"*HOB*")+COUNTIF($B30,"*charger*")+COUNTIF($B30,"*disch*")+COUNTIF($B30,"GSHP")+COUNTIF($B30,"EBoil"),C30,"") -> VAN | K30: =IF(ISTEXT($B30),IF(COUNTIF($B30,"*Industry*"),SUMIF('Industry-capacity'!$A$2:$A$6,$B30,'Industry-capacity'!$C$2:$C$6),SUMIF(INDIRECT($C30&"!A$2:A$20"),$B30,INDIRECT($C30&"!C$2:C$20"))),"") -> 0 | L30: =IF(K30=0,"",IF(ISTEXT($B30),IF(COUNTIF($B30,"*Industry*"),"industry",$C30),"")) | M30: =IF(ISTEXT($B30),IF($K30>0,$I30/$K30,""),"") | O30: =IF(SUM($G30)>0,($I30+$K30)/$G30,"") | P30: =IF(SUM($G30)>0,($I30+$K30)/$G30,"") | Q30: =ROUND(VLOOKUP($B30, $Z$6:$AA$32,2,FALSE) * (1+$AD$6) * (1 + IF(C30="",1, VLOOKUP($C30,$AC$8:$AD$15,2,FALSE))), 2) -> 2.4 | S30: =IF(I30<10, "remove", "") | V30: =_xlfn.XLOOKUP(C30,$W$6:$W$13,$X$6:$X$13) -> HKI | Z30: bioCoalNew | AA30: =SUMIFS([1]unittypedata!$S:$S, [1]unittypedata!$D:$D, Z30) -> 3.3
A31: FI00 | B31: HeatStorageCharger | C31: VAN | D31: all | E31: 1 | F31: dh-level:cities | G31: =IF(ISTEXT($B31),IF(COUNTIF($B31,"*Industry*"),SUMIF('Industry-capacity'!$A$2:$A$6,$B31,'Industry-capacity'!$D$2:$D$6),IF(SUMIF(INDIRECT($C31&"!A$2:A$20"),$B31,INDIRECT($C31&"!D$2:D$20"))>0,SUMIF(INDIRECT($C31&"!A$2:A$20"),$B31,INDIRECT($C31&"!D$2:D$20")),"")),"") | H31: =IF(COUNTIF($B31,"*charger*")+COUNTIF($B31,"*disch*"),$C31,"") -> VAN | I31: =IF(ISTEXT($B31),IF(COUNTIF($B31,"*Industry*"),SUMIF('Industry-capacity'!$A$2:$A$6,$B31,'Industry-capacity'!$B$2:$B$6),SUMIF(INDIRECT($C31&"!A$2:A$20"),$B31,INDIRECT($C31&"!B$2:B$20"))),"") -> 180 | J31: =IF(COUNTIF($B31,"*HOB*")+COUNTIF($B31,"*charger*")+COUNTIF($B31,"*disch*")+COUNTIF($B31,"GSHP")+COUNTIF($B31,"EBoil"),C31,"") -> VAN | K31: =IF(ISTEXT($B31),IF(COUNTIF($B31,"*Industry*"),SUMIF('Industry-capacity'!$A$2:$A$6,$B31,'Industry-capacity'!$C$2:$C$6),SUMIF(INDIRECT($C31&"!A$2:A$20"),$B31,INDIRECT($C31&"!C$2:C$20"))),"") -> 0 | L31: =IF(K31=0,"",IF(ISTEXT($B31),IF(COUNTIF($B31,"*Industry*"),"industry",$C31),"")) | M31: =IF(ISTEXT($B31),IF($K31>0,$I31/$K31,""),"") | O31: =IF(SUM($G31)>0,($I31+$K31)/$G31,"") | P31: =IF(SUM($G31)>0,($I31+$K31)/$G31,"") | Q31: =ROUND(VLOOKUP($B31, $Z$6:$AA$32,2,FALSE) * (1+$AD$6) * (1 + IF(C31="",1, VLOOKUP($C31,$AC$8:$AD$15,2,FALSE))), 2) -> 1.68 | S31: =IF(I31<10, "remove", "") | V31: =_xlfn.XLOOKUP(C31,$W$6:$W$13,$X$6:$X$13) -> HKI | Z31: bioCoalOld | AA31: =SUMIFS([1]unittypedata!$S:$S, [1]unittypedata!$D:$D, Z31) -> 3.3
A32: FI00 | B32: HeatStorageDisch | C32: VAN | D32: all | E32: 1 | F32: dh-level:cities | G32: =IF(ISTEXT($B32),IF(COUNTIF($B32,"*Industry*"),SUMIF('Industry-capacity'!$A$2:$A$6,$B32,'Industry-capacity'!$D$2:$D$6),IF(SUMIF(INDIRECT($C32&"!A$2:A$20"),$B32,INDIRECT($C32&"!D$2:D$20"))>0,SUMIF(INDIRECT($C32&"!A$2:A$20"),$B32,INDIRECT($C32&"!D$2:D$20")),"")),"") | H32: =IF(COUNTIF($B32,"*charger*")+COUNTIF($B32,"*disch*"),$C32,"") -> VAN | I32: =IF(ISTEXT($B32),IF(COUNTIF($B32,"*Industry*"),SUMIF('Industry-capacity'!$A$2:$A$6,$B32,'Industry-capacity'!$B$2:$B$6),SUMIF(INDIRECT($C32&"!A$2:A$20"),$B32,INDIRECT($C32&"!B$2:B$20"))),"") -> 180 | J32: =IF(COUNTIF($B32,"*HOB*")+COUNTIF($B32,"*charger*")+COUNTIF($B32,"*disch*")+COUNTIF($B32,"GSHP")+COUNTIF($B32,"EBoil"),C32,"") -> VAN | K32: =IF(ISTEXT($B32),IF(COUNTIF($B32,"*Industry*"),SUMIF('Industry-capacity'!$A$2:$A$6,$B32,'Industry-capacity'!$C$2:$C$6),SUMIF(INDIRECT($C32&"!A$2:A$20"),$B32,INDIRECT($C32&"!C$2:C$20"))),"") -> 0 | L32: =IF(K32=0,"",IF(ISTEXT($B32),IF(COUNTIF($B32,"*Industry*"),"industry",$C32),"")) | M32: =IF(ISTEXT($B32),IF($K32>0,$I32/$K32,""),"") | O32: =IF(SUM($G32)>0,($I32+$K32)/$G32,"") | P32: =IF(SUM($G32)>0,($I32+$K32)/$G32,"") | Q32: =ROUND(VLOOKUP($B32, $Z$6:$AA$32,2,FALSE) * (1+$AD$6) * (1 + IF(C32="",1, VLOOKUP($C32,$AC$8:$AD$15,2,FALSE))), 2) -> 1.68 | S32: =IF(I32<10, "remove", "") | V32: =_xlfn.XLOOKUP(C32,$W$6:$W$13,$X$6:$X$13) -> HKI | Z32: bioCoalOld2 | AA32: =SUMIFS([1]unittypedata!$S:$S, [1]unittypedata!$D:$D, Z32) -> 3.3
A33: FI00 | B33: heatStorageChargerSeasonal | C33: VAN | D33: all | E33: 1 | F33: dh-level:cities | G33: =IF(ISTEXT($B33),IF(COUNTIF($B33,"*Industry*"),SUMIF('Industry-capacity'!$A$2:$A$6,$B33,'Industry-capacity'!$D$2:$D$6),IF(SUMIF(INDIRECT($C33&"!A$2:A$20"),$B33,INDIRECT($C33&"!D$2:D$20"))>0,SUMIF(INDIRECT($C33&"!A$2:A$20"),$B33,INDIRECT($C33&"!D$2:D$20")),"")),"") | H33: =IF(COUNTIF($B33,"*charger*")+COUNTIF($B33,"*disch*"),$C33,"") -> VAN | I33: =IF(ISTEXT($B33),IF(COUNTIF($B33,"*Industry*"),SUMIF('Industry-capacity'!$A$2:$A$6,$B33,'Industry-capacity'!$B$2:$B$6),SUMIF(INDIRECT($C33&"!A$2:A$20"),$B33,INDIRECT($C33&"!B$2:B$20"))),"") -> 200 | J33: =IF(COUNTIF($B33,"*HOB*")+COUNTIF($B33,"*charger*")+COUNTIF($B33,"*disch*")+COUNTIF($B33,"GSHP")+COUNTIF($B33,"EBoil"),C33,"") -> VAN | K33: =IF(ISTEXT($B33),IF(COUNTIF($B33,"*Industry*"),SUMIF('Industry-capacity'!$A$2:$A$6,$B33,'Industry-capacity'!$C$2:$C$6),SUMIF(INDIRECT($C33&"!A$2:A$20"),$B33,INDIRECT($C33&"!C$2:C$20"))),"") -> 0 | L33: =IF(K33=0,"",IF(ISTEXT($B33),IF(COUNTIF($B33,"*Industry*"),"industry",$C33),"")) | M33: =IF(ISTEXT($B33),IF($K33>0,$I33/$K33,""),"") | O33: =IF(SUM($G33)>0,($I33+$K33)/$G33,"") | P33: =IF(SUM($G33)>0,($I33+$K33)/$G33,"") | Q33: =ROUND(VLOOKUP($B33, $Z$6:$AA$32,2,FALSE) * (1+$AD$6) * (1 + IF(C33="",1, VLOOKUP($C33,$AC$8:$AD$15,2,FALSE))), 2) -> 2.4 | S33: =IF(I33<10, "remove", "") | V33: =_xlfn.XLOOKUP(C33,$W$6:$W$13,$X$6:$X$13) -> HKI
A34: FI00 | B34: heatStorageDischSeasonal | C34: VAN | D34: all | E34: 1 | F34: dh-level:cities | G34: =IF(ISTEXT($B34),IF(COUNTIF($B34,"*Industry*"),SUMIF('Industry-capacity'!$A$2:$A$6,$B34,'Industry-capacity'!$D$2:$D$6),IF(SUMIF(INDIRECT($C34&"!A$2:A$20"),$B34,INDIRECT($C34&"!D$2:D$20"))>0,SUMIF(INDIRECT($C34&"!A$2:A$20"),$B34,INDIRECT($C34&"!D$2:D$20")),"")),"") | H34: =IF(COUNTIF($B34,"*charger*")+COUNTIF($B34,"*disch*"),$C34,"") -> VAN | I34: =IF(ISTEXT($B34),IF(COUNTIF($B34,"*Industry*"),SUMIF('Industry-capacity'!$A$2:$A$6,$B34,'Industry-capacity'!$B$2:$B$6),SUMIF(INDIRECT($C34&"!A$2:A$20"),$B34,INDIRECT($C34&"!B$2:B$20"))),"") -> 200 | J34: =IF(COUNTIF($B34,"*HOB*")+COUNTIF($B34,"*charger*")+COUNTIF($B34,"*disch*")+COUNTIF($B34,"GSHP")+COUNTIF($B34,"EBoil"),C34,"") -> VAN | K34: =IF(ISTEXT($B34),IF(COUNTIF($B34,"*Industry*"),SUMIF('Industry-capacity'!$A$2:$A$6,$B34,'Industry-capacity'!$C$2:$C$6),SUMIF(INDIRECT($C34&"!A$2:A$20"),$B34,INDIRECT($C34&"!C$2:C$20"))),"") -> 0 | L34: =IF(K34=0,"",IF(ISTEXT($B34),IF(COUNTIF($B34,"*Industry*"),"industry",$C34),"")) | M34: =IF(ISTEXT($B34),IF($K34>0,$I34/$K34,""),"") | O34: =IF(SUM($G34)>0,($I34+$K34)/$G34,"") | P34: =IF(SUM($G34)>0,($I34+$K34)/$G34,"") | Q34: =ROUND(VLOOKUP($B34, $Z$6:$AA$32,2,FALSE) * (1+$AD$6) * (1 + IF(C34="",1, VLOOKUP($C34,$AC$8:$AD$15,2,FALSE))), 2) -> 2.4 | S34: =IF(I34<10, "remove", "") | V34: =_xlfn.XLOOKUP(C34,$W$6:$W$13,$X$6:$X$13) -> HKI
A35: FI00 | B35: gasHOB | C35: TRE | D35: all | E35: 1 | F35: dh-level:cities | G35: =IF(ISTEXT($B35),IF(COUNTIF($B35,"*Industry*"),SUMIF('Industry-capacity'!$A$2:$A$6,$B35,'Industry-capacity'!$D$2:$D$6),IF(SUMIF(INDIRECT($C35&"!A$2:A$20"),$B35,INDIRECT($C35&"!D$2:D$20"))>0,SUMIF(INDIRECT($C35&"!A$2:A$20"),$B35,INDIRECT($C35&"!D$2:D$20")),"")),"") | H35: =IF(COUNTIF($B35,"*charger*")+COUNTIF($B35,"*disch*"),$C35,"") | I35: =IF(ISTEXT($B35),IF(COUNTIF($B35,"*Industry*"),SUMIF('Industry-capacity'!$A$2:$A$6,$B35,'Industry-capacity'!$B$2:$B$6),SUMIF(INDIRECT($C35&"!A$2:A$20"),$B35,INDIRECT($C35&"!B$2:B$20"))),"") -> 235 | J35: =IF(COUNTIF($B35,"*HOB*")+COUNTIF($B35,"*charger*")+COUNTIF($B35,"*disch*")+COUNTIF($B35,"GSHP")+COUNTIF($B35,"EBoil"),C35,"") -> TRE | K35: =IF(ISTEXT($B35),IF(COUNTIF($B35,"*Industry*"),SUMIF('Industry-capacity'!$A$2:$A$6,$B35,'Industry-capacity'!$C$2:$C$6),SUMIF(INDIRECT($C35&"!A$2:A$20"),$B35,INDIRECT($C35&"!C$2:C$20"))),"") -> 0 | L35: =IF(K35=0,"",IF(ISTEXT($B35),IF(COUNTIF($B35,"*Industry*"),"industry",$C35),"")) | M35: =IF(ISTEXT($B35),IF($K35>0,$I35/$K35,""),"") | O35: =IF(SUM($G35)>0,($I35+$K35)/$G35,"") | P35: =IF(SUM($G35)>0,($I35+$K35)/$G35,"") | Q35: =ROUND(VLOOKUP($B35, $Z$6:$AA$32,2,FALSE) * (1+$AD$6) * (1 + IF(C35="",1, VLOOKUP($C35,$AC$8:$AD$15,2,FALSE))), 2) -> 2.15 | S35: =IF(I35<10, "remove", "") | V35: =_xlfn.XLOOKUP(C35,$W$6:$W$13,$X$6:$X$13) -> ROF
A36: FI00 | B36: oilHOB | C36: TRE | D36: all | E36: 1 | F36: dh-level:cities | G36: =IF(ISTEXT($B36),IF(COUNTIF($B36,"*Industry*"),SUMIF('Industry-capacity'!$A$2:$A$6,$B36,'Industry-capacity'!$D$2:$D$6),IF(SUMIF(INDIRECT($C36&"!A$2:A$20"),$B36,INDIRECT($C36&"!D$2:D$20"))>0,SUMIF(INDIRECT($C36&"!A$2:A$20"),$B36,INDIRECT($C36&"!D$2:D$20")),"")),"") | H36: =IF(COUNTIF($B36,"*charger*")+COUNTIF($B36,"*disch*"),$C36,"") | I36: =IF(ISTEXT($B36),IF(COUNTIF($B36,"*Industry*"),SUMIF('Industry-capacity'!$A$2:$A$6,$B36,'Industry-capacity'!$B$2:$B$6),SUMIF(INDIRECT($C36&"!A$2:A$20"),$B36,INDIRECT($C36&"!B$2:B$20"))),"") -> 305 | J36: =IF(COUNTIF($B36,"*HOB*")+COUNTIF($B36,"*charger*")+COUNTIF($B36,"*disch*")+COUNTIF($B36,"GSHP")+COUNTIF($B36,"EBoil"),C36,"") -> TRE | K36: =IF(ISTEXT($B36),IF(COUNTIF($B36,"*Industry*"),SUMIF('Industry-capacity'!$A$2:$A$6,$B36,'Industry-capacity'!$C$2:$C$6),SUMIF(INDIRECT($C36&"!A$2:A$20"),$B36,INDIRECT($C36&"!C$2:C$20"))),"") -> 0 | L36: =IF(K36=0,"",IF(ISTEXT($B36),IF(COUNTIF($B36,"*Industry*"),"industry",$C36),"")) | M36: =IF(ISTEXT($B36),IF($K36>0,$I36/$K36,""),"") | O36: =IF(SUM($G36)>0,($I36+$K36)/$G36,"") | P36: =IF(SUM($G36)>0,($I36+$K36)/$G36,"") | Q36: =ROUND(VLOOKUP($B36, $Z$6:$AA$32,2,FALSE) * (1+$AD$6) * (1 + IF(C36="",1, VLOOKUP($C36,$AC$8:$AD$15,2,FALSE))), 2) -> 2.15 | S36: =IF(I36<10, "remove", "") | V36: =_xlfn.XLOOKUP(C36,$W$6:$W$13,$X$6:$X$13) -> ROF
A37: FI00 | B37: bioHOB | C37: TRE | D37: all | E37: 1 | F37: dh-level:cities | G37: =IF(ISTEXT($B37),IF(COUNTIF($B37,"*Industry*"),SUMIF('Industry-capacity'!$A$2:$A$6,$B37,'Industry-capacity'!$D$2:$D$6),IF(SUMIF(INDIRECT($C37&"!A$2:A$20"),$B37,INDIRECT($C37&"!D$2:D$20"))>0,SUMIF(INDIRECT($C37&"!A$2:A$20"),$B37,INDIRECT($C37&"!D$2:D$20")),"")),"") | H37: =IF(COUNTIF($B37,"*charger*")+COUNTIF($B37,"*disch*"),$C37,"") | I37: =IF(ISTEXT($B37),IF(COUNTIF($B37,"*Industry*"),SUMIF('Industry-capacity'!$A$2:$A$6,$B37,'Industry-capacity'!$B$2:$B$6),SUMIF(INDIRECT($C37&"!A$2:A$20"),$B37,INDIRECT($C37&"!B$2:B$20"))),"") -> 92 | J37: =IF(COUNTIF($B37,"*HOB*")+COUNTIF($B37,"*charger*")+COUNTIF($B37,"*disch*")+COUNTIF($B37,"GSHP")+COUNTIF($B37,"EBoil"),C37,"") -> TRE | K37: =IF(ISTEXT($B37),IF(COUNTIF($B37,"*Industry*"),SUMIF('Industry-capacity'!$A$2:$A$6,$B37,'Industry-capacity'!$C$2:$C$6),SUMIF(INDIRECT($C37&"!A$2:A$20"),$B37,INDIRECT($C37&"!C$2:C$20"))),"") -> 0 | L37: =IF(K37=0,"",IF(ISTEXT($B37),IF(COUNTIF($B37,"*Industry*"),"industry",$C37),"")) | M37: =IF(ISTEXT($B37),IF($K37>0,$I37/$K37,""),"") | O37: =IF(SUM($G37)>0,($I37+$K37)/$G37,"") | P37: =IF(SUM($G37)>0,($I37+$K37)/$G37,"") | Q37: =ROUND(VLOOKUP($B37, $Z$6:$AA$32,2,FALSE) * (1+$AD$6) * (1 + IF(C37="",1, VLOOKUP($C37,$AC$8:$AD$15,2,FALSE))), 2) -> 2.15 | S37: =IF(I37<10, "remove", "") | V37: =_xlfn.XLOOKUP(C37,$W$6:$W$13,$X$6:$X$13) -> ROF
A38: FI00 | B38: elecHOB | C38: TRE | D38: all | E38: 1 | F38: dh-level:cities | G38: =IF(ISTEXT($B38),IF(COUNTIF($B38,"*Industry*"),SUMIF('Industry-capacity'!$A$2:$A$6,$B38,'Industry-capacity'!$D$2:$D$6),IF(SUMIF(INDIRECT($C38&"!A$2:A$20"),$B38,INDIRECT($C38&"!D$2:D$20"))>0,SUMIF(INDIRECT($C38&"!A$2:A$20"),$B38,INDIRECT($C38&"!D$2:D$20")),"")),"") | H38: =IF(COUNTIF($B38,"*charger*")+COUNTIF($B38,"*disch*"),$C38,"") | I38: =IF(ISTEXT($B38),IF(COUNTIF($B38,"*Industry*"),SUMIF('Industry-capacity'!$A$2:$A$6,$B38,'Industry-capacity'!$B$2:$B$6),SUMIF(INDIRECT($C38&"!A$2:A$20"),$B38,INDIRECT($C38&"!B$2:B$20"))),"") -> 145 | J38: =IF(COUNTIF($B38,"*HOB*")+COUNTIF($B38,"*charger*")+COUNTIF($B38,"*disch*")+COUNTIF($B38,"GSHP")+COUNTIF($B38,"EBoil"),C38,"") -> TRE | K38: =IF(ISTEXT($B38),IF(COUNTIF($B38,"*Industry*"),SUMIF('Industry-capacity'!$A$2:$A$6,$B38,'Industry-capacity'!$C$2:$C$6),SUMIF(INDIRECT($C38&"!A$2:A$20"),$B38,INDIRECT($C38&"!C$2:C$20"))),"") -> 0 | L38: =IF(K38=0,"",IF(ISTEXT($B38),IF(COUNTIF($B38,"*Industry*"),"industry",$C38),"")) | M38: =IF(ISTEXT($B38),IF($K38>0,$I38/$K38,""),"") | O38: =IF(SUM($G38)>0,($I38+$K38)/$G38,"") | P38: =IF(SUM($G38)>0,($I38+$K38)/$G38,"") | Q38: =ROUND(VLOOKUP($B38, $Z$6:$AA$32,2,FALSE) * (1+$AD$6) * (1 + IF(C38="",1, VLOOKUP($C38,$AC$8:$AD$15,2,FALSE))), 2) -> 1.61 | S38: =IF(I38<10, "remove", "") | V38: =_xlfn.XLOOKUP(C38,$W$6:$W$13,$X$6:$X$13) -> ROF
A39: FI00 | B39: bioCHP | C39: TRE | D39: all | E39: 1 | F39: dh-level:cities | G39: =IF(ISTEXT($B39),IF(COUNTIF($B39,"*Industry*"),SUMIF('Industry-capacity'!$A$2:$A$6,$B39,'Industry-capacity'!$D$2:$D$6),IF(SUMIF(INDIRECT($C39&"!A$2:A$20"),$B39,INDIRECT($C39&"!D$2:D$20"))>0,SUMIF(INDIRECT($C39&"!A$2:A$20"),$B39,INDIRECT($C39&"!D$2:D$20")),"")),"") -> 210 | H39: =IF(COUNTIF($B39,"*charger*")+COUNTIF($B39,"*disch*"),$C39,"") | I39: =IF(ISTEXT($B39),IF(COUNTIF($B39,"*Industry*"),SUMIF('Industry-capacity'!$A$2:$A$6,$B39,'Industry-capacity'!$B$2:$B$6),SUMIF(INDIRECT($C39&"!A$2:A$20"),$B39,INDIRECT($C39&"!B$2:B$20"))),"") -> 55 | J39: =IF(COUNTIF($B39,"*HOB*")+COUNTIF($B39,"*charger*")+COUNTIF($B39,"*disch*")+COUNTIF($B39,"GSHP")+COUNTIF($B39,"EBoil"),C39,"") | K39: =IF(ISTEXT($B39),IF(COUNTIF($B39,"*Industry*"),SUMIF('Industry-capacity'!$A$2:$A$6,$B39,'Industry-capacity'!$C$2:$C$6),SUMIF(INDIRECT($C39&"!A$2:A$20"),$B39,INDIRECT($C39&"!C$2:C$20"))),"") -> 160 | L39: =IF(K39=0,"",IF(ISTEXT($B39),IF(COUNTIF($B39,"*Industry*"),"industry",$C39),"")) -> TRE | M39: =IF(ISTEXT($B39),IF($K39>0,$I39/$K39,""),"") -> 0.34375 | O39: =IF(SUM($G39)>0,($I39+$K39)/$G39,"") -> 1.0238095 | P39: =IF(SUM($G39)>0,($I39+$K39)/$G39,"") -> 1.0238095 | Q39: =ROUND(VLOOKUP($B39, $Z$6:$AA$32,2,FALSE) * (1+$AD$6) * (1 + IF(C39="",1, VLOOKUP($C39,$AC$8:$AD$15,2,FALSE))), 2) -> 2.15 | S39: =IF(I39<10, "remove", "") | V39: =_xlfn.XLOOKUP(C39,$W$6:$W$13,$X$6:$X$13) -> ROF
A40: FI00 | B40: gasCCGTCHP | C40: TRE | D40: all | E40: 1 | F40: dh-level:cities | G40: =IF(ISTEXT($B40),IF(COUNTIF($B40,"*Industry*"),SUMIF('Industry-capacity'!$A$2:$A$6,$B40,'Industry-capacity'!$D$2:$D$6),IF(SUMIF(INDIRECT($C40&"!A$2:A$20"),$B40,INDIRECT($C40&"!D$2:D$20"))>0,SUMIF(INDIRECT($C40&"!A$2:A$20"),$B40,INDIRECT($C40&"!D$2:D$20")),"")),"") -> 336 | H40: =IF(COUNTIF($B40,"*charger*")+COUNTIF($B40,"*disch*"),$C40,"") | I40: =IF(ISTEXT($B40),IF(COUNTIF($B40,"*Industry*"),SUMIF('Industry-capacity'!$A$2:$A$6,$B40,'Industry-capacity'!$B$2:$B$6),SUMIF(INDIRECT($C40&"!A$2:A$20"),$B40,INDIRECT($C40&"!B$2:B$20"))),"") -> 147 | J40: =IF(COUNTIF($B40,"*HOB*")+COUNTIF($B40,"*charger*")+COUNTIF($B40,"*disch*")+COUNTIF($B40,"GSHP")+COUNTIF($B40,"EBoil"),C40,"") | K40: =IF(ISTEXT($B40),IF(COUNTIF($B40,"*Industry*"),SUMIF('Industry-capacity'!$A$2:$A$6,$B40,'Industry-capacity'!$C$2:$C$6),SUMIF(INDIRECT($C40&"!A$2:A$20"),$B40,INDIRECT($C40&"!C$2:C$20"))),"") -> 170 | L40: =IF(K40=0,"",IF(ISTEXT($B40),IF(COUNTIF($B40,"*Industry*"),"industry",$C40),"")) -> TRE | M40: =IF(ISTEXT($B40),IF($K40>0,$I40/$K40,""),"") -> 0.86470588 | O40: =IF(SUM($G40)>0,($I40+$K40)/$G40,"") -> 0.94345238 | P40: =IF(SUM($G40)>0,($I40+$K40)/$G40,"") -> 0.94345238 | Q40: =ROUND(VLOOKUP($B40, $Z$6:$AA$32,2,FALSE) * (1+$AD$6) * (1 + IF(C40="",1, VLOOKUP($C40,$AC$8:$AD$15,2,FALSE))), 2) -> 1.72 | S40: =IF(I40<10, "remove", "") | V40: =_xlfn.XLOOKUP(C40,$W$6:$W$13,$X$6:$X$13) -> ROF
A41: FI00 | B41: wasteCHP | C41: TRE | D41: all | E41: 1 | F41: dh-level:cities | G41: =IF(ISTEXT($B41),IF(COUNTIF($B41,"*Industry*"),SUMIF('Industry-capacity'!$A$2:$A$6,$B41,'Industry-capacity'!$D$2:$D$6),IF(SUMIF(INDIRECT($C41&"!A$2:A$20"),$B41,INDIRECT($C41&"!D$2:D$20"))>0,SUMIF(INDIRECT($C41&"!A$2:A$20"),$B41,INDIRECT($C41&"!D$2:D$20")),"")),"") -> 66 | H41: =IF(COUNTIF($B41,"*charger*")+COUNTIF($B41,"*disch*"),$C41,"") | I41: =IF(ISTEXT($B41),IF(COUNTIF($B41,"*Industry*"),SUMIF('Industry-capacity'!$A$2:$A$6,$B41,'Industry-capacity'!$B$2:$B$6),SUMIF(INDIRECT($C41&"!A$2:A$20"),$B41,INDIRECT($C41&"!B$2:B$20"))),"") -> 12 | J41: =IF(COUNTIF($B41,"*HOB*")+COUNTIF($B41,"*charger*")+COUNTIF($B41,"*disch*")+COUNTIF($B41,"GSHP")+COUNTIF($B41,"EBoil"),C41,"") | K41: =IF(ISTEXT($B41),IF(COUNTIF($B41,"*Industry*"),SUMIF('Industry-capacity'!$A$2:$A$6,$B41,'Industry-capacity'!$C$2:$C$6),SUMIF(INDIRECT($C41&"!A$2:A$20"),$B41,INDIRECT($C41&"!C$2:C$20"))),"") -> 46 | L41: =IF(K41=0,"",IF(ISTEXT($B41),IF(COUNTIF($B41,"*Industry*"),"industry",$C41),"")) -> TRE | M41: =IF(ISTEXT($B41),IF($K41>0,$I41/$K41,""),"") -> 0.26086957 | O41: =IF(SUM($G41)>0,($I41+$K41)/$G41,"") -> 0.87878788 | P41: =IF(SUM($G41)>0,($I41+$K41)/$G41,"") -> 0.87878788 | Q41: =ROUND(VLOOKUP($B41, $Z$6:$AA$32,2,FALSE) * (1+$AD$6) * (1 + IF(C41="",1, VLOOKUP($C41,$AC$8:$AD$15,2,FALSE))), 2) -> 2.15 | S41: =IF(I41<10, "remove", "") | V41: =_xlfn.XLOOKUP(C41,$W$6:$W$13,$X$6:$X$13) -> ROF
A42: FI00 | B42: HeatStorageCharger | C42: TRE | D42: all | E42: 1 | F42: dh-level:cities | G42: =IF(ISTEXT($B42),IF(COUNTIF($B42,"*Industry*"),SUMIF('Industry-capacity'!$A$2:$A$6,$B42,'Industry-capacity'!$D$2:$D$6),IF(SUMIF(INDIRECT($C42&"!A$2:A$20"),$B42,INDIRECT($C42&"!D$2:D$20"))>0,SUMIF(INDIRECT($C42&"!A$2:A$20"),$B42,INDIRECT($C42&"!D$2:D$20")),"")),"") | H42: =IF(COUNTIF($B42,"*charger*")+COUNTIF($B42,"*disch*"),$C42,"") -> TRE | I42: =IF(ISTEXT($B42),IF(COUNTIF($B42,"*Industry*"),SUMIF('Industry-capacity'!$A$2:$A$6,$B42,'Industry-capacity'!$B$2:$B$6),SUMIF(INDIRECT($C42&"!A$2:A$20"),$B42,INDIRECT($C42&"!B$2:B$20"))),"") -> 100 | J42: =IF(COUNTIF($B42,"*HOB*")+COUNTIF($B42,"*charger*")+COUNTIF($B42,"*disch*")+COUNTIF($B42,"GSHP")+COUNTIF($B42,"EBoil"),C42,"") -> TRE | K42: =IF(ISTEXT($B42),IF(COUNTIF($B42,"*Industry*"),SUMIF('Industry-capacity'!$A$2:$A$6,$B42,'Industry-capacity'!$C$2:$C$6),SUMIF(INDIRECT($C42&"!A$2:A$20"),$B42,INDIRECT($C42&"!C$2:C$20"))),"") -> 0 | L42: =IF(K42=0,"",IF(ISTEXT($B42),IF(COUNTIF($B42,"*Industry*"),"industry",$C42),"")) | M42: =IF(ISTEXT($B42),IF($K42>0,$I42/$K42,""),"") | O42: =IF(SUM($G42)>0,($I42+$K42)/$G42,"") | P42: =IF(SUM($G42)>0,($I42+$K42)/$G42,"") | Q42: =ROUND(VLOOKUP($B42, $Z$6:$AA$32,2,FALSE) * (1+$AD$6) * (1 + IF(C42="",1, VLOOKUP($C42,$AC$8:$AD$15,2,FALSE))), 2) -> 1.5 | S42: =IF(I42<10, "remove", "") | V42: =_xlfn.XLOOKUP(C42,$W$6:$W$13,$X$6:$X$13) -> ROF
A43: FI00 | B43: HeatStorageDisch | C43: TRE | D43: all | E43: 1 | F43: dh-level:cities | G43: =IF(ISTEXT($B43),IF(COUNTIF($B43,"*Industry*"),SUMIF('Industry-capacity'!$A$2:$A$6,$B43,'Industry-capacity'!$D$2:$D$6),IF(SUMIF(INDIRECT($C43&"!A$2:A$20"),$B43,INDIRECT($C43&"!D$2:D$20"))>0,SUMIF(INDIRECT($C43&"!A$2:A$20"),$B43,INDIRECT($C43&"!D$2:D$20")),"")),"") | H43: =IF(COUNTIF($B43,"*charger*")+COUNTIF($B43,"*disch*"),$C43,"") -> TRE | I43: =IF(ISTEXT($B43),IF(COUNTIF($B43,"*Industry*"),SUMIF('Industry-capacity'!$A$2:$A$6,$B43,'Industry-capacity'!$B$2:$B$6),SUMIF(INDIRECT($C43&"!A$2:A$20"),$B43,INDIRECT($C43&"!B$2:B$20"))),"") -> 100 | J43: =IF(COUNTIF($B43,"*HOB*")+COUNTIF($B43,"*charger*")+COUNTIF($B43,"*disch*")+COUNTIF($B43,"GSHP")+COUNTIF($B43,"EBoil"),C43,"") -> TRE | K43: =IF(ISTEXT($B43),IF(COUNTIF($B43,"*Industry*"),SUMIF('Industry-capacity'!$A$2:$A$6,$B43,'Industry-capacity'!$C$2:$C$6),SUMIF(INDIRECT($C43&"!A$2:A$20"),$B43,INDIRECT($C43&"!C$2:C$20"))),"") -> 0 | L43: =IF(K43=0,"",IF(ISTEXT($B43),IF(COUNTIF($B43,"*Industry*"),"industry",$C43),"")) | M43: =IF(ISTEXT($B43),IF($K43>0,$I43/$K43,""),"") | O43: =IF(SUM($G43)>0,($I43+$K43)/$G43,"") | P43: =IF(SUM($G43)>0,($I43+$K43)/$G43,"") | Q43: =ROUND(VLOOKUP($B43, $Z$6:$AA$32,2,FALSE) * (1+$AD$6) * (1 + IF(C43="",1, VLOOKUP($C43,$AC$8:$AD$15,2,FALSE))), 2) -> 1.5 | S43: =IF(I43<10, "remove", "") | V43: =_xlfn.XLOOKUP(C43,$W$6:$W$13,$X$6:$X$13) -> ROF | Z43: oilHOB
A44: FI00 | B44: oilHOB | C44: OUL | D44: all | E44: 1 | F44: dh-level:cities | G44: =IF(ISTEXT($B44),IF(COUNTIF($B44,"*Industry*"),SUMIF('Industry-capacity'!$A$2:$A$6,$B44,'Industry-capacity'!$D$2:$D$6),IF(SUMIF(INDIRECT($C44&"!A$2:A$20"),$B44,INDIRECT($C44&"!D$2:D$20"))>0,SUMIF(INDIRECT($C44&"!A$2:A$20"),$B44,INDIRECT($C44&"!D$2:D$20")),"")),"") | H44: =IF(COUNTIF($B44,"*charger*")+COUNTIF($B44,"*disch*"),$C44,"") | I44: =IF(ISTEXT($B44),IF(COUNTIF($B44,"*Industry*"),SUMIF('Industry-capacity'!$A$2:$A$6,$B44,'Industry-capacity'!$B$2:$B$6),SUMIF(INDIRECT($C44&"!A$2:A$20"),$B44,INDIRECT($C44&"!B$2:B$20"))),"") -> 348 | J44: =IF(COUNTIF($B44,"*HOB*")+COUNTIF($B44,"*charger*")+COUNTIF($B44,"*disch*")+COUNTIF($B44,"GSHP")+COUNTIF($B44,"EBoil"),C44,"") -> OUL | K44: =IF(ISTEXT($B44),IF(COUNTIF($B44,"*Industry*"),SUMIF('Industry-capacity'!$A$2:$A$6,$B44,'Industry-capacity'!$C$2:$C$6),SUMIF(INDIRECT($C44&"!A$2:A$20"),$B44,INDIRECT($C44&"!C$2:C$20"))),"") -> 0 | L44: =IF(K44=0,"",IF(ISTEXT($B44),IF(COUNTIF($B44,"*Industry*"),"industry",$C44),"")) | M44: =IF(ISTEXT($B44),IF($K44>0,$I44/$K44,""),"") | O44: =IF(SUM($G44)>0,($I44+$K44)/$G44,"") | P44: =IF(SUM($G44)>0,($I44+$K44)/$G44,"") | Q44: =ROUND(VLOOKUP($B44, $Z$6:$AA$32,2,FALSE) * (1+$AD$6) * (1 + IF(C44="",1, VLOOKUP($C44,$AC$8:$AD$15,2,FALSE))), 2) -> 2.13 | S44: =IF(I44<10, "remove", "") | V44: =_xlfn.XLOOKUP(C44,$W$6:$W$13,$X$6:$X$13) -> ROF | Z44: gasHOB
A45: FI00 | B45: elecHOB | C45: OUL | D45: all | E45: 1 | F45: dh-level:cities | G45: =IF(ISTEXT($B45),IF(COUNTIF($B45,"*Industry*"),SUMIF('Industry-capacity'!$A$2:$A$6,$B45,'Industry-capacity'!$D$2:$D$6),IF(SUMIF(INDIRECT($C45&"!A$2:A$20"),$B45,INDIRECT($C45&"!D$2:D$20"))>0,SUMIF(INDIRECT($C45&"!A$2:A$20"),$B45,INDIRECT($C45&"!D$2:D$20")),"")),"") | H45: =IF(COUNTIF($B45,"*charger*")+COUNTIF($B45,"*disch*"),$C45,"") | I45: =IF(ISTEXT($B45),IF(COUNTIF($B45,"*Industry*"),SUMIF('Industry-capacity'!$A$2:$A$6,$B45,'Industry-capacity'!$B$2:$B$6),SUMIF(INDIRECT($C45&"!A$2:A$20"),$B45,INDIRECT($C45&"!B$2:B$20"))),"") -> 140 | J45: =IF(COUNTIF($B45,"*HOB*")+COUNTIF($B45,"*charger*")+COUNTIF($B45,"*disch*")+COUNTIF($B45,"GSHP")+COUNTIF($B45,"EBoil"),C45,"") -> OUL | K45: =IF(ISTEXT($B45),IF(COUNTIF($B45,"*Industry*"),SUMIF('Industry-capacity'!$A$2:$A$6,$B45,'Industry-capacity'!$C$2:$C$6),SUMIF(INDIRECT($C45&"!A$2:A$20"),$B45,INDIRECT($C45&"!C$2:C$20"))),"") -> 0 | L45: =IF(K45=0,"",IF(ISTEXT($B45),IF(COUNTIF($B45,"*Industry*"),"industry",$C45),"")) | M45: =IF(ISTEXT($B45),IF($K45>0,$I45/$K45,""),"") | O45: =IF(SUM($G45)>0,($I45+$K45)/$G45,"") | P45: =IF(SUM($G45)>0,($I45+$K45)/$G45,"") | Q45: =ROUND(VLOOKUP($B45, $Z$6:$AA$32,2,FALSE) * (1+$AD$6) * (1 + IF(C45="",1, VLOOKUP($C45,$AC$8:$AD$15,2,FALSE))), 2) -> 1.6 | S45: =IF(I45<10, "remove", "") | V45: =_xlfn.XLOOKUP(C45,$W$6:$W$13,$X$6:$X$13) -> ROF | Z45: bioHOB
A46: FI00 | B46: GSHP | C46: OUL | D46: all | E46: 1 | F46: dh-level:cities | G46: =IF(ISTEXT($B46),IF(COUNTIF($B46,"*Industry*"),SUMIF('Industry-capacity'!$A$2:$A$6,$B46,'Industry-capacity'!$D$2:$D$6),IF(SUMIF(INDIRECT($C46&"!A$2:A$20"),$B46,INDIRECT($C46&"!D$2:D$20"))>0,SUMIF(INDIRECT($C46&"!A$2:A$20"),$B46,INDIRECT($C46&"!D$2:D$20")),"")),"") | H46: =IF(COUNTIF($B46,"*charger*")+COUNTIF($B46,"*disch*"),$C46,"") | I46: =IF(ISTEXT($B46),IF(COUNTIF($B46,"*Industry*"),SUMIF('Industry-capacity'!$A$2:$A$6,$B46,'Industry-capacity'!$B$2:$B$6),SUMIF(INDIRECT($C46&"!A$2:A$20"),$B46,INDIRECT($C46&"!B$2:B$20"))),"") -> 2.1 | J46: =IF(COUNTIF($B46,"*HOB*")+COUNTIF($B46,"*charger*")+COUNTIF($B46,"*disch*")+COUNTIF($B46,"GSHP")+COUNTIF($B46,"EBoil"),C46,"") -> OUL | K46: =IF(ISTEXT($B46),IF(COUNTIF($B46,"*Industry*"),SUMIF('Industry-capacity'!$A$2:$A$6,$B46,'Industry-capacity'!$C$2:$C$6),SUMIF(INDIRECT($C46&"!A$2:A$20"),$B46,INDIRECT($C46&"!C$2:C$20"))),"") -> 0 | L46: =IF(K46=0,"",IF(ISTEXT($B46),IF(COUNTIF($B46,"*Industry*"),"industry",$C46),"")) | M46: =IF(ISTEXT($B46),IF($K46>0,$I46/$K46,""),"") | O46: =IF(SUM($G46)>0,($I46+$K46)/$G46,"") | P46: =IF(SUM($G46)>0,($I46+$K46)/$G46,"") | Q46: =ROUND(VLOOKUP($B46, $Z$6:$AA$32,2,FALSE) * (1+$AD$6) * (1 + IF(C46="",1, VLOOKUP($C46,$AC$8:$AD$15,2,FALSE))), 2) -> 6.4 | S46: =IF(I46<10, "remove", "") -> remove | V46: =_xlfn.XLOOKUP(C46,$W$6:$W$13,$X$6:$X$13) -> ROF | Z46: GSHP
A47: FI00 | B47: bioCHP | C47: OUL | D47: all | E47: 1 | F47: dh-level:cities | G47: =IF(ISTEXT($B47),IF(COUNTIF($B47,"*Industry*"),SUMIF('Industry-capacity'!$A$2:$A$6,$B47,'Industry-capacity'!$D$2:$D$6),IF(SUMIF(INDIRECT($C47&"!A$2:A$20"),$B47,INDIRECT($C47&"!D$2:D$20"))>0,SUMIF(INDIRECT($C47&"!A$2:A$20"),$B47,INDIRECT($C47&"!D$2:D$20")),"")),"") -> 530 | H47: =IF(COUNTIF($B47,"*charger*")+COUNTIF($B47,"*disch*"),$C47,"") | I47: =IF(ISTEXT($B47),IF(COUNTIF($B47,"*Industry*"),SUMIF('Industry-capacity'!$A$2:$A$6,$B47,'Industry-capacity'!$B$2:$B$6),SUMIF(INDIRECT($C47&"!A$2:A$20"),$B47,INDIRECT($C47&"!B$2:B$20"))),"") -> 152 | J47: =IF(COUNTIF($B47,"*HOB*")+COUNTIF($B47,"*charger*")+COUNTIF($B47,"*disch*")+COUNTIF($B47,"GSHP")+COUNTIF($B47,"EBoil"),C47,"") | K47: =IF(ISTEXT($B47),IF(COUNTIF($B47,"*Industry*"),SUMIF('Industry-capacity'!$A$2:$A$6,$B47,'Industry-capacity'!$C$2:$C$6),SUMIF(INDIRECT($C47&"!A$2:A$20"),$B47,INDIRECT($C47&"!C$2:C$20"))),"") -> 395 | L47: =IF(K47=0,"",IF(ISTEXT($B47),IF(COUNTIF($B47,"*Industry*"),"industry",$C47),"")) -> OUL | M47: =IF(ISTEXT($B47),IF($K47>0,$I47/$K47,""),"") -> 0.38481013 | O47: =IF(SUM($G47)>0,($I47+$K47)/$G47,"") -> 1.0320755 | P47: =IF(SUM($G47)>0,($I47+$K47)/$G47,"") -> 1.0320755 | Q47: =ROUND(VLOOKUP($B47, $Z$6:$AA$32,2,FALSE) * (1+$AD$6) * (1 + IF(C47="",1, VLOOKUP($C47,$AC$8:$AD$15,2,FALSE))), 2) -> 2.13 | S47: =IF(I47<10, "remove", "") | V47: =_xlfn.XLOOKUP(C47,$W$6:$W$13,$X$6:$X$13) -> ROF | Z47: gasCCGTCHP
A48: FI00 | B48: heatStorageChargerLarge | C48: OUL | D48: all | E48: 1 | F48: dh-level:cities | G48: =IF(ISTEXT($B48),IF(COUNTIF($B48,"*Industry*"),SUMIF('Industry-capacity'!$A$2:$A$6,$B48,'Industry-capacity'!$D$2:$D$6),IF(SUMIF(INDIRECT($C48&"!A$2:A$20"),$B48,INDIRECT($C48&"!D$2:D$20"))>0,SUMIF(INDIRECT($C48&"!A$2:A$20"),$B48,INDIRECT($C48&"!D$2:D$20")),"")),"") | H48: =IF(COUNTIF($B48,"*charger*")+COUNTIF($B48,"*disch*"),$C48,"") -> OUL | I48: =IF(ISTEXT($B48),IF(COUNTIF($B48,"*Industry*"),SUMIF('Industry-capacity'!$A$2:$A$6,$B48,'Industry-capacity'!$B$2:$B$6),SUMIF(INDIRECT($C48&"!A$2:A$20"),$B48,INDIRECT($C48&"!B$2:B$20"))),"") -> 80 | J48: =IF(COUNTIF($B48,"*HOB*")+COUNTIF($B48,"*charger*")+COUNTIF($B48,"*disch*")+COUNTIF($B48,"GSHP")+COUNTIF($B48,"EBoil"),C48,"") -> OUL | K48: =IF(ISTEXT($B48),IF(COUNTIF($B48,"*Industry*"),SUMIF('Industry-capacity'!$A$2:$A$6,$B48,'Industry-capacity'!$C$2:$C$6),SUMIF(INDIRECT($C48&"!A$2:A$20"),$B48,INDIRECT($C48&"!C$2:C$20"))),"") -> 0 | L48: =IF(K48=0,"",IF(ISTEXT($B48),IF(COUNTIF($B48,"*Industry*"),"industry",$C48),"")) | M48: =IF(ISTEXT($B48),IF($K48>0,$I48/$K48,""),"") | O48: =IF(SUM($G48)>0,($I48+$K48)/$G48,"") | P48: =IF(SUM($G48)>0,($I48+$K48)/$G48,"") | Q48: =ROUND(VLOOKUP($B48, $Z$6:$AA$32,2,FALSE) * (1+$AD$6) * (1 + IF(C48="",1, VLOOKUP($C48,$AC$8:$AD$15,2,FALSE))), 2) -> 1.81 | S48: =IF(I48<10, "remove", "") | V48: =_xlfn.XLOOKUP(C48,$W$6:$W$13,$X$6:$X$13) -> ROF | Z48: elecHOB
A49: FI00 | B49: heatStorageDischLarge | C49: OUL | D49: all | E49: 1 | F49: dh-level:cities | G49: =IF(ISTEXT($B49),IF(COUNTIF($B49,"*Industry*"),SUMIF('Industry-capacity'!$A$2:$A$6,$B49,'Industry-capacity'!$D$2:$D$6),IF(SUMIF(INDIRECT($C49&"!A$2:A$20"),$B49,INDIRECT($C49&"!D$2:D$20"))>0,SUMIF(INDIRECT($C49&"!A$2:A$20"),$B49,INDIRECT($C49&"!D$2:D$20")),"")),"") | H49: =IF(COUNTIF($B49,"*charger*")+COUNTIF($B49,"*disch*"),$C49,"") -> OUL | I49: =IF(ISTEXT($B49),IF(COUNTIF($B49,"*Industry*"),SUMIF('Industry-capacity'!$A$2:$A$6,$B49,'Industry-capacity'!$B$2:$B$6),SUMIF(INDIRECT($C49&"!A$2:A$20"),$B49,INDIRECT($C49&"!B$2:B$20"))),"") -> 80 | J49: =IF(COUNTIF($B49,"*HOB*")+COUNTIF($B49,"*charger*")+COUNTIF($B49,"*disch*")+COUNTIF($B49,"GSHP")+COUNTIF($B49,"EBoil"),C49,"") -> OUL | K49: =IF(ISTEXT($B49),IF(COUNTIF($B49,"*Industry*"),SUMIF('Industry-capacity'!$A$2:$A$6,$B49,'Industry-capacity'!$C$2:$C$6),SUMIF(INDIRECT($C49&"!A$2:A$20"),$B49,INDIRECT($C49&"!C$2:C$20"))),"") -> 0 | L49: =IF(K49=0,"",IF(ISTEXT($B49),IF(COUNTIF($B49,"*Industry*"),"industry",$C49),"")) | M49: =IF(ISTEXT($B49),IF($K49>0,$I49/$K49,""),"") | O49: =IF(SUM($G49)>0,($I49+$K49)/$G49,"") | P49: =IF(SUM($G49)>0,($I49+$K49)/$G49,"") | Q49: =ROUND(VLOOKUP($B49, $Z$6:$AA$32,2,FALSE) * (1+$AD$6) * (1 + IF(C49="",1, VLOOKUP($C49,$AC$8:$AD$15,2,FALSE))), 2) -> 1.81 | S49: =IF(I49<10, "remove", "") | V49: =_xlfn.XLOOKUP(C49,$W$6:$W$13,$X$6:$X$13) -> ROF | Z49: HeatStorageCharger
A50: FI00 | B50: HeatStorageCharger | C50: OUL | D50: all | E50: 1 | F50: dh-level:cities | G50: =IF(ISTEXT($B50),IF(COUNTIF($B50,"*Industry*"),SUMIF('Industry-capacity'!$A$2:$A$6,$B50,'Industry-capacity'!$D$2:$D$6),IF(SUMIF(INDIRECT($C50&"!A$2:A$20"),$B50,INDIRECT($C50&"!D$2:D$20"))>0,SUMIF(INDIRECT($C50&"!A$2:A$20"),$B50,INDIRECT($C50&"!D$2:D$20")),"")),"") | H50: =IF(COUNTIF($B50,"*charger*")+COUNTIF($B50,"*disch*"),$C50,"") -> OUL | I50: =IF(ISTEXT($B50),IF(COUNTIF($B50,"*Industry*"),SUMIF('Industry-capacity'!$A$2:$A$6,$B50,'Industry-capacity'!$B$2:$B$6),SUMIF(INDIRECT($C50&"!A$2:A$20"),$B50,INDIRECT($C50&"!B$2:B$20"))),"") -> 55 | J50: =IF(COUNTIF($B50,"*HOB*")+COUNTIF($B50,"*charger*")+COUNTIF($B50,"*disch*")+COUNTIF($B50,"GSHP")+COUNTIF($B50,"EBoil"),C50,"") -> OUL | K50: =IF(ISTEXT($B50),IF(COUNTIF($B50,"*Industry*"),SUMIF('Industry-capacity'!$A$2:$A$6,$B50,'Industry-capacity'!$C$2:$C$6),SUMIF(INDIRECT($C50&"!A$2:A$20"),$B50,INDIRECT($C50&"!C$2:C$20"))),"") -> 0 | L50: =IF(K50=0,"",IF(ISTEXT($B50),IF(COUNTIF($B50,"*Industry*"),"industry",$C50),"")) | M50: =IF(ISTEXT($B50),IF($K50>0,$I50/$K50,""),"") | O50: =IF(SUM($G50)>0,($I50+$K50)/$G50,"") | P50: =IF(SUM($G50)>0,($I50+$K50)/$G50,"") | Q50: =ROUND(VLOOKUP($B50, $Z$6:$AA$32,2,FALSE) * (1+$AD$6) * (1 + IF(C50="",1, VLOOKUP($C50,$AC$8:$AD$15,2,FALSE))), 2) -> 1.49 | S50: =IF(I50<10, "remove", "") | V50: =_xlfn.XLOOKUP(C50,$W$6:$W$13,$X$6:$X$13) -> ROF | Z50: HeatStorageDisch
A51: FI00 | B51: HeatStorageDisch | C51: OUL | D51: all | E51: 1 | F51: dh-level:cities | G51: =IF(ISTEXT($B51),IF(COUNTIF($B51,"*Industry*"),SUMIF('Industry-capacity'!$A$2:$A$6,$B51,'Industry-capacity'!$D$2:$D$6),IF(SUMIF(INDIRECT($C51&"!A$2:A$20"),$B51,INDIRECT($C51&"!D$2:D$20"))>0,SUMIF(INDIRECT($C51&"!A$2:A$20"),$B51,INDIRECT($C51&"!D$2:D$20")),"")),"") | H51: =IF(COUNTIF($B51,"*charger*")+COUNTIF($B51,"*disch*"),$C51,"") -> OUL | I51: =IF(ISTEXT($B51),IF(COUNTIF($B51,"*Industry*"),SUMIF('Industry-capacity'!$A$2:$A$6,$B51,'Industry-capacity'!$B$2:$B$6),SUMIF(INDIRECT($C51&"!A$2:A$20"),$B51,INDIRECT($C51&"!B$2:B$20"))),"") -> 55 | J51: =IF(COUNTIF($B51,"*HOB*")+COUNTIF($B51,"*charger*")+COUNTIF($B51,"*disch*")+COUNTIF($B51,"GSHP")+COUNTIF($B51,"EBoil"),C51,"") -> OUL | K51: =IF(ISTEXT($B51),IF(COUNTIF($B51,"*Industry*"),SUMIF('Industry-capacity'!$A$2:$A$6,$B51,'Industry-capacity'!$C$2:$C$6),SUMIF(INDIRECT($C51&"!A$2:A$20"),$B51,INDIRECT($C51&"!C$2:C$20"))),"") -> 0 | L51: =IF(K51=0,"",IF(ISTEXT($B51),IF(COUNTIF($B51,"*Industry*"),"industry",$C51),"")) | M51: =IF(ISTEXT($B51),IF($K51>0,$I51/$K51,""),"") | O51: =IF(SUM($G51)>0,($I51+$K51)/$G51,"") | P51: =IF(SUM($G51)>0,($I51+$K51)/$G51,"") | Q51: =ROUND(VLOOKUP($B51, $Z$6:$AA$32,2,FALSE) * (1+$AD$6) * (1 + IF(C51="",1, VLOOKUP($C51,$AC$8:$AD$15,2,FALSE))), 2) -> 1.49 | S51: =IF(I51<10, "remove", "") | V51: =_xlfn.XLOOKUP(C51,$W$6:$W$13,$X$6:$X$13) -> ROF | Z51: heatStorageChargerLarge
A52: FI00 | B52: oilHOB | C52: TKU | D52: all | E52: 1 | F52: dh-level:cities | G52: =IF(ISTEXT($B52),IF(COUNTIF($B52,"*Industry*"),SUMIF('Industry-capacity'!$A$2:$A$6,$B52,'Industry-capacity'!$D$2:$D$6),IF(SUMIF(INDIRECT($C52&"!A$2:A$20"),$B52,INDIRECT($C52&"!D$2:D$20"))>0,SUMIF(INDIRECT($C52&"!A$2:A$20"),$B52,INDIRECT($C52&"!D$2:D$20")),"")),"") | H52: =IF(COUNTIF($B52,"*charger*")+COUNTIF($B52,"*disch*"),$C52,"") | I52: =IF(ISTEXT($B52),IF(COUNTIF($B52,"*Industry*"),SUMIF('Industry-capacity'!$A$2:$A$6,$B52,'Industry-capacity'!$B$2:$B$6),SUMIF(INDIRECT($C52&"!A$2:A$20"),$B52,INDIRECT($C52&"!B$2:B$20"))),"") -> 624 | J52: =IF(COUNTIF($B52,"*HOB*")+COUNTIF($B52,"*charger*")+COUNTIF($B52,"*disch*")+COUNTIF($B52,"GSHP")+COUNTIF($B52,"EBoil"),C52,"") -> TKU | K52: =IF(ISTEXT($B52),IF(COUNTIF($B52,"*Industry*"),SUMIF('Industry-capacity'!$A$2:$A$6,$B52,'Industry-capacity'!$C$2:$C$6),SUMIF(INDIRECT($C52&"!A$2:A$20"),$B52,INDIRECT($C52&"!C$2:C$20"))),"") -> 0 | L52: =IF(K52=0,"",IF(ISTEXT($B52),IF(COUNTIF($B52,"*Industry*"),"industry",$C52),"")) | M52: =IF(ISTEXT($B52),IF($K52>0,$I52/$K52,""),"") | O52: =IF(SUM($G52)>0,($I52+$K52)/$G52,"") | P52: =IF(SUM($G52)>0,($I52+$K52)/$G52,"") | Q52: =ROUND(VLOOKUP($B52, $Z$6:$AA$32,2,FALSE) * (1+$AD$6) * (1 + IF(C52="",1, VLOOKUP($C52,$AC$8:$AD$15,2,FALSE))), 2) -> 2.15 | S52: =IF(I52<10, "remove", "") | V52: =_xlfn.XLOOKUP(C52,$W$6:$W$13,$X$6:$X$13) -> ROF | Z52: heatStorageDischLarge
A53: FI00 | B53: GSHP | C53: TKU | D53: all | E53: 1 | F53: dh-level:cities | G53: =IF(ISTEXT($B53),IF(COUNTIF($B53,"*Industry*"),SUMIF('Industry-capacity'!$A$2:$A$6,$B53,'Industry-capacity'!$D$2:$D$6),IF(SUMIF(INDIRECT($C53&"!A$2:A$20"),$B53,INDIRECT($C53&"!D$2:D$20"))>0,SUMIF(INDIRECT($C53&"!A$2:A$20"),$B53,INDIRECT($C53&"!D$2:D$20")),"")),"") | H53: =IF(COUNTIF($B53,"*charger*")+COUNTIF($B53,"*disch*"),$C53,"") | I53: =IF(ISTEXT($B53),IF(COUNTIF($B53,"*Industry*"),SUMIF('Industry-capacity'!$A$2:$A$6,$B53,'Industry-capacity'!$B$2:$B$6),SUMIF(INDIRECT($C53&"!A$2:A$20"),$B53,INDIRECT($C53&"!B$2:B$20"))),"") -> 64.4 | J53: =IF(COUNTIF($B53,"*HOB*")+COUNTIF($B53,"*charger*")+COUNTIF($B53,"*disch*")+COUNTIF($B53,"GSHP")+COUNTIF($B53,"EBoil"),C53,"") -> TKU | K53: =IF(ISTEXT($B53),IF(COUNTIF($B53,"*Industry*"),SUMIF('Industry-capacity'!$A$2:$A$6,$B53,'Industry-capacity'!$C$2:$C$6),SUMIF(INDIRECT($C53&"!A$2:A$20"),$B53,INDIRECT($C53&"!C$2:C$20"))),"") -> 0 | L53: =IF(K53=0,"",IF(ISTEXT($B53),IF(COUNTIF($B53,"*Industry*"),"industry",$C53),"")) | M53: =IF(ISTEXT($B53),IF($K53>0,$I53/$K53,""),"") | O53: =IF(SUM($G53)>0,($I53+$K53)/$G53,"") | P53: =IF(SUM($G53)>0,($I53+$K53)/$G53,"") | Q53: =ROUND(VLOOKUP($B53, $Z$6:$AA$32,2,FALSE) * (1+$AD$6) * (1 + IF(C53="",1, VLOOKUP($C53,$AC$8:$AD$15,2,FALSE))), 2) -> 6.44 | S53: =IF(I53<10, "remove", "") | V53: =_xlfn.XLOOKUP(C53,$W$6:$W$13,$X$6:$X$13) -> ROF | Z53: gasOCGTCHP
A54: FI00 | B54: bioHOB | C54: TKU | D54: all | E54: 1 | F54: dh-level:cities | G54: =IF(ISTEXT($B54),IF(COUNTIF($B54,"*Industry*"),SUMIF('Industry-capacity'!$A$2:$A$6,$B54,'Industry-capacity'!$D$2:$D$6),IF(SUMIF(INDIRECT($C54&"!A$2:A$20"),$B54,INDIRECT($C54&"!D$2:D$20"))>0,SUMIF(INDIRECT($C54&"!A$2:A$20"),$B54,INDIRECT($C54&"!D$2:D$20")),"")),"") | H54: =IF(COUNTIF($B54,"*charger*")+COUNTIF($B54,"*disch*"),$C54,"") | I54: =IF(ISTEXT($B54),IF(COUNTIF($B54,"*Industry*"),SUMIF('Industry-capacity'!$A$2:$A$6,$B54,'Industry-capacity'!$B$2:$B$6),SUMIF(INDIRECT($C54&"!A$2:A$20"),$B54,INDIRECT($C54&"!B$2:B$20"))),"") -> 106.8 | J54: =IF(COUNTIF($B54,"*HOB*")+COUNTIF($B54,"*charger*")+COUNTIF($B54,"*disch*")+COUNTIF($B54,"GSHP")+COUNTIF($B54,"EBoil"),C54,"") -> TKU | K54: =IF(ISTEXT($B54),IF(COUNTIF($B54,"*Industry*"),SUMIF('Industry-capacity'!$A$2:$A$6,$B54,'Industry-capacity'!$C$2:$C$6),SUMIF(INDIRECT($C54&"!A$2:A$20"),$B54,INDIRECT($C54&"!C$2:C$20"))),"") -> 0 | L54: =IF(K54=0,"",IF(ISTEXT($B54),IF(COUNTIF($B54,"*Industry*"),"industry",$C54),"")) | M54: =IF(ISTEXT($B54),IF($K54>0,$I54/$K54,""),"") | O54: =IF(SUM($G54)>0,($I54+$K54)/$G54,"") | P54: =IF(SUM($G54)>0,($I54+$K54)/$G54,"") | Q54: =ROUND(VLOOKUP($B54, $Z$6:$AA$32,2,FALSE) * (1+$AD$6) * (1 + IF(C54="",1, VLOOKUP($C54,$AC$8:$AD$15,2,FALSE))), 2) -> 2.15 | S54: =IF(I54<10, "remove", "") | V54: =_xlfn.XLOOKUP(C54,$W$6:$W$13,$X$6:$X$13) -> ROF | Z54: wasteHOB
... A58: FI00 | B58: HeatStorageDisch | C58: TKU | D58: all | E58: 1 | F58: dh-level:cities | G58: =IF(ISTEXT($B58),IF(COUNTIF($B58,"*Industry*"),SUMIF('Industry-capacity'!$A$2:$A$6,$B58,'Industry-capacity'!$D$2:$D$6),IF(SUMIF(INDIRECT($C58&"!A$2:A$20"),$B58,INDIRECT($C58&"!D$2:D$20"))>0,SUMIF(INDIRECT($C58&"!A$2:A$20"),$B58,INDIRECT($C58&"!D$2:D$20")),"")),"") | H58: =IF(COUNTIF($B58,"*charger*")+COUNTIF($B58,"*disch*"),$C58,"") -> TKU | I58: =IF(ISTEXT($B58),IF(COUNTIF($B58,"*Industry*"),SUMIF('Industry-capacity'!$A$2:$A$6,$B58,'Industry-capacity'!$B$2:$B$6),SUMIF(INDIRECT($C58&"!A$2:A$20"),$B58,INDIRECT($C58&"!B$2:B$20"))),"") -> 75 | J58: =IF(COUNTIF($B58,"*HOB*")+COUNTIF($B58,"*charger*")+COUNTIF($B58,"*disch*")+COUNTIF($B58,"GSHP")+COUNTIF($B58,"EBoil"),C58,"") -> TKU | K58: =IF(ISTEXT($B58),IF(COUNTIF($B58,"*Industry*"),SUMIF('Industry-capacity'!$A$2:$A$6,$B58,'Industry-capacity'!$C$2:$C$6),SUMIF(INDIRECT($C58&"!A$2:A$20"),$B58,INDIRECT($C58&"!C$2:C$20"))),"") -> 0 | L58: =IF(K58=0,"",IF(ISTEXT($B58),IF(COUNTIF($B58,"*Industry*"),"industry",$C58),"")) | M58: =IF(ISTEXT($B58),IF($K58>0,$I58/$K58,""),"") | O58: =IF(SUM($G58)>0,($I58+$K58)/$G58,"") | P58: =IF(SUM($G58)>0,($I58+$K58)/$G58,"") | Q58: =ROUND(VLOOKUP($B58, $Z$6:$AA$32,2,FALSE) * (1+$AD$6) * (1 + IF(C58="",1, VLOOKUP($C58,$AC$8:$AD$15,2,FALSE))), 2) -> 1.5 | S58: =IF(I58<10, "remove", "") | V58: =_xlfn.XLOOKUP(C58,$W$6:$W$13,$X$6:$X$13) -> ROF | Z58: heatStorageDischSeasonal
A59: FI00 | B59: bioHOB | C59: JKL | D59: all | E59: 1 | F59: dh-level:cities | G59: =IF(ISTEXT($B59),IF(COUNTIF($B59,"*Industry*"),SUMIF('Industry-capacity'!$A$2:$A$6,$B59,'Industry-capacity'!$D$2:$D$6),IF(SUMIF(INDIRECT($C59&"!A$2:A$20"),$B59,INDIRECT($C59&"!D$2:D$20"))>0,SUMIF(INDIRECT($C59&"!A$2:A$20"),$B59,INDIRECT($C59&"!D$2:D$20")),"")),"") | H59: =IF(COUNTIF($B59,"*charger*")+COUNTIF($B59,"*disch*"),$C59,"") | I59: =IF(ISTEXT($B59),IF(COUNTIF($B59,"*Industry*"),SUMIF('Industry-capacity'!$A$2:$A$6,$B59,'Industry-capacity'!$B$2:$B$6),SUMIF(INDIRECT($C59&"!A$2:A$20"),$B59,INDIRECT($C59&"!B$2:B$20"))),"") -> 26.8 | J59: =IF(COUNTIF($B59,"*HOB*")+COUNTIF($B59,"*charger*")+COUNTIF($B59,"*disch*")+COUNTIF($B59,"GSHP")+COUNTIF($B59,"EBoil"),C59,"") -> JKL | K59: =IF(ISTEXT($B59),IF(COUNTIF($B59,"*Industry*"),SUMIF('Industry-capacity'!$A$2:$A$6,$B59,'Industry-capacity'!$C$2:$C$6),SUMIF(INDIRECT($C59&"!A$2:A$20"),$B59,INDIRECT($C59&"!C$2:C$20"))),"") -> 0 | L59: =IF(K59=0,"",IF(ISTEXT($B59),IF(COUNTIF($B59,"*Industry*"),"industry",$C59),"")) | M59: =IF(ISTEXT($B59),IF($K59>0,$I59/$K59,""),"") | O59: =IF(SUM($G59)>0,($I59+$K59)/$G59,"") | P59: =IF(SUM($G59)>0,($I59+$K59)/$G59,"") | Q59: =ROUND(VLOOKUP($B59, $Z$6:$AA$32,2,FALSE) * (1+$AD$6) * (1 + IF(C59="",1, VLOOKUP($C59,$AC$8:$AD$15,2,FALSE))), 2) -> 2.04 | S59: =IF(I59<10, "remove", "") | V59: =_xlfn.XLOOKUP(C59,$W$6:$W$13,$X$6:$X$13) -> ROF
A60: FI00 | B60: gasHOB | C60: JKL | D60: all | E60: 1 | F60: dh-level:cities | G60: =IF(ISTEXT($B60),IF(COUNTIF($B60,"*Industry*"),SUMIF('Industry-capacity'!$A$2:$A$6,$B60,'Industry-capacity'!$D$2:$D$6),IF(SUMIF(INDIRECT($C60&"!A$2:A$20"),$B60,INDIRECT($C60&"!D$2:D$20"))>0,SUMIF(INDIRECT($C60&"!A$2:A$20"),$B60,INDIRECT($C60&"!D$2:D$20")),"")),"") | H60: =IF(COUNTIF($B60,"*charger*")+COUNTIF($B60,"*disch*"),$C60,"") | I60: =IF(ISTEXT($B60),IF(COUNTIF($B60,"*Industry*"),SUMIF('Industry-capacity'!$A$2:$A$6,$B60,'Industry-capacity'!$B$2:$B$6),SUMIF(INDIRECT($C60&"!A$2:A$20"),$B60,INDIRECT($C60&"!B$2:B$20"))),"") -> 3.1 | J60: =IF(COUNTIF($B60,"*HOB*")+COUNTIF($B60,"*charger*")+COUNTIF($B60,"*disch*")+COUNTIF($B60,"GSHP")+COUNTIF($B60,"EBoil"),C60,"") -> JKL | K60: =IF(ISTEXT($B60),IF(COUNTIF($B60,"*Industry*"),SUMIF('Industry-capacity'!$A$2:$A$6,$B60,'Industry-capacity'!$C$2:$C$6),SUMIF(INDIRECT($C60&"!A$2:A$20"),$B60,INDIRECT($C60&"!C$2:C$20"))),"") -> 0 | L60: =IF(K60=0,"",IF(ISTEXT($B60),IF(COUNTIF($B60,"*Industry*"),"industry",$C60),"")) | M60: =IF(ISTEXT($B60),IF($K60>0,$I60/$K60,""),"") | O60: =IF(SUM($G60)>0,($I60+$K60)/$G60,"") | P60: =IF(SUM($G60)>0,($I60+$K60)/$G60,"") | Q60: =ROUND(VLOOKUP($B60, $Z$6:$AA$32,2,FALSE) * (1+$AD$6) * (1 + IF(C60="",1, VLOOKUP($C60,$AC$8:$AD$15,2,FALSE))), 2) -> 2.04 | S60: =IF(I60<10, "remove", "") -> remove | V60: =_xlfn.XLOOKUP(C60,$W$6:$W$13,$X$6:$X$13) -> ROF
A61: FI00 | B61: oilHOB | C61: JKL | D61: all | E61: 1 | F61: dh-level:cities | G61: =IF(ISTEXT($B61),IF(COUNTIF($B61,"*Industry*"),SUMIF('Industry-capacity'!$A$2:$A$6,$B61,'Industry-capacity'!$D$2:$D$6),IF(SUMIF(INDIRECT($C61&"!A$2:A$20"),$B61,INDIRECT($C61&"!D$2:D$20"))>0,SUMIF(INDIRECT($C61&"!A$2:A$20"),$B61,INDIRECT($C61&"!D$2:D$20")),"")),"") | H61: =IF(COUNTIF($B61,"*charger*")+COUNTIF($B61,"*disch*"),$C61,"") | I61: =IF(ISTEXT($B61),IF(COUNTIF($B61,"*Industry*"),SUMIF('Industry-capacity'!$A$2:$A$6,$B61,'Industry-capacity'!$B$2:$B$6),SUMIF(INDIRECT($C61&"!A$2:A$20"),$B61,INDIRECT($C61&"!B$2:B$20"))),"") -> 200 | J61: =IF(COUNTIF($B61,"*HOB*")+COUNTIF($B61,"*charger*")+COUNTIF($B61,"*disch*")+COUNTIF($B61,"GSHP")+COUNTIF($B61,"EBoil"),C61,"") -> JKL | K61: =IF(ISTEXT($B61),IF(COUNTIF($B61,"*Industry*"),SUMIF('Industry-capacity'!$A$2:$A$6,$B61,'Industry-capacity'!$C$2:$C$6),SUMIF(INDIRECT($C61&"!A$2:A$20"),$B61,INDIRECT($C61&"!C$2:C$20"))),"") -> 0 | L61: =IF(K61=0,"",IF(ISTEXT($B61),IF(COUNTIF($B61,"*Industry*"),"industry",$C61),"")) | M61: =IF(ISTEXT($B61),IF($K61>0,$I61/$K61,""),"") | O61: =IF(SUM($G61)>0,($I61+$K61)/$G61,"") | P61: =IF(SUM($G61)>0,($I61+$K61)/$G61,"") | Q61: =ROUND(VLOOKUP($B61, $Z$6:$AA$32,2,FALSE) * (1+$AD$6) * (1 + IF(C61="",1, VLOOKUP($C61,$AC$8:$AD$15,2,FALSE))), 2) -> 2.04 | S61: =IF(I61<10, "remove", "") | V61: =_xlfn.XLOOKUP(C61,$W$6:$W$13,$X$6:$X$13) -> ROF
A62: FI00 | B62: bioCHP | C62: JKL | D62: all | E62: 1 | F62: dh-level:cities | G62: =IF(ISTEXT($B62),IF(COUNTIF($B62,"*Industry*"),SUMIF('Industry-capacity'!$A$2:$A$6,$B62,'Industry-capacity'!$D$2:$D$6),IF(SUMIF(INDIRECT($C62&"!A$2:A$20"),$B62,INDIRECT($C62&"!D$2:D$20"))>0,SUMIF(INDIRECT($C62&"!A$2:A$20"),$B62,INDIRECT($C62&"!D$2:D$20")),"")),"") -> 790 | H62: =IF(COUNTIF($B62,"*charger*")+COUNTIF($B62,"*disch*"),$C62,"") | I62: =IF(ISTEXT($B62),IF(COUNTIF($B62,"*Industry*"),SUMIF('Industry-capacity'!$A$2:$A$6,$B62,'Industry-capacity'!$B$2:$B$6),SUMIF(INDIRECT($C62&"!A$2:A$20"),$B62,INDIRECT($C62&"!B$2:B$20"))),"") -> 250 | J62: =IF(COUNTIF($B62,"*HOB*")+COUNTIF($B62,"*charger*")+COUNTIF($B62,"*disch*")+COUNTIF($B62,"GSHP")+COUNTIF($B62,"EBoil"),C62,"") | K62: =IF(ISTEXT($B62),IF(COUNTIF($B62,"*Industry*"),SUMIF('Industry-capacity'!$A$2:$A$6,$B62,'Industry-capacity'!$C$2:$C$6),SUMIF(INDIRECT($C62&"!A$2:A$20"),$B62,INDIRECT($C62&"!C$2:C$20"))),"") -> 435 | L62: =IF(K62=0,"",IF(ISTEXT($B62),IF(COUNTIF($B62,"*Industry*"),"industry",$C62),"")) -> JKL | M62: =IF(ISTEXT($B62),IF($K62>0,$I62/$K62,""),"") -> 0.57471264 | O62: =IF(SUM($G62)>0,($I62+$K62)/$G62,"") -> 0.86708861 | P62: =IF(SUM($G62)>0,($I62+$K62)/$G62,"") -> 0.86708861 | Q62: =ROUND(VLOOKUP($B62, $Z$6:$AA$32,2,FALSE) * (1+$AD$6) * (1 + IF(C62="",1, VLOOKUP($C62,$AC$8:$AD$15,2,FALSE))), 2) -> 2.04 | S62: =IF(I62<10, "remove", "") | V62: =_xlfn.XLOOKUP(C62,$W$6:$W$13,$X$6:$X$13) -> ROF
A63: FI00 | B63: GSHP | C63: JKL | D63: all | E63: 1 | F63: dh-level:cities | G63: =IF(ISTEXT($B63),IF(COUNTIF($B63,"*Industry*"),SUMIF('Industry-capacity'!$A$2:$A$6,$B63,'Industry-capacity'!$D$2:$D$6),IF(SUMIF(INDIRECT($C63&"!A$2:A$20"),$B63,INDIRECT($C63&"!D$2:D$20"))>0,SUMIF(INDIRECT($C63&"!A$2:A$20"),$B63,INDIRECT($C63&"!D$2:D$20")),"")),"") | H63: =IF(COUNTIF($B63,"*charger*")+COUNTIF($B63,"*disch*"),$C63,"") | I63: =IF(ISTEXT($B63),IF(COUNTIF($B63,"*Industry*"),SUMIF('Industry-capacity'!$A$2:$A$6,$B63,'Industry-capacity'!$B$2:$B$6),SUMIF(INDIRECT($C63&"!A$2:A$20"),$B63,INDIRECT($C63&"!B$2:B$20"))),"") -> 45 | J63: =IF(COUNTIF($B63,"*HOB*")+COUNTIF($B63,"*charger*")+COUNTIF($B63,"*disch*")+COUNTIF($B63,"GSHP")+COUNTIF($B63,"EBoil"),C63,"") -> JKL | K63: =IF(ISTEXT($B63),IF(COUNTIF($B63,"*Industry*"),SUMIF('Industry-capacity'!$A$2:$A$6,$B63,'Industry-capacity'!$C$2:$C$6),SUMIF(INDIRECT($C63&"!A$2:A$20"),$B63,INDIRECT($C63&"!C$2:C$20"))),"") -> 0 | L63: =IF(K63=0,"",IF(ISTEXT($B63),IF(COUNTIF($B63,"*Industry*"),"industry",$C63),"")) | M63: =IF(ISTEXT($B63),IF($K63>0,$I63/$K63,""),"") | O63: =IF(SUM($G63)>0,($I63+$K63)/$G63,"") | P63: =IF(SUM($G63)>0,($I63+$K63)/$G63,"") | Q63: =ROUND(VLOOKUP($B63, $Z$6:$AA$32,2,FALSE) * (1+$AD$6) * (1 + IF(C63="",1, VLOOKUP($C63,$AC$8:$AD$15,2,FALSE))), 2) -> 6.11 | S63: =IF(I63<10, "remove", "") | V63: =_xlfn.XLOOKUP(C63,$W$6:$W$13,$X$6:$X$13) -> ROF
A64: FI00 | B64: elecHOB | C64: JKL | D64: all | E64: 1 | F64: dh-level:cities | G64: =IF(ISTEXT($B64),IF(COUNTIF($B64,"*Industry*"),SUMIF('Industry-capacity'!$A$2:$A$6,$B64,'Industry-capacity'!$D$2:$D$6),IF(SUMIF(INDIRECT($C64&"!A$2:A$20"),$B64,INDIRECT($C64&"!D$2:D$20"))>0,SUMIF(INDIRECT($C64&"!A$2:A$20"),$B64,INDIRECT($C64&"!D$2:D$20")),"")),"") | H64: =IF(COUNTIF($B64,"*charger*")+COUNTIF($B64,"*disch*"),$C64,"") | I64: =IF(ISTEXT($B64),IF(COUNTIF($B64,"*Industry*"),SUMIF('Industry-capacity'!$A$2:$A$6,$B64,'Industry-capacity'!$B$2:$B$6),SUMIF(INDIRECT($C64&"!A$2:A$20"),$B64,INDIRECT($C64&"!B$2:B$20"))),"") -> 120 | J64: =IF(COUNTIF($B64,"*HOB*")+COUNTIF($B64,"*charger*")+COUNTIF($B64,"*disch*")+COUNTIF($B64,"GSHP")+COUNTIF($B64,"EBoil"),C64,"") -> JKL | K64: =IF(ISTEXT($B64),IF(COUNTIF($B64,"*Industry*"),SUMIF('Industry-capacity'!$A$2:$A$6,$B64,'Industry-capacity'!$C$2:$C$6),SUMIF(INDIRECT($C64&"!A$2:A$20"),$B64,INDIRECT($C64&"!C$2:C$20"))),"") -> 0 | L64: =IF(K64=0,"",IF(ISTEXT($B64),IF(COUNTIF($B64,"*Industry*"),"industry",$C64),"")) | M64: =IF(ISTEXT($B64),IF($K64>0,$I64/$K64,""),"") | O64: =IF(SUM($G64)>0,($I64+$K64)/$G64,"") | P64: =IF(SUM($G64)>0,($I64+$K64)/$G64,"") | Q64: =ROUND(VLOOKUP($B64, $Z$6:$AA$32,2,FALSE) * (1+$AD$6) * (1 + IF(C64="",1, VLOOKUP($C64,$AC$8:$AD$15,2,FALSE))), 2) -> 1.53 | S64: =IF(I64<10, "remove", "") | V64: =_xlfn.XLOOKUP(C64,$W$6:$W$13,$X$6:$X$13) -> ROF
A65: FI00 | B65: HeatStorageCharger | C65: JKL | D65: all | E65: 1 | F65: dh-level:cities | G65: =IF(ISTEXT($B65),IF(COUNTIF($B65,"*Industry*"),SUMIF('Industry-capacity'!$A$2:$A$6,$B65,'Industry-capacity'!$D$2:$D$6),IF(SUMIF(INDIRECT($C65&"!A$2:A$20"),$B65,INDIRECT($C65&"!D$2:D$20"))>0,SUMIF(INDIRECT($C65&"!A$2:A$20"),$B65,INDIRECT($C65&"!D$2:D$20")),"")),"") | H65: =IF(COUNTIF($B65,"*charger*")+COUNTIF($B65,"*disch*"),$C65,"") -> JKL | I65: =IF(ISTEXT($B65),IF(COUNTIF($B65,"*Industry*"),SUMIF('Industry-capacity'!$A$2:$A$6,$B65,'Industry-capacity'!$B$2:$B$6),SUMIF(INDIRECT($C65&"!A$2:A$20"),$B65,INDIRECT($C65&"!B$2:B$20"))),"") -> 80 | J65: =IF(COUNTIF($B65,"*HOB*")+COUNTIF($B65,"*charger*")+COUNTIF($B65,"*disch*")+COUNTIF($B65,"GSHP")+COUNTIF($B65,"EBoil"),C65,"") -> JKL | K65: =IF(ISTEXT($B65),IF(COUNTIF($B65,"*Industry*"),SUMIF('Industry-capacity'!$A$2:$A$6,$B65,'Industry-capacity'!$C$2:$C$6),SUMIF(INDIRECT($C65&"!A$2:A$20"),$B65,INDIRECT($C65&"!C$2:C$20"))),"") -> 0 | L65: =IF(K65=0,"",IF(ISTEXT($B65),IF(COUNTIF($B65,"*Industry*"),"industry",$C65),"")) | M65: =IF(ISTEXT($B65),IF($K65>0,$I65/$K65,""),"") | O65: =IF(SUM($G65)>0,($I65+$K65)/$G65,"") | P65: =IF(SUM($G65)>0,($I65+$K65)/$G65,"") | Q65: =ROUND(VLOOKUP($B65, $Z$6:$AA$32,2,FALSE) * (1+$AD$6) * (1 + IF(C65="",1, VLOOKUP($C65,$AC$8:$AD$15,2,FALSE))), 2) -> 1.43 | S65: =IF(I65<10, "remove", "") | V65: =_xlfn.XLOOKUP(C65,$W$6:$W$13,$X$6:$X$13) -> ROF
A66: FI00 | B66: HeatStorageDisch | C66: JKL | D66: all | E66: 1 | F66: dh-level:cities | G66: =IF(ISTEXT($B66),IF(COUNTIF($B66,"*Industry*"),SUMIF('Industry-capacity'!$A$2:$A$6,$B66,'Industry-capacity'!$D$2:$D$6),IF(SUMIF(INDIRECT($C66&"!A$2:A$20"),$B66,INDIRECT($C66&"!D$2:D$20"))>0,SUMIF(INDIRECT($C66&"!A$2:A$20"),$B66,INDIRECT($C66&"!D$2:D$20")),"")),"") | H66: =IF(COUNTIF($B66,"*charger*")+COUNTIF($B66,"*disch*"),$C66,"") -> JKL | I66: =IF(ISTEXT($B66),IF(COUNTIF($B66,"*Industry*"),SUMIF('Industry-capacity'!$A$2:$A$6,$B66,'Industry-capacity'!$B$2:$B$6),SUMIF(INDIRECT($C66&"!A$2:A$20"),$B66,INDIRECT($C66&"!B$2:B$20"))),"") -> 80 | J66: =IF(COUNTIF($B66,"*HOB*")+COUNTIF($B66,"*charger*")+COUNTIF($B66,"*disch*")+COUNTIF($B66,"GSHP")+COUNTIF($B66,"EBoil"),C66,"") -> JKL | K66: =IF(ISTEXT($B66),IF(COUNTIF($B66,"*Industry*"),SUMIF('Industry-capacity'!$A$2:$A$6,$B66,'Industry-capacity'!$C$2:$C$6),SUMIF(INDIRECT($C66&"!A$2:A$20"),$B66,INDIRECT($C66&"!C$2:C$20"))),"") -> 0 | L66: =IF(K66=0,"",IF(ISTEXT($B66),IF(COUNTIF($B66,"*Industry*"),"industry",$C66),"")) | M66: =IF(ISTEXT($B66),IF($K66>0,$I66/$K66,""),"") | O66: =IF(SUM($G66)>0,($I66+$K66)/$G66,"") | P66: =IF(SUM($G66)>0,($I66+$K66)/$G66,"") | Q66: =ROUND(VLOOKUP($B66, $Z$6:$AA$32,2,FALSE) * (1+$AD$6) * (1 + IF(C66="",1, VLOOKUP($C66,$AC$8:$AD$15,2,FALSE))), 2) -> 1.43 | S66: =IF(I66<10, "remove", "") | V66: =_xlfn.XLOOKUP(C66,$W$6:$W$13,$X$6:$X$13) -> ROF
A67: FI00 | B67: oilHOB | C67: ROF | D67: all | E67: 1 | F67: dh-level:cities | G67: =IF(ISTEXT($B67),IF(COUNTIF($B67,"*Industry*"),SUMIF('Industry-capacity'!$A$2:$A$6,$B67,'Industry-capacity'!$D$2:$D$6),IF(SUMIF(INDIRECT($C67&"!A$2:A$20"),$B67,INDIRECT($C67&"!D$2:D$20"))>0,SUMIF(INDIRECT($C67&"!A$2:A$20"),$B67,INDIRECT($C67&"!D$2:D$20")),"")),"") | H67: =IF(COUNTIF($B67,"*charger*")+COUNTIF($B67,"*disch*"),$C67,"") | I67: =IF(ISTEXT($B67),IF(COUNTIF($B67,"*Industry*"),SUMIF('Industry-capacity'!$A$2:$A$6,$B67,'Industry-capacity'!$B$2:$B$6),SUMIF(INDIRECT($C67&"!A$2:A$20"),$B67,INDIRECT($C67&"!B$2:B$20"))),"") -> 3520.3 | J67: =IF(COUNTIF($B67,"*HOB*")+COUNTIF($B67,"*charger*")+COUNTIF($B67,"*disch*")+COUNTIF($B67,"GSHP")+COUNTIF($B67,"EBoil"),C67,"") -> ROF | K67: =IF(ISTEXT($B67),IF(COUNTIF($B67,"*Industry*"),SUMIF('Industry-capacity'!$A$2:$A$6,$B67,'Industry-capacity'!$C$2:$C$6),SUMIF(INDIRECT($C67&"!A$2:A$20"),$B67,INDIRECT($C67&"!C$2:C$20"))),"") -> 0 | L67: =IF(K67=0,"",IF(ISTEXT($B67),IF(COUNTIF($B67,"*Industry*"),"industry",$C67),"")) | M67: =IF(ISTEXT($B67),IF($K67>0,$I67/$K67,""),"") | O67: =IF(SUM($G67)>0,($I67+$K67)/$G67,"") | P67: =IF(SUM($G67)>0,($I67+$K67)/$G67,"") | Q67: =ROUND(VLOOKUP($B67, $Z$6:$AA$32,2,FALSE) * (1+$AD$6) * (1 + IF(C67="",1, VLOOKUP($C67,$AC$8:$AD$15,2,FALSE))), 2) -> 2.05 | S67: =IF(I67<10, "remove", "") | V67: =_xlfn.XLOOKUP(C67,$W$6:$W$13,$X$6:$X$13) -> ROF
A68: FI00 | B68: wasteHOB | C68: ROF | D68: all | E68: 1 | F68: dh-level:cities | G68: =IF(ISTEXT($B68),IF(COUNTIF($B68,"*Industry*"),SUMIF('Industry-capacity'!$A$2:$A$6,$B68,'Industry-capacity'!$D$2:$D$6),IF(SUMIF(INDIRECT($C68&"!A$2:A$20"),$B68,INDIRECT($C68&"!D$2:D$20"))>0,SUMIF(INDIRECT($C68&"!A$2:A$20"),$B68,INDIRECT($C68&"!D$2:D$20")),"")),"") | H68: =IF(COUNTIF($B68,"*charger*")+COUNTIF($B68,"*disch*"),$C68,"") | I68: =IF(ISTEXT($B68),IF(COUNTIF($B68,"*Industry*"),SUMIF('Industry-capacity'!$A$2:$A$6,$B68,'Industry-capacity'!$B$2:$B$6),SUMIF(INDIRECT($C68&"!A$2:A$20"),$B68,INDIRECT($C68&"!B$2:B$20"))),"") -> 10 | J68: =IF(COUNTIF($B68,"*HOB*")+COUNTIF($B68,"*charger*")+COUNTIF($B68,"*disch*")+COUNTIF($B68,"GSHP")+COUNTIF($B68,"EBoil"),C68,"") -> ROF | K68: =IF(ISTEXT($B68),IF(COUNTIF($B68,"*Industry*"),SUMIF('Industry-capacity'!$A$2:$A$6,$B68,'Industry-capacity'!$C$2:$C$6),SUMIF(INDIRECT($C68&"!A$2:A$20"),$B68,INDIRECT($C68&"!C$2:C$20"))),"") -> 0 | L68: =IF(K68=0,"",IF(ISTEXT($B68),IF(COUNTIF($B68,"*Industry*"),"industry",$C68),"")) | M68: =IF(ISTEXT($B68),IF($K68>0,$I68/$K68,""),"") | O68: =IF(SUM($G68)>0,($I68+$K68)/$G68,"") | P68: =IF(SUM($G68)>0,($I68+$K68)/$G68,"") | Q68: =ROUND(VLOOKUP($B68, $Z$6:$AA$32,2,FALSE) * (1+$AD$6) * (1 + IF(C68="",1, VLOOKUP($C68,$AC$8:$AD$15,2,FALSE))), 2) -> 2.05 | S68: =IF(I68<10, "remove", "") | V68: =_xlfn.XLOOKUP(C68,$W$6:$W$13,$X$6:$X$13) -> ROF
A69: FI00 | B69: bioHOB | C69: ROF | D69: all | E69: 1 | F69: dh-level:cities | G69: =IF(ISTEXT($B69),IF(COUNTIF($B69,"*Industry*"),SUMIF('Industry-capacity'!$A$2:$A$6,$B69,'Industry-capacity'!$D$2:$D$6),IF(SUMIF(INDIRECT($C69&"!A$2:A$20"),$B69,INDIRECT($C69&"!D$2:D$20"))>0,SUMIF(INDIRECT($C69&"!A$2:A$20"),$B69,INDIRECT($C69&"!D$2:D$20")),"")),"") | H69: =IF(COUNTIF($B69,"*charger*")+COUNTIF($B69,"*disch*"),$C69,"") | I69: =IF(ISTEXT($B69),IF(COUNTIF($B69,"*Industry*"),SUMIF('Industry-capacity'!$A$2:$A$6,$B69,'Industry-capacity'!$B$2:$B$6),SUMIF(INDIRECT($C69&"!A$2:A$20"),$B69,INDIRECT($C69&"!B$2:B$20"))),"") -> 2701.9 | J69: =IF(COUNTIF($B69,"*HOB*")+COUNTIF($B69,"*charger*")+COUNTIF($B69,"*disch*")+COUNTIF($B69,"GSHP")+COUNTIF($B69,"EBoil"),C69,"") -> ROF | K69: =IF(ISTEXT($B69),IF(COUNTIF($B69,"*Industry*"),SUMIF('Industry-capacity'!$A$2:$A$6,$B69,'Industry-capacity'!$C$2:$C$6),SUMIF(INDIRECT($C69&"!A$2:A$20"),$B69,INDIRECT($C69&"!C$2:C$20"))),"") -> 0 | L69: =IF(K69=0,"",IF(ISTEXT($B69),IF(COUNTIF($B69,"*Industry*"),"industry",$C69),"")) | M69: =IF(ISTEXT($B69),IF($K69>0,$I69/$K69,""),"") | O69: =IF(SUM($G69)>0,($I69+$K69)/$G69,"") | P69: =IF(SUM($G69)>0,($I69+$K69)/$G69,"") | Q69: =ROUND(VLOOKUP($B69, $Z$6:$AA$32,2,FALSE) * (1+$AD$6) * (1 + IF(C69="",1, VLOOKUP($C69,$AC$8:$AD$15,2,FALSE))), 2) -> 2.05 | S69: =IF(I69<10, "remove", "") | V69: =_xlfn.XLOOKUP(C69,$W$6:$W$13,$X$6:$X$13) -> ROF
A70: FI00 | B70: bioCHP | C70: ROF | D70: all | E70: 1 | F70: dh-level:cities | G70: =IF(ISTEXT($B70),IF(COUNTIF($B70,"*Industry*"),SUMIF('Industry-capacity'!$A$2:$A$6,$B70,'Industry-capacity'!$D$2:$D$6),IF(SUMIF(INDIRECT($C70&"!A$2:A$20"),$B70,INDIRECT($C70&"!D$2:D$20"))>0,SUMIF(INDIRECT($C70&"!A$2:A$20"),$B70,INDIRECT($C70&"!D$2:D$20")),"")),"") | H70: =IF(COUNTIF($B70,"*charger*")+COUNTIF($B70,"*disch*"),$C70,"") | I70: =IF(ISTEXT($B70),IF(COUNTIF($B70,"*Industry*"),SUMIF('Industry-capacity'!$A$2:$A$6,$B70,'Industry-capacity'!$B$2:$B$6),SUMIF(INDIRECT($C70&"!A$2:A$20"),$B70,INDIRECT($C70&"!B$2:B$20"))),"") -> 1426.6 | J70: =IF(COUNTIF($B70,"*HOB*")+COUNTIF($B70,"*charger*")+COUNTIF($B70,"*disch*")+COUNTIF($B70,"GSHP")+COUNTIF($B70,"EBoil"),C70,"") | K70: =IF(ISTEXT($B70),IF(COUNTIF($B70,"*Industry*"),SUMIF('Industry-capacity'!$A$2:$A$6,$B70,'Industry-capacity'!$C$2:$C$6),SUMIF(INDIRECT($C70&"!A$2:A$20"),$B70,INDIRECT($C70&"!C$2:C$20"))),"") -> 3099.3 | L70: =IF(K70=0,"",IF(ISTEXT($B70),IF(COUNTIF($B70,"*Industry*"),"industry",$C70),"")) -> ROF | M70: =IF(ISTEXT($B70),IF($K70>0,$I70/$K70,""),"") -> 0.46029749 | O70: =IF(SUM($G70)>0,($I70+$K70)/$G70,"") | P70: =IF(SUM($G70)>0,($I70+$K70)/$G70,"") | Q70: =ROUND(VLOOKUP($B70, $Z$6:$AA$32,2,FALSE) * (1+$AD$6) * (1 + IF(C70="",1, VLOOKUP($C70,$AC$8:$AD$15,2,FALSE))), 2) -> 2.05 | S70: =IF(I70<10, "remove", "") | V70: =_xlfn.XLOOKUP(C70,$W$6:$W$13,$X$6:$X$13) -> ROF
... A79: FI00 | B79: heatStorageDischLarge | C79: ROF | D79: all | E79: 1 | F79: dh-level:cities | G79: =IF(ISTEXT($B79),IF(COUNTIF($B79,"*Industry*"),SUMIF('Industry-capacity'!$A$2:$A$6,$B79,'Industry-capacity'!$D$2:$D$6),IF(SUMIF(INDIRECT($C79&"!A$2:A$20"),$B79,INDIRECT($C79&"!D$2:D$20"))>0,SUMIF(INDIRECT($C79&"!A$2:A$20"),$B79,INDIRECT($C79&"!D$2:D$20")),"")),"") | H79: =IF(COUNTIF($B79,"*charger*")+COUNTIF($B79,"*disch*"),$C79,"") -> ROF | I79: =IF(ISTEXT($B79),IF(COUNTIF($B79,"*Industry*"),SUMIF('Industry-capacity'!$A$2:$A$6,$B79,'Industry-capacity'!$B$2:$B$6),SUMIF(INDIRECT($C79&"!A$2:A$20"),$B79,INDIRECT($C79&"!B$2:B$20"))),"") -> 170 | J79: =IF(COUNTIF($B79,"*HOB*")+COUNTIF($B79,"*charger*")+COUNTIF($B79,"*disch*")+COUNTIF($B79,"GSHP")+COUNTIF($B79,"EBoil"),C79,"") -> ROF | K79: =IF(ISTEXT($B79),IF(COUNTIF($B79,"*Industry*"),SUMIF('Industry-capacity'!$A$2:$A$6,$B79,'Industry-capacity'!$C$2:$C$6),SUMIF(INDIRECT($C79&"!A$2:A$20"),$B79,INDIRECT($C79&"!C$2:C$20"))),"") -> 0 | L79: =IF(K79=0,"",IF(ISTEXT($B79),IF(COUNTIF($B79,"*Industry*"),"industry",$C79),"")) | M79: =IF(ISTEXT($B79),IF($K79>0,$I79/$K79,""),"") | O79: =IF(SUM($G79)>0,($I79+$K79)/$G79,"") | P79: =IF(SUM($G79)>0,($I79+$K79)/$G79,"") | Q79: =ROUND(VLOOKUP($B79, $Z$6:$AA$32,2,FALSE) * (1+$AD$6) * (1 + IF(C79="",1, VLOOKUP($C79,$AC$8:$AD$15,2,FALSE))), 2) -> 1.75 | S79: =IF(I79<10, "remove", "") | V79: =_xlfn.XLOOKUP(C79,$W$6:$W$13,$X$6:$X$13) -> ROF
A80: ## Industrial CHP
A81: FI00 | B81: bioCHPIndustry | D81: all | E81: 1 | G81: =IF(ISTEXT($B81),IF(COUNTIF($B81,"*Industry*"),SUMIF('Industry-capacity'!$A$2:$A$6,$B81,'Industry-capacity'!$D$2:$D$6),IF(SUMIF(INDIRECT($C81&"!A$2:A$20"),$B81,INDIRECT($C81&"!D$2:D$20"))>0,SUMIF(INDIRECT($C81&"!A$2:A$20"),$B81,INDIRECT($C81&"!D$2:D$20")),"")),"") -> 8433.6667 | H81: =IF(COUNTIF($B81,"*charger*")+COUNTIF($B81,"*disch*"),$C81,"") | I81: =IF(ISTEXT($B81),IF(COUNTIF($B81,"*Industry*"),SUMIF('Industry-capacity'!$A$2:$A$6,$B81,'Industry-capacity'!$B$2:$B$6),SUMIF(INDIRECT($C81&"!A$2:A$20"),$B81,INDIRECT($C81&"!B$2:B$20"))),"") -> 2530.1 | J81: =IF(COUNTIF($B81,"*HOB*")+COUNTIF($B81,"*charger*")+COUNTIF($B81,"*disch*")+COUNTIF($B81,"GSHP")+COUNTIF($B81,"EBoil"),C81,"") | K81: =IF(ISTEXT($B81),IF(COUNTIF($B81,"*Industry*"),SUMIF('Industry-capacity'!$A$2:$A$6,$B81,'Industry-capacity'!$C$2:$C$6),SUMIF(INDIRECT($C81&"!A$2:A$20"),$B81,INDIRECT($C81&"!C$2:C$20"))),"") -> 5060.2 | L81: =IF(K81=0,"",IF(ISTEXT($B81),IF(COUNTIF($B81,"*Industry*"),"industry",$C81),"")) -> industry | M81: =IF(ISTEXT($B81),IF($K81>0,$I81/$K81,""),"") -> 0.5 | N81: 0 | O81: =IF(SUM($G81)>0,($I81+$K81)/$G81,"") -> 0.9 | P81: =IF(SUM($G81)>0,($I81+$K81)/$G81,"") -> 0.9 | Q81: =ROUND(VLOOKUP($B81, $Z$6:$AA$32,2,FALSE) * (1+$AD$6) * (1 + IF(C81="",1, VLOOKUP($C81,$AC$8:$AD$15,2,FALSE))), 2) -> 4.43 | S81: =IF(I81<10, "remove", "")
A82: FI00 | B82: coalCHPIndustry | D82: all | E82: 1 | G82: =IF(ISTEXT($B82),IF(COUNTIF($B82,"*Industry*"),SUMIF('Industry-capacity'!$A$2:$A$6,$B82,'Industry-capacity'!$D$2:$D$6),IF(SUMIF(INDIRECT($C82&"!A$2:A$20"),$B82,INDIRECT($C82&"!D$2:D$20"))>0,SUMIF(INDIRECT($C82&"!A$2:A$20"),$B82,INDIRECT($C82&"!D$2:D$20")),"")),"") -> 650 | H82: =IF(COUNTIF($B82,"*charger*")+COUNTIF($B82,"*disch*"),$C82,"") | I82: =IF(ISTEXT($B82),IF(COUNTIF($B82,"*Industry*"),SUMIF('Industry-capacity'!$A$2:$A$6,$B82,'Industry-capacity'!$B$2:$B$6),SUMIF(INDIRECT($C82&"!A$2:A$20"),$B82,INDIRECT($C82&"!B$2:B$20"))),"") -> 195 | J82: =IF(COUNTIF($B82,"*HOB*")+COUNTIF($B82,"*charger*")+COUNTIF($B82,"*disch*")+COUNTIF($B82,"GSHP")+COUNTIF($B82,"EBoil"),C82,"") | K82: =IF(ISTEXT($B82),IF(COUNTIF($B82,"*Industry*"),SUMIF('Industry-capacity'!$A$2:$A$6,$B82,'Industry-capacity'!$C$2:$C$6),SUMIF(INDIRECT($C82&"!A$2:A$20"),$B82,INDIRECT($C82&"!C$2:C$20"))),"") -> 390 | L82: =IF(K82=0,"",IF(ISTEXT($B82),IF(COUNTIF($B82,"*Industry*"),"industry",$C82),"")) -> industry | M82: =IF(ISTEXT($B82),IF($K82>0,$I82/$K82,""),"") -> 0.5 | N82: 0 | O82: =IF(SUM($G82)>0,($I82+$K82)/$G82,"") -> 0.9 | P82: =IF(SUM($G82)>0,($I82+$K82)/$G82,"") -> 0.9 | Q82: =ROUND(VLOOKUP($B82, $Z$6:$AA$32,2,FALSE) * (1+$AD$6) * (1 + IF(C82="",1, VLOOKUP($C82,$AC$8:$AD$15,2,FALSE))), 2) -> 4.43 | S82: =IF(I82<10, "remove", "")
A83: FI00 | B83: gasCHPIndustry | D83: all | E83: 1 | G83: =IF(ISTEXT($B83),IF(COUNTIF($B83,"*Industry*"),SUMIF('Industry-capacity'!$A$2:$A$6,$B83,'Industry-capacity'!$D$2:$D$6),IF(SUMIF(INDIRECT($C83&"!A$2:A$20"),$B83,INDIRECT($C83&"!D$2:D$20"))>0,SUMIF(INDIRECT($C83&"!A$2:A$20"),$B83,INDIRECT($C83&"!D$2:D$20")),"")),"") -> 1336.6667 | H83: =IF(COUNTIF($B83,"*charger*")+COUNTIF($B83,"*disch*"),$C83,"") | I83: =IF(ISTEXT($B83),IF(COUNTIF($B83,"*Industry*"),SUMIF('Industry-capacity'!$A$2:$A$6,$B83,'Industry-capacity'!$B$2:$B$6),SUMIF(INDIRECT($C83&"!A$2:A$20"),$B83,INDIRECT($C83&"!B$2:B$20"))),"") -> 401 | J83: =IF(COUNTIF($B83,"*HOB*")+COUNTIF($B83,"*charger*")+COUNTIF($B83,"*disch*")+COUNTIF($B83,"GSHP")+COUNTIF($B83,"EBoil"),C83,"") | K83: =IF(ISTEXT($B83),IF(COUNTIF($B83,"*Industry*"),SUMIF('Industry-capacity'!$A$2:$A$6,$B83,'Industry-capacity'!$C$2:$C$6),SUMIF(INDIRECT($C83&"!A$2:A$20"),$B83,INDIRECT($C83&"!C$2:C$20"))),"") -> 802 | L83: =IF(K83=0,"",IF(ISTEXT($B83),IF(COUNTIF($B83,"*Industry*"),"industry",$C83),"")) -> industry | M83: =IF(ISTEXT($B83),IF($K83>0,$I83/$K83,""),"") -> 0.5 | N83: 0 | O83: =IF(SUM($G83)>0,($I83+$K83)/$G83,"") -> 0.9 | P83: =IF(SUM($G83)>0,($I83+$K83)/$G83,"") -> 0.9 | Q83: =ROUND(VLOOKUP($B83, $Z$6:$AA$32,2,FALSE) * (1+$AD$6) * (1 + IF(C83="",1, VLOOKUP($C83,$AC$8:$AD$15,2,FALSE))), 2) -> 4.43 | S83: =IF(I83<10, "remove", "")
A84: ## Removing condensing units
A85: FI00 | B85: gasCCGTOld2 | D85: all | E85: 1 | S85: =IF(I85<10, "remove", "") -> remove
A86: FI00 | B86: gasCCGTpresent1 | D86: all | E86: 1 | S86: =IF(I86<10, "remove", "") -> remove
A87: FI00 | B87: gasOCGTnew | D87: all | E87: 1 | S87: =IF(I87<10, "remove", "") -> remove
A88: FI00 | B88: gasOCGTold | D88: all | E88: 1 | S88: =IF(I88<10, "remove", "") -> remove
A89: FI00 | B89: coalOld1 | D89: all | E89: 1 | S89: =IF(I89<10, "remove", "") -> remove
A90: FI00 | B90: bioCoalNew | D90: all | E90: 1 | S90: =IF(I90<10, "remove", "") -> remove
A91: FI00 | B91: bioCoalOld | D91: all | E91: 1 | S91: =IF(I91<10, "remove", "") -> remove
A92: FI00 | B92: bioCoalOld2 | D92: all | E92: 1 | S92: =IF(I92<10, "remove", "") -> remove
A93: ## Grouped to capital level
A94: FI00 | B94: oilHOB | C94: HKI | D94: all | E94: 1 | F94: dh-level:capitals | G94: =SUMIFS(G$3:G$83, $B$3:$B$83,$B94, $D$3:$D$83,$D94, $E$3:$E$83,$E94, $V$3:$V$83,$C94) -> 0 | H94: =IF(COUNTIF($B94,"*charger*")+COUNTIF($B94,"*disch*"),$C94,"") | I94: =SUMIFS(I$3:I$83, $B$3:$B$83,$B94, $D$3:$D$83,$D94, $E$3:$E$83,$E94, $V$3:$V$83,$C94) -> 851 | J94: =IF(COUNTIF($B94,"*HOB*")+COUNTIF($B94,"*charger*")+COUNTIF($B94,"*disch*")+COUNTIF($B94,"GSHP")+COUNTIF($B94,"EBoil"),C94,"") -> HKI | K94: =SUMIFS(K$3:K$83, $B$3:$B$83,$B94, $D$3:$D$83,$D94, $E$3:$E$83,$E94, $V$3:$V$83,$C94) -> 0 | L94: =IF(K94=0,"",IF(ISTEXT($B94),IF(COUNTIF($B94,"*Industry*"),"industry",$C94),"")) | M94: =IF(ISTEXT($B94),IF($K94>0,$I94/$K94,""),"") | O94: =IF(SUM($G94)>0,($I94+$K94)/$G94,"") | P94: =IF(SUM($G94)>0,($I94+$K94)/$G94,"") | Q94: =ROUND(VLOOKUP($B94, $Z$6:$AA$32,2,FALSE) * (1+$AD$6) * (1 + IF(C94="",1, VLOOKUP($C94,$AC$8:$AD$15,2,FALSE))), 2) -> 2.5
A95: FI00 | B95: gasHOB | C95: HKI | D95: all | E95: 1 | F95: dh-level:capitals | G95: =SUMIFS(G$3:G$83, $B$3:$B$83,$B95, $D$3:$D$83,$D95, $E$3:$E$83,$E95, $V$3:$V$83,$C95) -> 0 | H95: =IF(COUNTIF($B95,"*charger*")+COUNTIF($B95,"*disch*"),$C95,"") | I95: =SUMIFS(I$3:I$83, $B$3:$B$83,$B95, $D$3:$D$83,$D95, $E$3:$E$83,$E95, $V$3:$V$83,$C95) -> 2096.4 | J95: =IF(COUNTIF($B95,"*HOB*")+COUNTIF($B95,"*charger*")+COUNTIF($B95,"*disch*")+COUNTIF($B95,"GSHP")+COUNTIF($B95,"EBoil"),C95,"") -> HKI | K95: =SUMIFS(K$3:K$83, $B$3:$B$83,$B95, $D$3:$D$83,$D95, $E$3:$E$83,$E95, $V$3:$V$83,$C95) -> 0 | L95: =IF(K95=0,"",IF(ISTEXT($B95),IF(COUNTIF($B95,"*Industry*"),"industry",$C95),"")) | M95: =IF(ISTEXT($B95),IF($K95>0,$I95/$K95,""),"") | O95: =IF(SUM($G95)>0,($I95+$K95)/$G95,"") | P95: =IF(SUM($G95)>0,($I95+$K95)/$G95,"") | Q95: =ROUND(VLOOKUP($B95, $Z$6:$AA$32,2,FALSE) * (1+$AD$6) * (1 + IF(C95="",1, VLOOKUP($C95,$AC$8:$AD$15,2,FALSE))), 2) -> 2.5
A96: FI00 | B96: bioHOB | C96: HKI | D96: all | E96: 1 | F96: dh-level:capitals | G96: =SUMIFS(G$3:G$83, $B$3:$B$83,$B96, $D$3:$D$83,$D96, $E$3:$E$83,$E96, $V$3:$V$83,$C96) -> 0 | H96: =IF(COUNTIF($B96,"*charger*")+COUNTIF($B96,"*disch*"),$C96,"") | I96: =SUMIFS(I$3:I$83, $B$3:$B$83,$B96, $D$3:$D$83,$D96, $E$3:$E$83,$E96, $V$3:$V$83,$C96) -> 689 | J96: =IF(COUNTIF($B96,"*HOB*")+COUNTIF($B96,"*charger*")+COUNTIF($B96,"*disch*")+COUNTIF($B96,"GSHP")+COUNTIF($B96,"EBoil"),C96,"") -> HKI | K96: =SUMIFS(K$3:K$83, $B$3:$B$83,$B96, $D$3:$D$83,$D96, $E$3:$E$83,$E96, $V$3:$V$83,$C96) -> 0 | L96: =IF(K96=0,"",IF(ISTEXT($B96),IF(COUNTIF($B96,"*Industry*"),"industry",$C96),"")) | M96: =IF(ISTEXT($B96),IF($K96>0,$I96/$K96,""),"") | O96: =IF(SUM($G96)>0,($I96+$K96)/$G96,"") | P96: =IF(SUM($G96)>0,($I96+$K96)/$G96,"") | Q96: =ROUND(VLOOKUP($B96, $Z$6:$AA$32,2,FALSE) * (1+$AD$6) * (1 + IF(C96="",1, VLOOKUP($C96,$AC$8:$AD$15,2,FALSE))), 2) -> 2.5
A97: FI00 | B97: GSHP | C97: HKI | D97: all | E97: 1 | F97: dh-level:capitals | G97: =SUMIFS(G$3:G$83, $B$3:$B$83,$B97, $D$3:$D$83,$D97, $E$3:$E$83,$E97, $V$3:$V$83,$C97) -> 0 | H97: =IF(COUNTIF($B97,"*charger*")+COUNTIF($B97,"*disch*"),$C97,"") | I97: =SUMIFS(I$3:I$83, $B$3:$B$83,$B97, $D$3:$D$83,$D97, $E$3:$E$83,$E97, $V$3:$V$83,$C97) -> 673.2 | J97: =IF(COUNTIF($B97,"*HOB*")+COUNTIF($B97,"*charger*")+COUNTIF($B97,"*disch*")+COUNTIF($B97,"GSHP")+COUNTIF($B97,"EBoil"),C97,"") -> HKI | K97: =SUMIFS(K$3:K$83, $B$3:$B$83,$B97, $D$3:$D$83,$D97, $E$3:$E$83,$E97, $V$3:$V$83,$C97) -> 0 | L97: =IF(K97=0,"",IF(ISTEXT($B97),IF(COUNTIF($B97,"*Industry*"),"industry",$C97),"")) | M97: =IF(ISTEXT($B97),IF($K97>0,$I97/$K97,""),"") | O97: =IF(SUM($G97)>0,($I97+$K97)/$G97,"") | P97: =IF(SUM($G97)>0,($I97+$K97)/$G97,"") | Q97: =ROUND(VLOOKUP($B97, $Z$6:$AA$32,2,FALSE) * (1+$AD$6) * (1 + IF(C97="",1, VLOOKUP($C97,$AC$8:$AD$15,2,FALSE))), 2) -> 7.5
A98: FI00 | B98: gasCCGTCHP | C98: HKI | D98: all | E98: 1 | F98: dh-level:capitals | G98: =SUMIFS(G$3:G$83, $B$3:$B$83,$B98, $D$3:$D$83,$D98, $E$3:$E$83,$E98, $V$3:$V$83,$C98) -> 2061 | H98: =IF(COUNTIF($B98,"*charger*")+COUNTIF($B98,"*disch*"),$C98,"") | I98: =SUMIFS(I$3:I$83, $B$3:$B$83,$B98, $D$3:$D$83,$D98, $E$3:$E$83,$E98, $V$3:$V$83,$C98) -> 952 | J98: =IF(COUNTIF($B98,"*HOB*")+COUNTIF($B98,"*charger*")+COUNTIF($B98,"*disch*")+COUNTIF($B98,"GSHP")+COUNTIF($B98,"EBoil"),C98,"") | K98: =SUMIFS(K$3:K$83, $B$3:$B$83,$B98, $D$3:$D$83,$D98, $E$3:$E$83,$E98, $V$3:$V$83,$C98) -> 890 | L98: =IF(K98=0,"",IF(ISTEXT($B98),IF(COUNTIF($B98,"*Industry*"),"industry",$C98),"")) -> HKI | M98: =IF(ISTEXT($B98),IF($K98>0,$I98/$K98,""),"") -> 1.0696629 | O98: =IF(SUM($G98)>0,($I98+$K98)/$G98,"") -> 0.8937409 | P98: =IF(SUM($G98)>0,($I98+$K98)/$G98,"") -> 0.8937409 | Q98: =ROUND(VLOOKUP($B98, $Z$6:$AA$32,2,FALSE) * (1+$AD$6) * (1 + IF(C98="",1, VLOOKUP($C98,$AC$8:$AD$15,2,FALSE))), 2) -> 2
A99: FI00 | B99: elecHOB | C99: HKI | D99: all | E99: 1 | F99: dh-level:capitals | G99: =SUMIFS(G$3:G$83, $B$3:$B$83,$B99, $D$3:$D$83,$D99, $E$3:$E$83,$E99, $V$3:$V$83,$C99) -> 0 | H99: =IF(COUNTIF($B99,"*charger*")+COUNTIF($B99,"*disch*"),$C99,"") | I99: =SUMIFS(I$3:I$83, $B$3:$B$83,$B99, $D$3:$D$83,$D99, $E$3:$E$83,$E99, $V$3:$V$83,$C99) -> 870 | J99: =IF(COUNTIF($B99,"*HOB*")+COUNTIF($B99,"*charger*")+COUNTIF($B99,"*disch*")+COUNTIF($B99,"GSHP")+COUNTIF($B99,"EBoil"),C99,"") -> HKI | K99: =SUMIFS(K$3:K$83, $B$3:$B$83,$B99, $D$3:$D$83,$D99, $E$3:$E$83,$E99, $V$3:$V$83,$C99) -> 0 | L99: =IF(K99=0,"",IF(ISTEXT($B99),IF(COUNTIF($B99,"*Industry*"),"industry",$C99),"")) | M99: =IF(ISTEXT($B99),IF($K99>0,$I99/$K99,""),"") | O99: =IF(SUM($G99)>0,($I99+$K99)/$G99,"") | P99: =IF(SUM($G99)>0,($I99+$K99)/$G99,"") | Q99: =ROUND(VLOOKUP($B99, $Z$6:$AA$32,2,FALSE) * (1+$AD$6) * (1 + IF(C99="",1, VLOOKUP($C99,$AC$8:$AD$15,2,FALSE))), 2) -> 1.87
A100: FI00 | B100: HeatStorageCharger | C100: HKI | D100: all | E100: 1 | F100: dh-level:capitals | G100: =SUMIFS(G$3:G$83, $B$3:$B$83,$B100, $D$3:$D$83,$D100, $E$3:$E$83,$E100, $V$3:$V$83,$C100) -> 0 | H100: =IF(COUNTIF($B100,"*charger*")+COUNTIF($B100,"*disch*"),$C100,"") -> HKI | I100: =SUMIFS(I$3:I$83, $B$3:$B$83,$B100, $D$3:$D$83,$D100, $E$3:$E$83,$E100, $V$3:$V$83,$C100) -> 800 | J100: =IF(COUNTIF($B100,"*HOB*")+COUNTIF($B100,"*charger*")+COUNTIF($B100,"*disch*")+COUNTIF($B100,"GSHP")+COUNTIF($B100,"EBoil"),C100,"") -> HKI | K100: =SUMIFS(K$3:K$83, $B$3:$B$83,$B100, $D$3:$D$83,$D100, $E$3:$E$83,$E100, $V$3:$V$83,$C100) -> 0 | L100: =IF(K100=0,"",IF(ISTEXT($B100),IF(COUNTIF($B100,"*Industry*"),"industry",$C100),"")) | M100: =IF(ISTEXT($B100),IF($K100>0,$I100/$K100,""),"") | O100: =IF(SUM($G100)>0,($I100+$K100)/$G100,"") | P100: =IF(SUM($G100)>0,($I100+$K100)/$G100,"") | Q100: =ROUND(VLOOKUP($B100, $Z$6:$AA$32,2,FALSE) * (1+$AD$6) * (1 + IF(C100="",1, VLOOKUP($C100,$AC$8:$AD$15,2,FALSE))), 2) -> 1.75
A101: FI00 | B101: HeatStorageDisch | C101: HKI | D101: all | E101: 1 | F101: dh-level:capitals | G101: =SUMIFS(G$3:G$83, $B$3:$B$83,$B101, $D$3:$D$83,$D101, $E$3:$E$83,$E101, $V$3:$V$83,$C101) -> 0 | H101: =IF(COUNTIF($B101,"*charger*")+COUNTIF($B101,"*disch*"),$C101,"") -> HKI | I101: =SUMIFS(I$3:I$83, $B$3:$B$83,$B101, $D$3:$D$83,$D101, $E$3:$E$83,$E101, $V$3:$V$83,$C101) -> 800 | J101: =IF(COUNTIF($B101,"*HOB*")+COUNTIF($B101,"*charger*")+COUNTIF($B101,"*disch*")+COUNTIF($B101,"GSHP")+COUNTIF($B101,"EBoil"),C101,"") -> HKI | K101: =SUMIFS(K$3:K$83, $B$3:$B$83,$B101, $D$3:$D$83,$D101, $E$3:$E$83,$E101, $V$3:$V$83,$C101) -> 0 | L101: =IF(K101=0,"",IF(ISTEXT($B101),IF(COUNTIF($B101,"*Industry*"),"industry",$C101),"")) | M101: =IF(ISTEXT($B101),IF($K101>0,$I101/$K101,""),"") | O101: =IF(SUM($G101)>0,($I101+$K101)/$G101,"") | P101: =IF(SUM($G101)>0,($I101+$K101)/$G101,"") | Q101: =ROUND(VLOOKUP($B101, $Z$6:$AA$32,2,FALSE) * (1+$AD$6) * (1 + IF(C101="",1, VLOOKUP($C101,$AC$8:$AD$15,2,FALSE))), 2) -> 1.75
A102: FI00 | B102: heatStorageChargerLarge | C102: HKI | D102: all | E102: 1 | F102: dh-level:capitals | G102: =SUMIFS(G$3:G$83, $B$3:$B$83,$B102, $D$3:$D$83,$D102, $E$3:$E$83,$E102, $V$3:$V$83,$C102) -> 0 | H102: =IF(COUNTIF($B102,"*charger*")+COUNTIF($B102,"*disch*"),$C102,"") -> HKI | I102: =SUMIFS(I$3:I$83, $B$3:$B$83,$B102, $D$3:$D$83,$D102, $E$3:$E$83,$E102, $V$3:$V$83,$C102) -> 120 | J102: =IF(COUNTIF($B102,"*HOB*")+COUNTIF($B102,"*charger*")+COUNTIF($B102,"*disch*")+COUNTIF($B102,"GSHP")+COUNTIF($B102,"EBoil"),C102,"") -> HKI | K102: =SUMIFS(K$3:K$83, $B$3:$B$83,$B102, $D$3:$D$83,$D102, $E$3:$E$83,$E102, $V$3:$V$83,$C102) -> 0 | L102: =IF(K102=0,"",IF(ISTEXT($B102),IF(COUNTIF($B102,"*Industry*"),"industry",$C102),"")) | M102: =IF(ISTEXT($B102),IF($K102>0,$I102/$K102,""),"") | O102: =IF(SUM($G102)>0,($I102+$K102)/$G102,"") | P102: =IF(SUM($G102)>0,($I102+$K102)/$G102,"") | Q102: =ROUND(VLOOKUP($B102, $Z$6:$AA$32,2,FALSE) * (1+$AD$6) * (1 + IF(C102="",1, VLOOKUP($C102,$AC$8:$AD$15,2,FALSE))), 2) -> 2.12
A103: FI00 | B103: heatStorageDischLarge | C103: HKI | D103: all | E103: 1 | F103: dh-level:capitals | G103: =SUMIFS(G$3:G$83, $B$3:$B$83,$B103, $D$3:$D$83,$D103, $E$3:$E$83,$E103, $V$3:$V$83,$C103) -> 0 | H103: =IF(COUNTIF($B103,"*charger*")+COUNTIF($B103,"*disch*"),$C103,"") -> HKI | I103: =SUMIFS(I$3:I$83, $B$3:$B$83,$B103, $D$3:$D$83,$D103, $E$3:$E$83,$E103, $V$3:$V$83,$C103) -> 120 | J103: =IF(COUNTIF($B103,"*HOB*")+COUNTIF($B103,"*charger*")+COUNTIF($B103,"*disch*")+COUNTIF($B103,"GSHP")+COUNTIF($B103,"EBoil"),C103,"") -> HKI | K103: =SUMIFS(K$3:K$83, $B$3:$B$83,$B103, $D$3:$D$83,$D103, $E$3:$E$83,$E103, $V$3:$V$83,$C103) -> 0 | L103: =IF(K103=0,"",IF(ISTEXT($B103),IF(COUNTIF($B103,"*Industry*"),"industry",$C103),"")) | M103: =IF(ISTEXT($B103),IF($K103>0,$I103/$K103,""),"") | O103: =IF(SUM($G103)>0,($I103+$K103)/$G103,"") | P103: =IF(SUM($G103)>0,($I103+$K103)/$G103,"") | Q103: =ROUND(VLOOKUP($B103, $Z$6:$AA$32,2,FALSE) * (1+$AD$6) * (1 + IF(C103="",1, VLOOKUP($C103,$AC$8:$AD$15,2,FALSE))), 2) -> 2.12
A104: FI00 | B104: gasOCGTCHP | C104: HKI | D104: all | E104: 1 | F104: dh-level:capitals | G104: =SUMIFS(G$3:G$83, $B$3:$B$83,$B104, $D$3:$D$83,$D104, $E$3:$E$83,$E104, $V$3:$V$83,$C104) -> 132 | H104: =IF(COUNTIF($B104,"*charger*")+COUNTIF($B104,"*disch*"),$C104,"") | I104: =SUMIFS(I$3:I$83, $B$3:$B$83,$B104, $D$3:$D$83,$D104, $E$3:$E$83,$E104, $V$3:$V$83,$C104) -> 49 | J104: =IF(COUNTIF($B104,"*HOB*")+COUNTIF($B104,"*charger*")+COUNTIF($B104,"*disch*")+COUNTIF($B104,"GSHP")+COUNTIF($B104,"EBoil"),C104,"") | K104: =SUMIFS(K$3:K$83, $B$3:$B$83,$B104, $D$3:$D$83,$D104, $E$3:$E$83,$E104, $V$3:$V$83,$C104) -> 80 | L104: =IF(K104=0,"",IF(ISTEXT($B104),IF(COUNTIF($B104,"*Industry*"),"industry",$C104),"")) -> HKI | M104: =IF(ISTEXT($B104),IF($K104>0,$I104/$K104,""),"") -> 0.6125 | O104: =IF(SUM($G104)>0,($I104+$K104)/$G104,"") -> 0.97727273 | P104: =IF(SUM($G104)>0,($I104+$K104)/$G104,"") -> 0.97727273 | Q104: =ROUND(VLOOKUP($B104, $Z$6:$AA$32,2,FALSE) * (1+$AD$6) * (1 + IF(C104="",1, VLOOKUP($C104,$AC$8:$AD$15,2,FALSE))), 2) -> 2
A105: FI00 | B105: wasteHOB | C105: HKI | D105: all | E105: 1 | F105: dh-level:capitals | G105: =SUMIFS(G$3:G$83, $B$3:$B$83,$B105, $D$3:$D$83,$D105, $E$3:$E$83,$E105, $V$3:$V$83,$C105) -> 0 | H105: =IF(COUNTIF($B105,"*charger*")+COUNTIF($B105,"*disch*"),$C105,"") | I105: =SUMIFS(I$3:I$83, $B$3:$B$83,$B105, $D$3:$D$83,$D105, $E$3:$E$83,$E105, $V$3:$V$83,$C105) -> 80 | J105: =IF(COUNTIF($B105,"*HOB*")+COUNTIF($B105,"*charger*")+COUNTIF($B105,"*disch*")+COUNTIF($B105,"GSHP")+COUNTIF($B105,"EBoil"),C105,"") -> HKI | K105: =SUMIFS(K$3:K$83, $B$3:$B$83,$B105, $D$3:$D$83,$D105, $E$3:$E$83,$E105, $V$3:$V$83,$C105) -> 0 | L105: =IF(K105=0,"",IF(ISTEXT($B105),IF(COUNTIF($B105,"*Industry*"),"industry",$C105),"")) | M105: =IF(ISTEXT($B105),IF($K105>0,$I105/$K105,""),"") | O105: =IF(SUM($G105)>0,($I105+$K105)/$G105,"") | P105: =IF(SUM($G105)>0,($I105+$K105)/$G105,"") | Q105: =ROUND(VLOOKUP($B105, $Z$6:$AA$32,2,FALSE) * (1+$AD$6) * (1 + IF(C105="",1, VLOOKUP($C105,$AC$8:$AD$15,2,FALSE))), 2) -> 2.5
... A122: FI00 | B122: wasteHOB | C122: ROF | D122: all | E122: 1 | F122: dh-level:capitals | G122: =SUMIFS(G$3:G$83, $B$3:$B$83,$B122, $D$3:$D$83,$D122, $E$3:$E$83,$E122, $V$3:$V$83,$C122) -> 0 | H122: =IF(COUNTIF($B122,"*charger*")+COUNTIF($B122,"*disch*"),$C122,"") | I122: =SUMIFS(I$3:I$83, $B$3:$B$83,$B122, $D$3:$D$83,$D122, $E$3:$E$83,$E122, $V$3:$V$83,$C122) -> 10 | J122: =IF(COUNTIF($B122,"*HOB*")+COUNTIF($B122,"*charger*")+COUNTIF($B122,"*disch*")+COUNTIF($B122,"GSHP")+COUNTIF($B122,"EBoil"),C122,"") -> ROF | K122: =SUMIFS(K$3:K$83, $B$3:$B$83,$B122, $D$3:$D$83,$D122, $E$3:$E$83,$E122, $V$3:$V$83,$C122) -> 0 | L122: =IF(K122=0,"",IF(ISTEXT($B122),IF(COUNTIF($B122,"*Industry*"),"industry",$C122),"")) | M122: =IF(ISTEXT($B122),IF($K122>0,$I122/$K122,""),"") | O122: =IF(SUM($G122)>0,($I122+$K122)/$G122,"") | P122: =IF(SUM($G122)>0,($I122+$K122)/$G122,"") | Q122: =ROUND(VLOOKUP($B122, $Z$6:$AA$32,2,FALSE) * (1+$AD$6) * (1 + IF(C122="",1, VLOOKUP($C122,$AC$8:$AD$15,2,FALSE))), 2) -> 2.05
A123: ## Grouped to national level
A124: FI00 | B124: oilHOB | D124: all | E124: 1 | F124: dh-level:national | G124: =SUMIFS(G$94:G$122,$B$94:$B$122,$B124) -> 0 | I124: =SUMIFS(I$94:I$122,$B$94:$B$122,$B124) -> 5848.3 | K124: =SUMIFS(K$94:K$122,$B$94:$B$122,$B124) -> 0
A125: FI00 | B125: gasHOB | D125: all | E125: 1 | F125: dh-level:national | G125: =SUMIFS(G$94:G$122,$B$94:$B$122,$B125) -> 0 | I125: =SUMIFS(I$94:I$122,$B$94:$B$122,$B125) -> 4184.5 | K125: =SUMIFS(K$94:K$122,$B$94:$B$122,$B125) -> 0
A126: FI00 | B126: bioHOB | D126: all | E126: 1 | F126: dh-level:national | G126: =SUMIFS(G$94:G$122,$B$94:$B$122,$B126) -> 0 | I126: =SUMIFS(I$94:I$122,$B$94:$B$122,$B126) -> 3616.5 | K126: =SUMIFS(K$94:K$122,$B$94:$B$122,$B126) -> 0
A127: FI00 | B127: GSHP | D127: all | E127: 1 | F127: dh-level:national | G127: =SUMIFS(G$94:G$122,$B$94:$B$122,$B127) -> 0 | I127: =SUMIFS(I$94:I$122,$B$94:$B$122,$B127) -> 933.5 | K127: =SUMIFS(K$94:K$122,$B$94:$B$122,$B127) -> 0
...

Sheet variantdata
A1: variant | B1: option | C1: default | D1: check | E1: description
A2: dh-level | B2: national | D2: totals | E2: one heat node per country
A3: dh-level | B3: capitals | C3: yes | D3: totals | E3: capital region, rest of the country
A4: dh-level | B4: cities | D4: totals | E4: major cities separately

Sheet HKI
A1: unittype | B1: Output 1 | C1: output 2 | D1: Input 1 | F1: Add unit to "unit data" | G1: Multiple units in "unit data"
A2: {=_xlfn.UNIQUE(_xlfn._xlws.FILTER(N23:N82,(ISTEXT(N23:N82))*(N23:N82<>"Excluded")*(N23:N82<>"Included in industry")*(N23:N82<>"unittype")))} -> oilHOB | B2: =IF(COUNTIF($A2,"*HOB*")+COUNTIF($A2,"*charger*")+COUNTIF($A2,"*disch*")+COUNTIF($A2,"GSHP")+COUNTIF($A2,"elecHOB"),SUMIF($N$23:$N$82,$A2,$I$23:$I$82),SUMIF($N$23:$N$82,$A2,$J$23:$J$82)) -> 671 | C2: =IF(COUNTIF($A2,"*HOB*")+COUNTIF($A2,"*charger*")+COUNTIF($A2,"*disch*")+COUNTIF($A2,"GSHP")+COUNTIF($A2,"elecHOB"),SUMIF($N$23:$N$82,$A2,$J$23:$J$82),SUMIF($N$23:$N$82,$A2,$I$23:$I$82)) -> 0 | D2: =IF(COUNTIFS($K$23:$K$82,">0",$N$23:$N$82,$A2)=COUNTIF($N$23:$N$82,$A2),SUMIF($N$23:$N$82,$A2,$K$23:$K$82),"") | F2: =IF(ISTEXT($A2),IF(COUNTIFS(unitdata_Finland!$B$3:$B$85,$A2,unitdata_Finland!$C$3:$C$85,"*HKI*"),"","Add the unit!"),"") | G2: =IF(COUNTIFS(unitdata_Finland!$B$3:$B$85,$A2,unitdata_Finland!$C$3:$C$85,"*HKI*")>1,"Warning!","")
A3: gasHOB | B3: =IF(COUNTIF($A3,"*HOB*")+COUNTIF($A3,"*charger*")+COUNTIF($A3,"*disch*")+COUNTIF($A3,"GSHP")+COUNTIF($A3,"elecHOB"),SUMIF($N$23:$N$82,$A3,$I$23:$I$82),SUMIF($N$23:$N$82,$A3,$J$23:$J$82)) -> 912 | C3: =IF(COUNTIF($A3,"*HOB*")+COUNTIF($A3,"*charger*")+COUNTIF($A3,"*disch*")+COUNTIF($A3,"GSHP")+COUNTIF($A3,"elecHOB"),SUMIF($N$23:$N$82,$A3,$J$23:$J$82),SUMIF($N$23:$N$82,$A3,$I$23:$I$82)) -> 0 | D3: =IF(COUNTIFS($K$23:$K$82,">0",$N$23:$N$82,$A3)=COUNTIF($N$23:$N$82,$A3),SUMIF($N$23:$N$82,$A3,$K$23:$K$82),"") | F3: =IF(ISTEXT($A3),IF(COUNTIFS(unitdata_Finland!$B$3:$B$85,$A3,unitdata_Finland!$C$3:$C$85,"*HKI*"),"","Add the unit!"),"") | G3: =IF(COUNTIFS(unitdata_Finland!$B$3:$B$85,$A3,unitdata_Finland!$C$3:$C$85,"*HKI*")>1,"Warning!","")
A4: bioHOB | B4: =IF(COUNTIF($A4,"*HOB*")+COUNTIF($A4,"*charger*")+COUNTIF($A4,"*disch*")+COUNTIF($A4,"GSHP")+COUNTIF($A4,"elecHOB"),SUMIF($N$23:$N$82,$A4,$I$23:$I$82),SUMIF($N$23:$N$82,$A4,$J$23:$J$82)) -> 527 | C4: =IF(COUNTIF($A4,"*HOB*")+COUNTIF($A4,"*charger*")+COUNTIF($A4,"*disch*")+COUNTIF($A4,"GSHP")+COUNTIF($A4,"elecHOB"),SUMIF($N$23:$N$82,$A4,$J$23:$J$82),SUMIF($N$23:$N$82,$A4,$I$23:$I$82)) -> 0 | D4: =IF(COUNTIFS($K$23:$K$82,">0",$N$23:$N$82,$A4)=COUNTIF($N$23:$N$82,$A4),SUMIF($N$23:$N$82,$A4,$K$23:$K$82),"") | F4: =IF(ISTEXT($A4),IF(COUNTIFS(unitdata_Finland!$B$3:$B$85,$A4,unitdata_Finland!$C$3:$C$85,"*HKI*"),"","Add the unit!"),"") | G4: =IF(COUNTIFS(unitdata_Finland!$B$3:$B$85,$A4,unitdata_Finland!$C$3:$C$85,"*HKI*")>1,"Warning!","")
A5: GSHP | B5: =IF(COUNTIF($A5,"*HOB*")+COUNTIF($A5,"*charger*")+COUNTIF($A5,"*disch*")+COUNTIF($A5,"GSHP")+COUNTIF($A5,"elecHOB"),SUMIF($N$23:$N$82,$A5,$I$23:$I$82),SUMIF($N$23:$N$82,$A5,$J$23:$J$82)) -> 343.2 | C5: =IF(COUNTIF($A5,"*HOB*")+COUNTIF($A5,"*charger*")+COUNTIF($A5,"*disch*")+COUNTIF($A5,"GSHP")+COUNTIF($A5,"elecHOB"),SUMIF($N$23:$N$82,$A5,$J$23:$J$82),SUMIF($N$23:$N$82,$A5,$I$23:$I$82)) -> 0 | D5: =IF(COUNTIFS($K$23:$K$82,">0",$N$23:$N$82,$A5)=COUNTIF($N$23:$N$82,$A5),SUMIF($N$23:$N$82,$A5,$K$23:$K$82),"") | F5: =IF(ISTEXT($A5),IF(COUNTIFS(unitdata_Finland!$B$3:$B$85,$A5,unitdata_Finland!$C$3:$C$85,"*HKI*"),"","Add the unit!"),"") | G5: =IF(COUNTIFS(unitdata_Finland!$B$3:$B$85,$A5,unitdata_Finland!$C$3:$C$85,"*HKI*")>1,"Warning!","")
A6: gasCCGTCHP | B6: =IF(COUNTIF($A6,"*HOB*")+COUNTIF($A6,"*charger*")+COUNTIF($A6,"*disch*")+COUNTIF($A6,"GSHP")+COUNTIF($A6,"elecHOB"),SUMIF($N$23:$N$82,$A6,$I$23:$I$82),SUMIF($N$23:$N$82,$A6,$J$23:$J$82)) -> 630 | C6: =IF(COUNTIF($A6,"*HOB*")+COUNTIF($A6,"*charger*")+COUNTIF($A6,"*disch*")+COUNTIF($A6,"GSHP")+COUNTIF($A6,"elecHOB"),SUMIF($N$23:$N$82,$A6,$J$23:$J$82),SUMIF($N$23:$N$82,$A6,$I$23:$I$82)) -> 587 | D6: =IF(COUNTIFS($K$23:$K$82,">0",$N$23:$N$82,$A6)=COUNTIF($N$23:$N$82,$A6),SUMIF($N$23:$N$82,$A6,$K$23:$K$82),"") -> 1343 | F6: =IF(ISTEXT($A6),IF(COUNTIFS(unitdata_Finland!$B$3:$B$85,$A6,unitdata_Finland!$C$3:$C$85,"*HKI*"),"","Add the unit!"),"") | G6: =IF(COUNTIFS(unitdata_Finland!$B$3:$B$85,$A6,unitdata_Finland!$C$3:$C$85,"*HKI*")>1,"Warning!","")
A7: elecHOB | B7: =IF(COUNTIF($A7,"*HOB*")+COUNTIF($A7,"*charger*")+COUNTIF($A7,"*disch*")+COUNTIF($A7,"GSHP")+COUNTIF($A7,"elecHOB"),SUMIF($N$23:$N$82,$A7,$I$23:$I$82),SUMIF($N$23:$N$82,$A7,$J$23:$J$82)) -> 540 | C7: =IF(COUNTIF($A7,"*HOB*")+COUNTIF($A7,"*charger*")+COUNTIF($A7,"*disch*")+COUNTIF($A7,"GSHP")+COUNTIF($A7,"elecHOB"),SUMIF($N$23:$N$82,$A7,$J$23:$J$82),SUMIF($N$23:$N$82,$A7,$I$23:$I$82)) -> 0 | D7: =IF(COUNTIFS($K$23:$K$82,">0",$N$23:$N$82,$A7)=COUNTIF($N$23:$N$82,$A7),SUMIF($N$23:$N$82,$A7,$K$23:$K$82),"") | F7: =IF(ISTEXT($A7),IF(COUNTIFS(unitdata_Finland!$B$3:$B$85,$A7,unitdata_Finland!$C$3:$C$85,"*HKI*"),"","Add the unit!"),"") | G7: =IF(COUNTIFS(unitdata_Finland!$B$3:$B$85,$A7,unitdata_Finland!$C$3:$C$85,"*HKI*")>1,"Warning!","")
A8: HeatStorageCharger | B8: =IF(COUNTIF($A8,"*HOB*")+COUNTIF($A8,"*charger*")+COUNTIF($A8,"*disch*")+COUNTIF($A8,"GSHP")+COUNTIF($A8,"elecHOB"),SUMIF($N$23:$N$82,$A8,$I$23:$I$82),SUMIF($N$23:$N$82,$A8,$J$23:$J$82)) -> 340 | C8: =IF(COUNTIF($A8,"*HOB*")+COUNTIF($A8,"*charger*")+COUNTIF($A8,"*disch*")+COUNTIF($A8,"GSHP")+COUNTIF($A8,"elecHOB"),SUMIF($N$23:$N$82,$A8,$J$23:$J$82),SUMIF($N$23:$N$82,$A8,$I$23:$I$82)) -> 0 | D8: =IF(COUNTIFS($K$23:$K$82,">0",$N$23:$N$82,$A8)=COUNTIF($N$23:$N$82,$A8),SUMIF($N$23:$N$82,$A8,$K$23:$K$82),"") | F8: =IF(ISTEXT($A8),IF(COUNTIFS(unitdata_Finland!$B$3:$B$85,$A8,unitdata_Finland!$C$3:$C$85,"*HKI*"),"","Add the unit!"),"") | G8: =IF(COUNTIFS(unitdata_Finland!$B$3:$B$85,$A8,unitdata_Finland!$C$3:$C$85,"*HKI*")>1,"Warning!","")
A9: HeatStorageDisch | B9: =IF(COUNTIF($A9,"*HOB*")+COUNTIF($A9,"*charger*")+COUNTIF($A9,"*disch*")+COUNTIF($A9,"GSHP")+COUNTIF($A9,"elecHOB"),SUMIF($N$23:$N$82,$A9,$I$23:$I$82),SUMIF($N$23:$N$82,$A9,$J$23:$J$82)) -> 340 | C9: =IF(COUNTIF($A9,"*HOB*")+COUNTIF($A9,"*charger*")+COUNTIF($A9,"*disch*")+COUNTIF($A9,"GSHP")+COUNTIF($A9,"elecHOB"),SUMIF($N$23:$N$82,$A9,$J$23:$J$82),SUMIF($N$23:$N$82,$A9,$I$23:$I$82)) -> 0 | D9: =IF(COUNTIFS($K$23:$K$82,">0",$N$23:$N$82,$A9)=COUNTIF($N$23:$N$82,$A9),SUMIF($N$23:$N$82,$A9,$K$23:$K$82),"") | F9: =IF(ISTEXT($A9),IF(COUNTIFS(unitdata_Finland!$B$3:$B$85,$A9,unitdata_Finland!$C$3:$C$85,"*HKI*"),"","Add the unit!"),"") | G9: =IF(COUNTIFS(unitdata_Finland!$B$3:$B$85,$A9,unitdata_Finland!$C$3:$C$85,"*HKI*")>1,"Warning!","")
A10: heatStorageChargerLarge | B10: =IF(COUNTIF($A10,"*HOB*")+COUNTIF($A10,"*charger*")+COUNTIF($A10,"*disch*")+COUNTIF($A10,"GSHP")+COUNTIF($A10,"elecHOB"),SUMIF($N$23:$N$82,$A10,$I$23:$I$82),SUMIF($N$23:$N$82,$A10,$J$23:$J$82)) -> 120 | C10: =IF(COUNTIF($A10,"*HOB*")+COUNTIF($A10,"*charger*")+COUNTIF($A10,"*disch*")+COUNTIF($A10,"GSHP")+COUNTIF($A10,"elecHOB"),SUMIF($N$23:$N$82,$A10,$J$23:$J$82),SUMIF($N$23:$N$82,$A10,$I$23:$I$82)) -> 0 | D10: =IF(COUNTIFS($K$23:$K$82,">0",$N$23:$N$82,$A10)=COUNTIF($N$23:$N$82,$A10),SUMIF($N$23:$N$82,$A10,$K$23:$K$82),"") | F10: =IF(ISTEXT($A10),IF(COUNTIFS(unitdata_Finland!$B$3:$B$85,$A10,unitdata_Finland!$C$3:$C$85,"*HKI*"),"","Add the unit!"),"") | G10: =IF(COUNTIFS(unitdata_Finland!$B$3:$B$85,$A10,unitdata_Finland!$C$3:$C$85,"*HKI*")>1,"Warning!","")
A11: heatStorageDischLarge | B11: =IF(COUNTIF($A11,"*HOB*")+COUNTIF($A11,"*charger*")+COUNTIF($A11,"*disch*")+COUNTIF($A11,"GSHP")+COUNTIF($A11,"elecHOB"),SUMIF($N$23:$N$82,$A11,$I$23:$I$82),SUMIF($N$23:$N$82,$A11,$J$23:$J$82)) -> 120 | C11: =IF(COUNTIF($A11,"*HOB*")+COUNTIF($A11,"*charger*")+COUNTIF($A11,"*disch*")+COUNTIF($A11,"GSHP")+COUNTIF($A11,"elecHOB"),SUMIF($N$23:$N$82,$A11,$J$23:$J$82),SUMIF($N$23:$N$82,$A11,$I$23:$I$82)) -> 0 | D11: =IF(COUNTIFS($K$23:$K$82,">0",$N$23:$N$82,$A11)=COUNTIF($N$23:$N$82,$A11),SUMIF($N$23:$N$82,$A11,$K$23:$K$82),"") | F11: =IF(ISTEXT($A11),IF(COUNTIFS(unitdata_Finland!$B$3:$B$85,$A11,unitdata_Finland!$C$3:$C$85,"*HKI*"),"","Add the unit!"),"") | G11: =IF(COUNTIFS(unitdata_Finland!$B$3:$B$85,$A11,unitdata_Finland!$C$3:$C$85,"*HKI*")>1,"Warning!","")
B12: =IF(COUNTIF($A12,"*HOB*")+COUNTIF($A12,"*charger*")+COUNTIF($A12,"*disch*")+COUNTIF($A12,"GSHP")+COUNTIF($A12,"elecHOB"),SUMIF($N$23:$N$82,$A12,$I$23:$I$82),SUMIF($N$23:$N$82,$A12,$J$23:$J$82)) -> 0 | C12: =IF(COUNTIF($A12,"*HOB*")+COUNTIF($A12,"*charger*")+COUNTIF($A12,"*disch*")+COUNTIF($A12,"GSHP")+COUNTIF($A12,"elecHOB"),SUMIF($N$23:$N$82,$A12,$J$23:$J$82),SUMIF($N$23:$N$82,$A12,$I$23:$I$82)) -> 0 | D12: =IF(COUNTIFS($K$23:$K$82,">0",$N$23:$N$82,$A12)=COUNTIF($N$23:$N$82,$A12),SUMIF($N$23:$N$82,$A12,$K$23:$K$82),"") -> 0 | F12: =IF(ISTEXT($A12),IF(COUNTIFS(unitdata_Finland!$B$3:$B$85,$A12,unitdata_Finland!$C$3:$C$85,"*HKI*"),"","Add the unit!"),"") | G12: =IF(COUNTIFS(unitdata_Finland!$B$3:$B$85,$A12,unitdata_Finland!$C$3:$C$85,"*HKI*")>1,"Warning!","")
B13: =IF(COUNTIF($A13,"*HOB*")+COUNTIF($A13,"*charger*")+COUNTIF($A13,"*disch*")+COUNTIF($A13,"GSHP")+COUNTIF($A13,"elecHOB"),SUMIF($N$23:$N$82,$A13,$I$23:$I$82),SUMIF($N$23:$N$82,$A13,$J$23:$J$82)) -> 0 | C13: =IF(COUNTIF($A13,"*HOB*")+COUNTIF($A13,"*charger*")+COUNTIF($A13,"*disch*")+COUNTIF($A13,"GSHP")+COUNTIF($A13,"elecHOB"),SUMIF($N$23:$N$82,$A13,$J$23:$J$82),SUMIF($N$23:$N$82,$A13,$I$23:$I$82)) -> 0 | D13: =IF(COUNTIFS($K$23:$K$82,">0",$N$23:$N$82,$A13)=COUNTIF($N$23:$N$82,$A13),SUMIF($N$23:$N$82,$A13,$K$23:$K$82),"") -> 0 | F13: =IF(ISTEXT($A13),IF(COUNTIFS(unitdata_Finland!$B$3:$B$85,$A13,unitdata_Finland!$C$3:$C$85,"*HKI*"),"","Add the unit!"),"") | G13: =IF(COUNTIFS(unitdata_Finland!$B$3:$B$85,$A13,unitdata_Finland!$C$3:$C$85,"*HKI*")>1,"Warning!","")
B14: =IF(COUNTIF($A14,"*HOB*")+COUNTIF($A14,"*charger*")+COUNTIF($A14,"*disch*")+COUNTIF($A14,"GSHP")+COUNTIF($A14,"elecHOB"),SUMIF($N$23:$N$82,$A14,$I$23:$I$82),SUMIF($N$23:$N$82,$A14,$J$23:$J$82)) -> 0 | C14: =IF(COUNTIF($A14,"*HOB*")+COUNTIF($A14,"*charger*")+COUNTIF($A14,"*disch*")+COUNTIF($A14,"GSHP")+COUNTIF($A14,"elecHOB"),SUMIF($N$23:$N$82,$A14,$J$23:$J$82),SUMIF($N$23:$N$82,$A14,$I$23:$I$82)) -> 0 | D14: =IF(COUNTIFS($K$23:$K$82,">0",$N$23:$N$82,$A14)=COUNTIF($N$23:$N$82,$A14),SUMIF($N$23:$N$82,$A14,$K$23:$K$82),"") -> 0 | F14: =IF(ISTEXT($A14),IF(COUNTIFS(unitdata_Finland!$B$3:$B$85,$A14,unitdata_Finland!$C$3:$C$85,"*HKI*"),"","Add the unit!"),"") | G14: =IF(COUNTIFS(unitdata_Finland!$B$3:$B$85,$A14,unitdata_Finland!$C$3:$C$85,"*HKI*")>1,"Warning!","")
B15: =IF(COUNTIF($A15,"*HOB*")+COUNTIF($A15,"*charger*")+COUNTIF($A15,"*disch*")+COUNTIF($A15,"GSHP")+COUNTIF($A15,"elecHOB"),SUMIF($N$23:$N$82,$A15,$I$23:$I$82),SUMIF($N$23:$N$82,$A15,$J$23:$J$82)) -> 0 | C15: =IF(COUNTIF($A15,"*HOB*")+COUNTIF($A15,"*charger*")+COUNTIF($A15,"*disch*")+COUNTIF($A15,"GSHP")+COUNTIF($A15,"elecHOB"),SUMIF($N$23:$N$82,$A15,$J$23:$J$82),SUMIF($N$23:$N$82,$A15,$I$23:$I$82)) -> 0 | D15: =IF(COUNTIFS($K$23:$K$82,">0",$N$23:$N$82,$A15)=COUNTIF($N$23:$N$82,$A15),SUMIF($N$23:$N$82,$A15,$K$23:$K$82),"") -> 0 | F15: =IF(ISTEXT($A15),IF(COUNTIFS(unitdata_Finland!$B$3:$B$85,$A15,unitdata_Finland!$C$3:$C$85,"*HKI*"),"","Add the unit!"),"") | G15: =IF(COUNTIFS(unitdata_Finland!$B$3:$B$85,$A15,unitdata_Finland!$C$3:$C$85,"*HKI*")>1,"Warning!","")
B16: =IF(COUNTIF($A16,"*HOB*")+COUNTIF($A16,"*charger*")+COUNTIF($A16,"*disch*")+COUNTIF($A16,"GSHP")+COUNTIF($A16,"elecHOB"),SUMIF($N$23:$N$82,$A16,$I$23:$I$82),SUMIF($N$23:$N$82,$A16,$J$23:$J$82)) -> 0 | C16: =IF(COUNTIF($A16,"*HOB*")+COUNTIF($A16,"*charger*")+COUNTIF($A16,"*disch*")+COUNTIF($A16,"GSHP")+COUNTIF($A16,"elecHOB"),SUMIF($N$23:$N$82,$A16,$J$23:$J$82),SUMIF($N$23:$N$82,$A16,$I$23:$I$82)) -> 0 | D16: =IF(COUNTIFS($K$23:$K$82,">0",$N$23:$N$82,$A16)=COUNTIF($N$23:$N$82,$A16),SUMIF($N$23:$N$82,$A16,$K$23:$K$82),"") -> 0 | F16: =IF(ISTEXT($A16),IF(COUNTIFS(unitdata_Finland!$B$3:$B$85,$A16,unitdata_Finland!$C$3:$C$85,"*HKI*"),"","Add the unit!"),"") | G16: =IF(COUNTIFS(unitdata_Finland!$B$3:$B$85,$A16,unitdata_Finland!$C$3:$C$85,"*HKI*")>1,"Warning!","")
B17: =IF(COUNTIF($A17,"*HOB*")+COUNTIF($A17,"*charger*")+COUNTIF($A17,"*disch*")+COUNTIF($A17,"GSHP")+COUNTIF($A17,"elecHOB"),SUMIF($N$23:$N$82,$A17,$I$23:$I$82),SUMIF($N$23:$N$82,$A17,$J$23:$J$82)) -> 0 | C17: =IF(COUNTIF($A17,"*HOB*")+COUNTIF($A17,"*charger*")+COUNTIF($A17,"*disch*")+COUNTIF($A17,"GSHP")+COUNTIF($A17,"elecHOB"),SUMIF($N$23:$N$82,$A17,$J$23:$J$82),SUMIF($N$23:$N$82,$A17,$I$23:$I$82)) -> 0 | D17: =IF(COUNTIFS($K$23:$K$82,">0",$N$23:$N$82,$A17)=COUNTIF($N$23:$N$82,$A17),SUMIF($N$23:$N$82,$A17,$K$23:$K$82),"") -> 0 | F17: =IF(ISTEXT($A17),IF(COUNTIFS(unitdata_Finland!$B$3:$B$85,$A17,unitdata_Finland!$C$3:$C$85,"*HKI*"),"","Add the unit!"),"") | G17: =IF(COUNTIFS(unitdata_Finland!$B$3:$B$85,$A17,unitdata_Finland!$C$3:$C$85,"*HKI*")>1,"Warning!","")
B18: =IF(COUNTIF($A18,"*HOB*")+COUNTIF($A18,"*charger*")+COUNTIF($A18,"*disch*")+COUNTIF($A18,"GSHP")+COUNTIF($A18,"elecHOB"),SUMIF($N$23:$N$82,$A18,$I$23:$I$82),SUMIF($N$23:$N$82,$A18,$J$23:$J$82)) -> 0 | C18: =IF(COUNTIF($A18,"*HOB*")+COUNTIF($A18,"*charger*")+COUNTIF($A18,"*disch*")+COUNTIF($A18,"GSHP")+COUNTIF($A18,"elecHOB"),SUMIF($N$23:$N$82,$A18,$J$23:$J$82),SUMIF($N$23:$N$82,$A18,$I$23:$I$82)) -> 0 | D18: =IF(COUNTIFS($K$23:$K$82,">0",$N$23:$N$82,$A18)=COUNTIF($N$23:$N$82,$A18),SUMIF($N$23:$N$82,$A18,$K$23:$K$82),"") -> 0 | F18: =IF(ISTEXT($A18),IF(COUNTIFS(unitdata_Finland!$B$3:$B$85,$A18,unitdata_Finland!$C$3:$C$85,"*HKI*"),"","Add the unit!"),"") | G18: =IF(COUNTIFS(unitdata_Finland!$B$3:$B$85,$A18,unitdata_Finland!$C$3:$C$85,"*HKI*")>1,"Warning!","")
B19: =IF(COUNTIF($A19,"*HOB*")+COUNTIF($A19,"*charger*")+COUNTIF($A19,"*disch*")+COUNTIF($A19,"GSHP")+COUNTIF($A19,"elecHOB"),SUMIF($N$23:$N$82,$A19,$I$23:$I$82),SUMIF($N$23:$N$82,$A19,$J$23:$J$82)) -> 0 | C19: =IF(COUNTIF($A19,"*HOB*")+COUNTIF($A19,"*charger*")+COUNTIF($A19,"*disch*")+COUNTIF($A19,"GSHP")+COUNTIF($A19,"elecHOB"),SUMIF($N$23:$N$82,$A19,$J$23:$J$82),SUMIF($N$23:$N$82,$A19,$I$23:$I$82)) -> 0 | D19: =IF(COUNTIFS($K$23:$K$82,">0",$N$23:$N$82,$A19)=COUNTIF($N$23:$N$82,$A19),SUMIF($N$23:$N$82,$A19,$K$23:$K$82),"") -> 0 | F19: =IF(ISTEXT($A19),IF(COUNTIFS(unitdata_Finland!$B$3:$B$85,$A19,unitdata_Finland!$C$3:$C$85,"*HKI*"),"","Add the unit!"),"") | G19: =IF(COUNTIFS(unitdata_Finland!$B$3:$B$85,$A19,unitdata_Finland!$C$3:$C$85,"*HKI*")>1,"Warning!","")
B20: =IF(COUNTIF($A20,"*HOB*")+COUNTIF($A20,"*charger*")+COUNTIF($A20,"*disch*")+COUNTIF($A20,"GSHP")+COUNTIF($A20,"elecHOB"),SUMIF($N$23:$N$82,$A20,$I$23:$I$82),SUMIF($N$23:$N$82,$A20,$J$23:$J$82)) -> 0 | C20: =IF(COUNTIF($A20,"*HOB*")+COUNTIF($A20,"*charger*")+COUNTIF($A20,"*disch*")+COUNTIF($A20,"GSHP")+COUNTIF($A20,"elecHOB"),SUMIF($N$23:$N$82,$A20,$J$23:$J$82),SUMIF($N$23:$N$82,$A20,$I$23:$I$82)) -> 0 | D20: =IF(COUNTIFS($K$23:$K$82,">0",$N$23:$N$82,$A20)=COUNTIF($N$23:$N$82,$A20),SUMIF($N$23:$N$82,$A20,$K$23:$K$82),"") -> 0 | F20: =IF(ISTEXT($A20),IF(COUNTIFS(unitdata_Finland!$B$3:$B$85,$A20,unitdata_Finland!$C$3:$C$85,"*HKI*"),"","Add the unit!"),"") | G20: =IF(COUNTIFS(unitdata_Finland!$B$3:$B$85,$A20,unitdata_Finland!$C$3:$C$85,"*HKI*")>1,"Warning!","")
A21: Add units below:
A22: District heating in Finland 2023 https://energia.fi/en/statistics/district-heating-statistics/ | I22: Heat | J22: Power | K22: Fuel input | N22: unittype
A23: Helen Oy | B23: Alppila | C23: klk | D23: 1964 | E23: 4 | F23: - | G23: 136 | H23: - | I23: 136 | J23: - | L23: kpö | M23: - | N23: oilHOB
A24: Helen Oy | B24: Munkkisaari | C24: klk | D24: 1969 | E24: 5 | F24: - | G24: 235 | H24: - | I24: 235 | J24: - | L24: rpö | M24: - | N24: oilHOB
A25: Helen Oy | B25: Ruskeasuo | C25: klk | D25: 1972 | E25: 4 | F25: - | G25: 248 | H25: - | I25: 248 | J25: - | L25: rpö | M25: - | N25: oilHOB
A26: Helen Oy | B26: Lassila | C26: klk | D26: 1977 | E26: 4 | F26: - | G26: 324 | H26: - | I26: 324 | J26: - | L26: maka | M26: - | N26: gasHOB
A27: Helen Oy | B27: Patola | C27: klk | D27: 1982 | E27: 6 | F27: - | G27: 228 | H27: - | I27: 228 | J27: - | L27: maka | M27: - | N27: gasHOB
A28: Helen Oy | B28: Salmisaari | C28: klk | D28: 1986 | E28: 1 | F28: - | G28: 190 | H28: - | I28: 190 | J28: - | L28: hiili | M28: - | N28: Excluded
A29: Helen Oy | B29: Salmisaari | C29: klk | D29: 1977 | E29: 1 | F29: - | G29: 8 | H29: - | I29: 8 | J29: - | L29: rpö | M29: - | N29: oilHOB
A30: Helen Oy | B30: Jakomäki | C30: klk | D30: 1968 | E30: 2 | F30: - | G30: 44 | H30: - | I30: 44 | J30: - | L30: rpö | M30: - | N30: oilHOB
A31: Helen Oy | B31: Myllypuro | C31: klk | D31: 1978 | E31: 2 | F31: - | G31: 240 | H31: - | I31: 240 | J31: - | L31: maka | M31: - | N31: gasHOB
A32: Helen Oy | B32: Vuosaari | C32: klk | D32: 1989 | E32: 3 | F32: - | G32: 120 | H32: - | I32: 120 | J32: - | L32: maka | M32: - | N32: gasHOB
A33: Helen Oy | B33: Hanasaari | C33: klk | D33: 1977 | E33: 1 | F33: - | G33: 56 | H33: - | I33: 56 | J33: - | L33: rpö | M33: - | N33: Excluded
A34: Helen Oy | B34: Hanasaari | C34: klk | D34: 2009 | E34: 6 | F34: - | G34: 282 | H34: - | I34: 282 | J34: - | L34: rpö | M34: - | N34: Excluded
A35: Helen Oy | B35: Salmisaari | C35: klk | D35: 2018 | E35: 1 | F35: - | G35: 92 | H35: - | I35: 92 | J35: - | L35: pell | M35: - | N35: bioHOB
A36: Helen Oy | B36: Vuosaari C | C36: klk | D36: 2022 | E36: 1 | F36: - | G36: 200 | H36: 70 | I36: 270 | J36: - | L36: popu | M36: - | N36: bioHOB
A37: Helen Oy | B37: Katri Vala | C37: lp | D37: 2006 | E37: - | F37: - | G37: - | H37: - | I37: 105 | J37: - | L37: - | M37: 30 | N37: GSHP
A38: Helen Oy | B38: Esplanadi | C38: lp | D38: 2018 | E38: - | F38: - | G38: - | H38: - | I38: 22 | J38: - | L38: - | M38: 7.6 | N38: GSHP
A39: Helen Oy | B39: Vuosaari lämpöpumppu | C39: lp | D39: 2022 | E39: - | F39: - | G39: - | H39: - | I39: 12.2 | J39: - | L39: - | M39: 4 | N39: GSHP
A40: Helen Oy | B40: Salmisaari B | C40: lvl | D40: 1984 | E40: 1 | F40: 300 | G40: - | H40: - | I40: 300 | J40: 160 | L40: hiili | M40: - | N40: Excluded
A41: Helen Oy | B41: Hanasaari B | C41: lvl | D41: 1973 | E41: 2 | F41: 429 | G41: - | H41: - | I41: 429 | J41: 218 | L41: hiili | M41: - | N41: Excluded
A42: Helen Oy | B42: Vuosaari A | C42: lvl | D42: 1991 | E42: 2 | F42: 158 | G42: - | H42: - | I42: 158 | J42: 160 | K42: 356 | L42: maka | M42: - | N42: gasCCGTCHP | O42: https://ylupa.avi.fi/fi-FI/asia/852565
A43: Helen Oy | B43: Vuosaari B | C43: lvl | D43: 1998 | E43: 2 | F43: 429 | G43: - | H43: - | I43: 429 | J43: 470 | K43: 987 | L43: maka | M43: - | N43: gasCCGTCHP | O43: https://ylupa.avi.fi/fi-FI/asia/852566
A45: Vihreät investoinnit, Dataikkuna (19.3.2025) https://ek.fi/tutkittua-tietoa/vihreat-investoinnit/ | I45: Heat | J45: Power | K45: Fuel input | N45: unittype
A46: Salmisaari A | I46: 165 | L46: pell | N46: bioHOB | O46: https://www.helen.fi/uutiset/2023/pelletti-korvaa-kivihiilen-kayttoa-salmisaaressa
A47: Telian datakeskus | I47: 20 | N47: GSHP | O47: https://www.helsinginuutiset.fi/paikalliset/5991257
A48: Hanasaari EB 1 | I48: 140 | N48: elecHOB | O48: https://fimpec.fi/uutiset/fimpec-paatoteuttajaksi-helenin-sahkokattilahankkeeseen/
A49: Hanasaari EB New | I49: 200 | N49: elecHOB | O49: https://www.helen.fi/uutiset/2024/helen-rakentaa-hanasaareen-euroopan-suurimman-sahkokattilalaitoksen
A50: Patola EB | I50: 100 | N50: elecHOB | O50: https://www.helen.fi/uutiset/2024/helen-investoi-kohti-kaukolammon-hiilineutraalisuutta-patolaan-uuteen-teknologiaan-pohjautuva-lampopumppulaitos-ja-kaksi-sahkokattilaa
A51: Patola heat pump | I51: 30 | N51: GSHP | O51: https://www.helen.fi/uutiset/2024/helen-investoi-kohti-kaukolammon-hiilineutraalisuutta-patolaan-uuteen-teknologiaan-pohjautuva-lampopumppulaitos-ja-kaksi-sahkokattilaa
A52: Eiran ranta HP | I52: 90 | N52: GSHP | O52: https://www.helen.fi/uutiset/2022/tyo-ja-elinkeinoministerio-on-myontanyt-investointitukea-helenin-uudelle-eiranrannan-lampopumppulaitokselle
A53: Salmisaari EB | I53: 100 | N53: elecHOB | O53: https://www.helsinginuutiset.fi/paikalliset/6176573
A54: Salmisaari HP | I54: 14 | N54: GSHP | O54: https://www.helen.fi/uutiset/2023/uusi-ilma-vesilampopumppulaitos-helenin-salmisaaren-voimalaitosalueelle
A55: Katri Vala 6 | I55: 18 | N55: GSHP
A56: Katri Vala 7 | I56: 32 | N56: GSHP | O56: https://www.helen.fi/uutiset/2020/uusi-lampopumppu
A58: Thermal energy storages: District heating in Finland 2023 https://energia.fi/en/statistics/district-heating-statistics/
B59: Storage capacity (MWh) | I59: Heat | J59: Power | N59: unittype
A60: Salmisaari | B60: 1200 | H60: input | I60: =B60/10 -> 120 | N60: HeatStorageCharger
H61: output | I61: =I60 -> 120 | N61: HeatStorageDisch
A62: Vuosaari | B62: 1200 | H62: input | I62: =B62/10 -> 120 | N62: HeatStorageCharger
H63: output | I63: =I62 -> 120 | N63: HeatStorageDisch
A64: Mustikkamaa | B64: 12000 | H64: input | I64: =B64/100 -> 120 | N64: heatStorageChargerLarge
H65: output | I65: =I64 -> 120 | N65: heatStorageDischLarge
A67: Thermal energy storages: Vihreät investoinnit, Dataikkuna (19.3.2025) https://ek.fi/tutkittua-tietoa/vihreat-investoinnit/
B68: Storage capacity (MWh) | I68: Heat | J68: Power | N68: unittype
A69: Hanasaari | B69: 1000 | H69: input | I69: =B69/10 -> 100 | N69: HeatStorageCharger
A70: Hanasaari | H70: output | I70: =I69 -> 100 | N70: HeatStorageDisch

Sheet ESP
A1: unittype | B1: Output 1 | C1: output 2 | D1: Input 1 | F1: Add unit to "unit data" | G1: Multiple units in "unit data"
A2: {=_xlfn.UNIQUE(_xlfn._xlws.FILTER(N23:N82,(ISTEXT(N23:N82))*(N23:N82<>"Excluded")*(N23:N82<>"Included in industry")*(N23:N82<>"unittype")))} -> bioHOB | B2: =IF(COUNTIF($A2,"*HOB*")+COUNTIF($A2,"*charger*")+COUNTIF($A2,"*disch*")+COUNTIF($A2,"GSHP")+COUNTIF($A2,"elecHOB"),SUMIF($N$23:$N$82,$A2,$I$23:$I$82),SUMIF($N$23:$N$82,$A2,$J$23:$J$82)) -> 139 | C2: =IF(COUNTIF($A2,"*HOB*")+COUNTIF($A2,"*charger*")+COUNTIF($A2,"*disch*")+COUNTIF($A2,"GSHP")+COUNTIF($A2,"elecHOB"),SUMIF($N$23:$N$82,$A2,$J$23:$J$82),SUMIF($N$23:$N$82,$A2,$I$23:$I$82)) -> 0 | D2: =IF(COUNTIFS($K$23:$K$82,">0",$N$23:$N$82,$A2)=COUNTIF($N$23:$N$82,$A2),SUMIF($N$23:$N$82,$A2,$K$23:$K$82),"") | F2: =IF(ISTEXT($A2),IF(COUNTIFS(unitdata_Finland!$B$3:$B$85,$A2,unitdata_Finland!$C$3:$C$85,"*ESP*"),"","Add the unit!"),"") | G2: =IF(COUNTIFS(unitdata_Finland!$B$3:$B$85,$A2,unitdata_Finland!$C$3:$C$85,"*ESP*")>1,"Warning!","")
A3: gasHOB | B3: =IF(COUNTIF($A3,"*HOB*")+COUNTIF($A3,"*charger*")+COUNTIF($A3,"*disch*")+COUNTIF($A3,"GSHP")+COUNTIF($A3,"elecHOB"),SUMIF($N$23:$N$82,$A3,$I$23:$I$82),SUMIF($N$23:$N$82,$A3,$J$23:$J$82)) -> 757.4 | C3: =IF(COUNTIF($A3,"*HOB*")+COUNTIF($A3,"*charger*")+COUNTIF($A3,"*disch*")+COUNTIF($A3,"GSHP")+COUNTIF($A3,"elecHOB"),SUMIF($N$23:$N$82,$A3,$J$23:$J$82),SUMIF($N$23:$N$82,$A3,$I$23:$I$82)) -> 0 | D3: =IF(COUNTIFS($K$23:$K$82,">0",$N$23:$N$82,$A3)=COUNTIF($N$23:$N$82,$A3),SUMIF($N$23:$N$82,$A3,$K$23:$K$82),"") | F3: =IF(ISTEXT($A3),IF(COUNTIFS(unitdata_Finland!$B$3:$B$85,$A3,unitdata_Finland!$C$3:$C$85,"*ESP*"),"","Add the unit!"),"") | G3: =IF(COUNTIFS(unitdata_Finland!$B$3:$B$85,$A3,unitdata_Finland!$C$3:$C$85,"*ESP*")>1,"Warning!","")
A4: oilHOB | B4: =IF(COUNTIF($A4,"*HOB*")+COUNTIF($A4,"*charger*")+COUNTIF($A4,"*disch*")+COUNTIF($A4,"GSHP")+COUNTIF($A4,"elecHOB"),SUMIF($N$23:$N$82,$A4,$I$23:$I$82),SUMIF($N$23:$N$82,$A4,$J$23:$J$82)) -> 88 | C4: =IF(COUNTIF($A4,"*HOB*")+COUNTIF($A4,"*charger*")+COUNTIF($A4,"*disch*")+COUNTIF($A4,"GSHP")+COUNTIF($A4,"elecHOB"),SUMIF($N$23:$N$82,$A4,$J$23:$J$82),SUMIF($N$23:$N$82,$A4,$I$23:$I$82)) -> 0 | D4: =IF(COUNTIFS($K$23:$K$82,">0",$N$23:$N$82,$A4)=COUNTIF($N$23:$N$82,$A4),SUMIF($N$23:$N$82,$A4,$K$23:$K$82),"") | F4: =IF(ISTEXT($A4),IF(COUNTIFS(unitdata_Finland!$B$3:$B$85,$A4,unitdata_Finland!$C$3:$C$85,"*ESP*"),"","Add the unit!"),"") | G4: =IF(COUNTIFS(unitdata_Finland!$B$3:$B$85,$A4,unitdata_Finland!$C$3:$C$85,"*ESP*")>1,"Warning!","")
A5: GSHP | B5: =IF(COUNTIF($A5,"*HOB*")+COUNTIF($A5,"*charger*")+COUNTIF($A5,"*disch*")+COUNTIF($A5,"GSHP")+COUNTIF($A5,"elecHOB"),SUMIF($N$23:$N$82,$A5,$I$23:$I$82),SUMIF($N$23:$N$82,$A5,$J$23:$J$82)) -> 295 | C5: =IF(COUNTIF($A5,"*HOB*")+COUNTIF($A5,"*charger*")+COUNTIF($A5,"*disch*")+COUNTIF($A5,"GSHP")+COUNTIF($A5,"elecHOB"),SUMIF($N$23:$N$82,$A5,$J$23:$J$82),SUMIF($N$23:$N$82,$A5,$I$23:$I$82)) -> 0 | D5: =IF(COUNTIFS($K$23:$K$82,">0",$N$23:$N$82,$A5)=COUNTIF($N$23:$N$82,$A5),SUMIF($N$23:$N$82,$A5,$K$23:$K$82),"") | F5: =IF(ISTEXT($A5),IF(COUNTIFS(unitdata_Finland!$B$3:$B$85,$A5,unitdata_Finland!$C$3:$C$85,"*ESP*"),"","Add the unit!"),"") | G5: =IF(COUNTIFS(unitdata_Finland!$B$3:$B$85,$A5,unitdata_Finland!$C$3:$C$85,"*ESP*")>1,"Warning!","")
A6: gasCCGTCHP | B6: =IF(COUNTIF($A6,"*HOB*")+COUNTIF($A6,"*charger*")+COUNTIF($A6,"*disch*")+COUNTIF($A6,"GSHP")+COUNTIF($A6,"elecHOB"),SUMIF($N$23:$N$82,$A6,$I$23:$I$82),SUMIF($N$23:$N$82,$A6,$J$23:$J$82)) -> 234 | C6: =IF(COUNTIF($A6,"*HOB*")+COUNTIF($A6,"*charger*")+COUNTIF($A6,"*disch*")+COUNTIF($A6,"GSHP")+COUNTIF($A6,"elecHOB"),SUMIF($N$23:$N$82,$A6,$J$23:$J$82),SUMIF($N$23:$N$82,$A6,$I$23:$I$82)) -> 213 | D6: =IF(COUNTIFS($K$23:$K$82,">0",$N$23:$N$82,$A6)=COUNTIF($N$23:$N$82,$A6),SUMIF($N$23:$N$82,$A6,$K$23:$K$82),"") -> 498 | F6: =IF(ISTEXT($A6),IF(COUNTIFS(unitdata_Finland!$B$3:$B$85,$A6,unitdata_Finland!$C$3:$C$85,"*ESP*"),"","Add the unit!"),"") | G6: =IF(COUNTIFS(unitdata_Finland!$B$3:$B$85,$A6,unitdata_Finland!$C$3:$C$85,"*ESP*")>1,"Warning!","")
A7: gasOCGTCHP | B7: =IF(COUNTIF($A7,"*HOB*")+COUNTIF($A7,"*charger*")+COUNTIF($A7,"*disch*")+COUNTIF($A7,"GSHP")+COUNTIF($A7,"elecHOB"),SUMIF($N$23:$N$82,$A7,$I$23:$I$82),SUMIF($N$23:$N$82,$A7,$J$23:$J$82)) -> 49 | C7: =IF(COUNTIF($A7,"*HOB*")+COUNTIF($A7,"*charger*")+COUNTIF($A7,"*disch*")+COUNTIF($A7,"GSHP")+COUNTIF($A7,"elecHOB"),SUMIF($N$23:$N$82,$A7,$J$23:$J$82),SUMIF($N$23:$N$82,$A7,$I$23:$I$82)) -> 80 | D7: =IF(COUNTIFS($K$23:$K$82,">0",$N$23:$N$82,$A7)=COUNTIF($N$23:$N$82,$A7),SUMIF($N$23:$N$82,$A7,$K$23:$K$82),"") -> 132 | F7: =IF(ISTEXT($A7),IF(COUNTIFS(unitdata_Finland!$B$3:$B$85,$A7,unitdata_Finland!$C$3:$C$85,"*ESP*"),"","Add the unit!"),"") | G7: =IF(COUNTIFS(unitdata_Finland!$B$3:$B$85,$A7,unitdata_Finland!$C$3:$C$85,"*ESP*")>1,"Warning!","")
A8: elecHOB | B8: =IF(COUNTIF($A8,"*HOB*")+COUNTIF($A8,"*charger*")+COUNTIF($A8,"*disch*")+COUNTIF($A8,"GSHP")+COUNTIF($A8,"elecHOB"),SUMIF($N$23:$N$82,$A8,$I$23:$I$82),SUMIF($N$23:$N$82,$A8,$J$23:$J$82)) -> 150 | C8: =IF(COUNTIF($A8,"*HOB*")+COUNTIF($A8,"*charger*")+COUNTIF($A8,"*disch*")+COUNTIF($A8,"GSHP")+COUNTIF($A8,"elecHOB"),SUMIF($N$23:$N$82,$A8,$J$23:$J$82),SUMIF($N$23:$N$82,$A8,$I$23:$I$82)) -> 0 | D8: =IF(COUNTIFS($K$23:$K$82,">0",$N$23:$N$82,$A8)=COUNTIF($N$23:$N$82,$A8),SUMIF($N$23:$N$82,$A8,$K$23:$K$82),"") | F8: =IF(ISTEXT($A8),IF(COUNTIFS(unitdata_Finland!$B$3:$B$85,$A8,unitdata_Finland!$C$3:$C$85,"*ESP*"),"","Add the unit!"),"") | G8: =IF(COUNTIFS(unitdata_Finland!$B$3:$B$85,$A8,unitdata_Finland!$C$3:$C$85,"*ESP*")>1,"Warning!","")
A9: HeatStorageCharger | B9: =IF(COUNTIF($A9,"*HOB*")+COUNTIF($A9,"*charger*")+COUNTIF($A9,"*disch*")+COUNTIF($A9,"GSHP")+COUNTIF($A9,"elecHOB"),SUMIF($N$23:$N$82,$A9,$I$23:$I$82),SUMIF($N$23:$N$82,$A9,$J$23:$J$82)) -> 280 | C9: =IF(COUNTIF($A9,"*HOB*")+COUNTIF($A9,"*charger*")+COUNTIF($A9,"*disch*")+COUNTIF($A9,"GSHP")+COUNTIF($A9,"elecHOB"),SUMIF($N$23:$N$82,$A9,$J$23:$J$82),SUMIF($N$23:$N$82,$A9,$I$23:$I$82)) -> 0 | D9: =IF(COUNTIFS($K$23:$K$82,">0",$N$23:$N$82,$A9)=COUNTIF($N$23:$N$82,$A9),SUMIF($N$23:$N$82,$A9,$K$23:$K$82),"") | F9: =IF(ISTEXT($A9),IF(COUNTIFS(unitdata_Finland!$B$3:$B$85,$A9,unitdata_Finland!$C$3:$C$85,"*ESP*"),"","Add the unit!"),"") | G9: =IF(COUNTIFS(unitdata_Finland!$B$3:$B$85,$A9,unitdata_Finland!$C$3:$C$85,"*ESP*")>1,"Warning!","")
A10: HeatStorageDisch | B10: =IF(COUNTIF($A10,"*HOB*")+COUNTIF($A10,"*charger*")+COUNTIF($A10,"*disch*")+COUNTIF($A10,"GSHP")+COUNTIF($A10,"elecHOB"),SUMIF($N$23:$N$82,$A10,$I$23:$I$82),SUMIF($N$23:$N$82,$A10,$J$23:$J$82)) -> 280 | C10: =IF(COUNTIF($A10,"*HOB*")+COUNTIF($A10,"*charger*")+COUNTIF($A10,"*disch*")+COUNTIF($A10,"GSHP")+COUNTIF($A10,"elecHOB"),SUMIF($N$23:$N$82,$A10,$J$23:$J$82),SUMIF($N$23:$N$82,$A10,$I$23:$I$82)) -> 0 | D10: =IF(COUNTIFS($K$23:$K$82,">0",$N$23:$N$82,$A10)=COUNTIF($N$23:$N$82,$A10),SUMIF($N$23:$N$82,$A10,$K$23:$K$82),"") | F10: =IF(ISTEXT($A10),IF(COUNTIFS(unitdata_Finland!$B$3:$B$85,$A10,unitdata_Finland!$C$3:$C$85,"*ESP*"),"","Add the unit!"),"") | G10: =IF(COUNTIFS(unitdata_Finland!$B$3:$B$85,$A10,unitdata_Finland!$C$3:$C$85,"*ESP*")>1,"Warning!","")
B11: =IF(COUNTIF($A11,"*HOB*")+COUNTIF($A11,"*charger*")+COUNTIF($A11,"*disch*")+COUNTIF($A11,"GSHP")+COUNTIF($A11,"elecHOB"),SUMIF($N$23:$N$82,$A11,$I$23:$I$82),SUMIF($N$23:$N$82,$A11,$J$23:$J$82)) -> 0 | C11: =IF(COUNTIF($A11,"*HOB*")+COUNTIF($A11,"*charger*")+COUNTIF($A11,"*disch*")+COUNTIF($A11,"GSHP")+COUNTIF($A11,"elecHOB"),SUMIF($N$23:$N$82,$A11,$J$23:$J$82),SUMIF($N$23:$N$82,$A11,$I$23:$I$82)) -> 0 | D11: =IF(COUNTIFS($K$23:$K$82,">0",$N$23:$N$82,$A11)=COUNTIF($N$23:$N$82,$A11),SUMIF($N$23:$N$82,$A11,$K$23:$K$82),"") -> 0 | F11: =IF(ISTEXT($A11),IF(COUNTIFS(unitdata_Finland!$B$3:$B$85,$A11,unitdata_Finland!$C$3:$C$85,"*ESP*"),"","Add the unit!"),"") | G11: =IF(COUNTIFS(unitdata_Finland!$B$3:$B$85,$A11,unitdata_Finland!$C$3:$C$85,"*ESP*")>1,"Warning!","")
B12: =IF(COUNTIF($A12,"*HOB*")+COUNTIF($A12,"*charger*")+COUNTIF($A12,"*disch*")+COUNTIF($A12,"GSHP")+COUNTIF($A12,"elecHOB"),SUMIF($N$23:$N$82,$A12,$I$23:$I$82),SUMIF($N$23:$N$82,$A12,$J$23:$J$82)) -> 0 | C12: =IF(COUNTIF($A12,"*HOB*")+COUNTIF($A12,"*charger*")+COUNTIF($A12,"*disch*")+COUNTIF($A12,"GSHP")+COUNTIF($A12,"elecHOB"),SUMIF($N$23:$N$82,$A12,$J$23:$J$82),SUMIF($N$23:$N$82,$A12,$I$23:$I$82)) -> 0 | D12: =IF(COUNTIFS($K$23:$K$82,">0",$N$23:$N$82,$A12)=COUNTIF($N$23:$N$82,$A12),SUMIF($N$23:$N$82,$A12,$K$23:$K$82),"") -> 0 | F12: =IF(ISTEXT($A12),IF(COUNTIFS(unitdata_Finland!$B$3:$B$85,$A12,unitdata_Finland!$C$3:$C$85,"*ESP*"),"","Add the unit!"),"") | G12: =IF(COUNTIFS(unitdata_Finland!$B$3:$B$85,$A12,unitdata_Finland!$C$3:$C$85,"*ESP*")>1,"Warning!","")
B13: =IF(COUNTIF($A13,"*HOB*")+COUNTIF($A13,"*charger*")+COUNTIF($A13,"*disch*")+COUNTIF($A13,"GSHP")+COUNTIF($A13,"elecHOB"),SUMIF($N$23:$N$82,$A13,$I$23:$I$82),SUMIF($N$23:$N$82,$A13,$J$23:$J$82)) -> 0 | C13: =IF(COUNTIF($A13,"*HOB*")+COUNTIF($A13,"*charger*")+COUNTIF($A13,"*disch*")+COUNTIF($A13,"GSHP")+COUNTIF($A13,"elecHOB"),SUMIF($N$23:$N$82,$A13,$J$23:$J$82),SUMIF($N$23:$N$82,$A13,$I$23:$I$82)) -> 0 | D13: =IF(COUNTIFS($K$23:$K$82,">0",$N$23:$N$82,$A13)=COUNTIF($N$23:$N$82,$A13),SUMIF($N$23:$N$82,$A13,$K$23:$K$82),"") -> 0 | F13: =IF(ISTEXT($A13),IF(COUNTIFS(unitdata_Finland!$B$3:$B$85,$A13,unitdata_Finland!$C$3:$C$85,"*ESP*"),"","Add the unit!"),"") | G13: =IF(COUNTIFS(unitdata_Finland!$B$3:$B$85,$A13,unitdata_Finland!$C$3:$C$85,"*ESP*")>1,"Warning!","")
B14: =IF(COUNTIF($A14,"*HOB*")+COUNTIF($A14,"*charger*")+COUNTIF($A14,"*disch*")+COUNTIF($A14,"GSHP")+COUNTIF($A14,"elecHOB"),SUMIF($N$23:$N$82,$A14,$I$23:$I$82),SUMIF($N$23:$N$82,$A14,$J$23:$J$82)) -> 0 | C14: =IF(COUNTIF($A14,"*HOB*")+COUNTIF($A14,"*charger*")+COUNTIF($A14,"*disch*")+COUNTIF($A14,"GSHP")+COUNTIF($A14,"elecHOB"),SUMIF($N$23:$N$82,$A14,$J$23:$J$82),SUMIF($N$23:$N$82,$A14,$I$23:$I$82)) -> 0 | D14: =IF(COUNTIFS($K$23:$K$82,">0",$N$23:$N$82,$A14)=COUNTIF($N$23:$N$82,$A14),SUMIF($N$23:$N$82,$A14,$K$23:$K$82),"") -> 0 | F14: =IF(ISTEXT($A14),IF(COUNTIFS(unitdata_Finland!$B$3:$B$85,$A14,unitdata_Finland!$C$3:$C$85,"*ESP*"),"","Add the unit!"),"") | G14: =IF(COUNTIFS(unitdata_Finland!$B$3:$B$85,$A14,unitdata_Finland!$C$3:$C$85,"*ESP*")>1,"Warning!","")
B15: =IF(COUNTIF($A15,"*HOB*")+COUNTIF($A15,"*charger*")+COUNTIF($A15,"*disch*")+COUNTIF($A15,"GSHP")+COUNTIF($A15,"elecHOB"),SUMIF($N$23:$N$82,$A15,$I$23:$I$82),SUMIF($N$23:$N$82,$A15,$J$23:$J$82)) -> 0 | C15: =IF(COUNTIF($A15,"*HOB*")+COUNTIF($A15,"*charger*")+COUNTIF($A15,"*disch*")+COUNTIF($A15,"GSHP")+COUNTIF($A15,"elecHOB"),SUMIF($N$23:$N$82,$A15,$J$23:$J$82),SUMIF($N$23:$N$82,$A15,$I$23:$I$82)) -> 0 | D15: =IF(COUNTIFS($K$23:$K$82,">0",$N$23:$N$82,$A15)=COUNTIF($N$23:$N$82,$A15),SUMIF($N$23:$N$82,$A15,$K$23:$K$82),"") -> 0 | F15: =IF(ISTEXT($A15),IF(COUNTIFS(unitdata_Finland!$B$3:$B$85,$A15,unitdata_Finland!$C$3:$C$85,"*ESP*"),"","Add the unit!"),"") | G15: =IF(COUNTIFS(unitdata_Finland!$B$3:$B$85,$A15,unitdata_Finland!$C$3:$C$85,"*ESP*")>1,"Warning!","")
B16: =IF(COUNTIF($A16,"*HOB*")+COUNTIF($A16,"*charger*")+COUNTIF($A16,"*disch*")+COUNTIF($A16,"GSHP")+COUNTIF($A16,"elecHOB"),SUMIF($N$23:$N$82,$A16,$I$23:$I$82),SUMIF($N$23:$N$82,$A16,$J$23:$J$82)) -> 0 | C16: =IF(COUNTIF($A16,"*HOB*")+COUNTIF($A16,"*charger*")+COUNTIF($A16,"*disch*")+COUNTIF($A16,"GSHP")+COUNTIF($A16,"elecHOB"),SUMIF($N$23:$N$82,$A16,$J$23:$J$82),SUMIF($N$23:$N$82,$A16,$I$23:$I$82)) -> 0 | D16: =IF(COUNTIFS($K$23:$K$82,">0",$N$23:$N$82,$A16)=COUNTIF($N$23:$N$82,$A16),SUMIF($N$23:$N$82,$A16,$K$23:$K$82),"") -> 0 | F16: =IF(ISTEXT($A16),IF(COUNTIFS(unitdata_Finland!$B$3:$B$85,$A16,unitdata_Finland!$C$3:$C$85,"*ESP*"),"","Add the unit!"),"") | G16: =IF(COUNTIFS(unitdata_Finland!$B$3:$B$85,$A16,unitdata_Finland!$C$3:$C$85,"*ESP*")>1,"Warning!","")
B17: =IF(COUNTIF($A17,"*HOB*")+COUNTIF($A17,"*charger*")+COUNTIF($A17,"*disch*")+COUNTIF($A17,"GSHP")+COUNTIF($A17,"elecHOB"),SUMIF($N$23:$N$82,$A17,$I$23:$I$82),SUMIF($N$23:$N$82,$A17,$J$23:$J$82)) -> 0 | C17: =IF(COUNTIF($A17,"*HOB*")+COUNTIF($A17,"*charger*")+COUNTIF($A17,"*disch*")+COUNTIF($A17,"GSHP")+COUNTIF($A17,"elecHOB"),SUMIF($N$23:$N$82,$A17,$J$23:$J$82),SUMIF($N$23:$N$82,$A17,$I$23:$I$82)) -> 0 | D17: =IF(COUNTIFS($K$23:$K$82,">0",$N$23:$N$82,$A17)=COUNTIF($N$23:$N$82,$A17),SUMIF($N$23:$N$82,$A17,$K$23:$K$82),"") -> 0 | F17: =IF(ISTEXT($A17),IF(COUNTIFS(unitdata_Finland!$B$3:$B$85,$A17,unitdata_Finland!$C$3:$C$85,"*ESP*"),"","Add the unit!"),"") | G17: =IF(COUNTIFS(unitdata_Finland!$B$3:$B$85,$A17,unitdata_Finland!$C$3:$C$85,"*ESP*")>1,"Warning!","")
B18: =IF(COUNTIF($A18,"*HOB*")+COUNTIF($A18,"*charger*")+COUNTIF($A18,"*disch*")+COUNTIF($A18,"GSHP")+COUNTIF($A18,"elecHOB"),SUMIF($N$23:$N$82,$A18,$I$23:$I$82),SUMIF($N$23:$N$82,$A18,$J$23:$J$82)) -> 0 | C18: =IF(COUNTIF($A18,"*HOB*")+COUNTIF($A18,"*charger*")+COUNTIF($A18,"*disch*")+COUNTIF($A18,"GSHP")+COUNTIF($A18,"elecHOB"),SUMIF($N$23:$N$82,$A18,$J$23:$J$82),SUMIF($N$23:$N$82,$A18,$I$23:$I$82)) -> 0 | D18: =IF(COUNTIFS($K$23:$K$82,">0",$N$23:$N$82,$A18)=COUNTIF($N$23:$N$82,$A18),SUMIF($N$23:$N$82,$A18,$K$23:$K$82),"") -> 0 | F18: =IF(ISTEXT($A18),IF(COUNTIFS(unitdata_Finland!$B$3:$B$85,$A18,unitdata_Finland!$C$3:$C$85,"*ESP*"),"","Add the unit!"),"") | G18: =IF(COUNTIFS(unitdata_Finland!$B$3:$B$85,$A18,unitdata_Finland!$C$3:$C$85,"*ESP*")>1,"Warning!","")
B19: =IF(COUNTIF($A19,"*HOB*")+COUNTIF($A19,"*charger*")+COUNTIF($A19,"*disch*")+COUNTIF($A19,"GSHP")+COUNTIF($A19,"elecHOB"),SUMIF($N$23:$N$82,$A19,$I$23:$I$82),SUMIF($N$23:$N$82,$A19,$J$23:$J$82)) -> 0 | C19: =IF(COUNTIF($A19,"*HOB*")+COUNTIF($A19,"*charger*")+COUNTIF($A19,"*disch*")+COUNTIF($A19,"GSHP")+COUNTIF($A19,"elecHOB"),SUMIF($N$23:$N$82,$A19,$J$23:$J$82),SUMIF($N$23:$N$82,$A19,$I$23:$I$82)) -> 0 | D19: =IF(COUNTIFS($K$23:$K$82,">0",$N$23:$N$82,$A19)=COUNTIF($N$23:$N$82,$A19),SUMIF($N$23:$N$82,$A19,$K$23:$K$82),"") -> 0 | F19: =IF(ISTEXT($A19),IF(COUNTIFS(unitdata_Finland!$B$3:$B$85,$A19,unitdata_Finland!$C$3:$C$85,"*ESP*"),"","Add the unit!"),"") | G19: =IF(COUNTIFS(unitdata_Finland!$B$3:$B$85,$A19,unitdata_Finland!$C$3:$C$85,"*ESP*")>1,"Warning!","")
B20: =IF(COUNTIF($A20,"*HOB*")+COUNTIF($A20,"*charger*")+COUNTIF($A20,"*disch*")+COUNTIF($A20,"GSHP")+COUNTIF($A20,"elecHOB"),SUMIF($N$23:$N$82,$A20,$I$23:$I$82),SUMIF($N$23:$N$82,$A20,$J$23:$J$82)) -> 0 | C20: =IF(COUNTIF($A20,"*HOB*")+COUNTIF($A20,"*charger*")+COUNTIF($A20,"*disch*")+COUNTIF($A20,"GSHP")+COUNTIF($A20,"elecHOB"),SUMIF($N$23:$N$82,$A20,$J$23:$J$82),SUMIF($N$23:$N$82,$A20,$I$23:$I$82)) -> 0 | D20: =IF(COUNTIFS($K$23:$K$82,">0",$N$23:$N$82,$A20)=COUNTIF($N$23:$N$82,$A20),SUMIF($N$23:$N$82,$A20,$K$23:$K$82),"") -> 0 | F20: =IF(ISTEXT($A20),IF(COUNTIFS(unitdata_Finland!$B$3:$B$85,$A20,unitdata_Finland!$C$3:$C$85,"*ESP*"),"","Add the unit!"),"") | G20: =IF(COUNTIFS(unitdata_Finland!$B$3:$B$85,$A20,unitdata_Finland!$C$3:$C$85,"*ESP*")>1,"Warning!","")
A21: Add units below:
A22: District heating in Finland 2023 https://energia.fi/en/statistics/district-heating-statistics/ | I22: Heat | J22: Power | K22: Fuel input | N22: unittype | O22: Source
A23: Fortum Power and Heat Oy, Espoo | B23: Kivenlahti | C23: klk | D23: 1974 | E23: 3 | F23: - | G23: 139 | H23: - | I23: 139 | J23: - | L23: pell | M23: - | N23: bioHOB
A24: Fortum Power and Heat Oy, Espoo | B24: Tapiola | C24: klk | D24: 2002 | E24: 4 | F24: - | G24: 180 | H24: - | I24: 180 | J24: - | L24: maka | M24: - | N24: gasHOB
A25: Fortum Power and Heat Oy, Espoo | B25: Vermo | C25: klk | D25: 1985 | E25: 4 | F25: - | G25: 188 | H25: - | I25: 188 | J25: - | L25: maka | M25: - | N25: gasHOB
A26: Fortum Power and Heat Oy, Espoo | B26: Kaupunginkallio | C26: klk | D26: 1991 | E26: 2 | F26: - | G26: 88 | H26: - | I26: 88 | J26: - | L26: kpö | M26: - | N26: oilHOB
A27: Fortum Power and Heat Oy, Espoo | B27: Otaniemi | C27: klk | D27: 2001 | E27: 3 | F27: - | G27: 129 | H27: - | I27: 129 | J27: - | L27: maka | M27: - | N27: gasHOB
A28: Fortum Power and Heat Oy, Espoo | B28: Juvanmalmi | C28: klk | D28: 2000 | E28: 1 | F28: - | G28: 16 | H28: - | I28: 16 | J28: - | L28: maka | M28: - | N28: gasHOB
A29: Fortum Power and Heat Oy, Espoo | B29: Vermo | C29: klk | D29: 2007 | E29: 4 | F29: - | G29: 188 | H29: - | I29: 188 | J29: - | L29: maka | M29: - | N29: gasHOB
A30: Fortum Power and Heat Oy, Espoo | B30: Kirkkonummi (keskusta) | C30: klk | D30: 1990 | E30: 4 | F30: - | G30: 35 | H30: - | I30: 35 | J30: - | L30: maka | M30: - | N30: gasHOB
A31: Fortum Power and Heat Oy, Espoo | B31: Mankkaa | C31: klk | D31: 2007 | E31: 2 | F31: - | G31: 4.4 | H31: - | I31: 4.4 | J31: - | L31: biok | M31: - | N31: gasHOB
A32: Fortum Power and Heat Oy, Espoo | B32: Suomenoja 7 | C32: klk | D32: 1989 | E32: 1 | F32: - | G32: 17 | H32: - | I32: 17 | J32: - | L32: maka | M32: - | N32: gasHOB
A33: Fortum Power and Heat Oy, Espoo | B33: Suomenoja 4 | C33: lp | D33: 2015 | E33: - | F33: - | G33: - | H33: - | I33: 43 | J33: - | L33: - | M33: 13 | N33: GSHP
A34: Fortum Power and Heat Oy, Espoo | B34: Suomenoja 4 LP3 | C34: lp | D34: 2021 | E34: - | F34: - | G34: - | H34: - | I34: 22 | J34: - | L34: - | M34: 7 | N34: GSHP
A35: Fortum Power and Heat Oy, Espoo | B35: Vermo | C35: lp | D35: 2021 | E35: - | F35: - | G35: - | H35: - | I35: 11 | J35: - | L35: - | M35: 1 | N35: GSHP | O35: https://www.fortum.fi/media/2023/06/fortumin-vermon-laitos-kaynnistynyt-lajissaan-suomen-suurin-tuottaa-kaukolampoa-ilmasta
A36: Fortum Power and Heat Oy, Espoo | B36: Suomenoja 1 | C36: lvl | D36: 1977 | E36: 1 | F36: 162 | G36: - | H36: - | I36: 162 | J36: 75 | L36: hiili | M36: - | N36: Excluded
A37: Fortum Power and Heat Oy, Espoo | B37: Suomenoja 2 | C37: lvl | D37: 2009 | E37: 1 | F37: 213 | G37: - | H37: - | I37: 213 | J37: 234 | K37: 498 | L37: maka | M37: - | N37: gasCCGTCHP | O37: https://doi.org/10.1016/j.energy.2021.120916
A38: Fortum Power and Heat Oy, Espoo | B38: Suomenoja 6 | C38: mlvl | D38: 1989 | E38: - | F38: - | G38: - | H38: - | I38: 80 | J38: 49 | K38: 132 | L38: maka | M38: - | N38: gasOCGTCHP | O38: https://doi.org/10.1016/j.energy.2021.120916
A39: Fortum Power and Heat Oy, Espoo | B39: Sähkökattilalaitos SO 11 | C39: mlvl | D39: 2023 | E39: - | F39: - | G39: - | H39: - | I39: 100 | J39: - | L39: säh | M39: - | N39: elecHOB
A41: Vihreät investoinnit, Dataikkuna (19.3.2025) https://ek.fi/tutkittua-tietoa/vihreat-investoinnit/ | I41: Heat | J41: Power | K41: Fuel input | N41: unittype
A42: atNorth data centre | I42: 15 | N42: GSHP | O42: https://www.tekniikkatalous.fi/uutiset/uusi-15-megawatin-datakeskus-avataan-espooseen/f37b155d-98ee-4329-87e7-1596217be2ba?_ga=2.133813390.1695412777.1701952796-1280453368.1634287732&_gl=1*1whx8lo*_ga*MTI4MDQ1MzM2OC4xNjM0Mjg3NzMy*_ga_3L539PMN3X*MTcwMTk1Mjc5Ni4xMzIuMC4xNzAxOTUyNzk2LjAuMC4w
A43: Microsoft data centre | I43: 200 | N43: GSHP | O43: https://www.fortum.fi/media/2023/06/fortum-investoi-noin-225-miljoonaa-euroa-hukkalammon-talteenottohankkeisiin-espoossa-ja-kirkkonummella
A44: Equinix data centre | I44: 4 | N44: GSHP | O44: https://www.fortum.fi/media/2023/05/fortum-ja-equinix-yhteistyohon-equinixin-datakeskusten-hukkalampoa-hyodynnetaan-fortumin-kaukolampoverkossa
A45: Nuijala EB | I45: 50 | N45: elecHOB | O45: https://news.cision.com/fi/fortum/r/fortum-rakentaa-lisaa-joustavaa-sahkopohjaista-kaukolammontuotantoa-espoossa,c3949118
A47: Thermal energy storages: District heating in Finland 2023 https://energia.fi/en/statistics/district-heating-statistics/
B48: Storage capacity (MWh) | I48: Heat | J48: Power | N48: unittype
A49: Suomenoja TES | B49: 1000 | H49: input | I49: =B49/10 -> 100 | N49: HeatStorageCharger
H50: output | I50: =I49 -> 100 | N50: HeatStorageDisch
A52: Thermal energy storages: Vihreät investoinnit, Dataikkuna (19.3.2025) https://ek.fi/tutkittua-tietoa/vihreat-investoinnit/
B53: Storage capacity (MWh) | I53: Heat | J53: Power | N53: unittype
A54: Nuijala TES | B54: 800 | H54: input | I54: =B54/10 -> 80 | N54: HeatStorageCharger | O54: https://news.cision.com/fi/fortum/r/fortum-rakentaa-lisaa-joustavaa-sahkopohjaista-kaukolammontuotantoa-espoossa,c3949118
H55: output | I55: =I54 -> 80 | N55: HeatStorageDisch
A56: Kirkkonummi TES (Microsoft DC) | B56: 1000 | H56: input | I56: =B56/10 -> 100 | N56: HeatStorageCharger | O56: https://www.lansivayla.fi/paikalliset/5946310
H57: output | I57: =I56 -> 100 | N57: HeatStorageDisch

Sheet VAN
A1: unittype | B1: Output 1 | C1: output 2 | D1: Input 1 | F1: Add unit to "unit data" | G1: Multiple units in "unit data"
A2: {=_xlfn.UNIQUE(_xlfn._xlws.FILTER(N23:N83,(ISTEXT(N23:N83))*(N23:N83<>"Excluded")*(N23:N83<>"Included in industry")*(N23:N83<>"unittype")))} -> gasHOB | B2: =IF(COUNTIF($A2,"*HOB*")+COUNTIF($A2,"*charger*")+COUNTIF($A2,"*disch*")+COUNTIF($A2,"GSHP")+COUNTIF($A2,"elecHOB"),SUMIF($N$23:$N$83,$A2,$I$23:$I$83),SUMIF($N$23:$N$83,$A2,$J$23:$J$83)) -> 427 | C2: =IF(COUNTIF($A2,"*HOB*")+COUNTIF($A2,"*charger*")+COUNTIF($A2,"*disch*")+COUNTIF($A2,"GSHP")+COUNTIF($A2,"elecHOB"),SUMIF($N$23:$N$83,$A2,$J$23:$J$83),SUMIF($N$23:$N$83,$A2,$I$23:$I$83)) -> 0 | D2: =IF(COUNTIFS($K$23:$K$83,">0",$N$23:$N$83,$A2)=COUNTIF($N$23:$N$83,$A2),SUMIF($N$23:$N$83,$A2,$K$23:$K$83),"") | F2: =IF(ISTEXT($A2),IF(COUNTIFS(unitdata_Finland!$B$3:$B$85,$A2,unitdata_Finland!$C$3:$C$85,"*VAN*"),"","Add the unit!"),"") | G2: =IF(COUNTIFS(unitdata_Finland!$B$3:$B$85,$A2,unitdata_Finland!$C$3:$C$85,"*VAN*")>1,"Warning!","")
A3: oilHOB | B3: =IF(COUNTIF($A3,"*HOB*")+COUNTIF($A3,"*charger*")+COUNTIF($A3,"*disch*")+COUNTIF($A3,"GSHP")+COUNTIF($A3,"elecHOB"),SUMIF($N$23:$N$83,$A3,$I$23:$I$83),SUMIF($N$23:$N$83,$A3,$J$23:$J$83)) -> 92 | C3: =IF(COUNTIF($A3,"*HOB*")+COUNTIF($A3,"*charger*")+COUNTIF($A3,"*disch*")+COUNTIF($A3,"GSHP")+COUNTIF($A3,"elecHOB"),SUMIF($N$23:$N$83,$A3,$J$23:$J$83),SUMIF($N$23:$N$83,$A3,$I$23:$I$83)) -> 0 | D3: =IF(COUNTIFS($K$23:$K$83,">0",$N$23:$N$83,$A3)=COUNTIF($N$23:$N$83,$A3),SUMIF($N$23:$N$83,$A3,$K$23:$K$83),"") | F3: =IF(ISTEXT($A3),IF(COUNTIFS(unitdata_Finland!$B$3:$B$85,$A3,unitdata_Finland!$C$3:$C$85,"*VAN*"),"","Add the unit!"),"") | G3: =IF(COUNTIFS(unitdata_Finland!$B$3:$B$85,$A3,unitdata_Finland!$C$3:$C$85,"*VAN*")>1,"Warning!","")
A4: wasteHOB | B4: =IF(COUNTIF($A4,"*HOB*")+COUNTIF($A4,"*charger*")+COUNTIF($A4,"*disch*")+COUNTIF($A4,"GSHP")+COUNTIF($A4,"elecHOB"),SUMIF($N$23:$N$83,$A4,$I$23:$I$83),SUMIF($N$23:$N$83,$A4,$J$23:$J$83)) -> 80 | C4: =IF(COUNTIF($A4,"*HOB*")+COUNTIF($A4,"*charger*")+COUNTIF($A4,"*disch*")+COUNTIF($A4,"GSHP")+COUNTIF($A4,"elecHOB"),SUMIF($N$23:$N$83,$A4,$J$23:$J$83),SUMIF($N$23:$N$83,$A4,$I$23:$I$83)) -> 0 | D4: =IF(COUNTIFS($K$23:$K$83,">0",$N$23:$N$83,$A4)=COUNTIF($N$23:$N$83,$A4),SUMIF($N$23:$N$83,$A4,$K$23:$K$83),"") | F4: =IF(ISTEXT($A4),IF(COUNTIFS(unitdata_Finland!$B$3:$B$85,$A4,unitdata_Finland!$C$3:$C$85,"*VAN*"),"","Add the unit!"),"") | G4: =IF(COUNTIFS(unitdata_Finland!$B$3:$B$85,$A4,unitdata_Finland!$C$3:$C$85,"*VAN*")>1,"Warning!","")
A5: gasCCGTCHP | B5: =IF(COUNTIF($A5,"*HOB*")+COUNTIF($A5,"*charger*")+COUNTIF($A5,"*disch*")+COUNTIF($A5,"GSHP")+COUNTIF($A5,"elecHOB"),SUMIF($N$23:$N$83,$A5,$I$23:$I$83),SUMIF($N$23:$N$83,$A5,$J$23:$J$83)) -> 88 | C5: =IF(COUNTIF($A5,"*HOB*")+COUNTIF($A5,"*charger*")+COUNTIF($A5,"*disch*")+COUNTIF($A5,"GSHP")+COUNTIF($A5,"elecHOB"),SUMIF($N$23:$N$83,$A5,$J$23:$J$83),SUMIF($N$23:$N$83,$A5,$I$23:$I$83)) -> 90 | D5: =IF(COUNTIFS($K$23:$K$83,">0",$N$23:$N$83,$A5)=COUNTIF($N$23:$N$83,$A5),SUMIF($N$23:$N$83,$A5,$K$23:$K$83),"") -> 220 | F5: =IF(ISTEXT($A5),IF(COUNTIFS(unitdata_Finland!$B$3:$B$85,$A5,unitdata_Finland!$C$3:$C$85,"*VAN*"),"","Add the unit!"),"") | G5: =IF(COUNTIFS(unitdata_Finland!$B$3:$B$85,$A5,unitdata_Finland!$C$3:$C$85,"*VAN*")>1,"Warning!","")
A6: bioCHP | B6: =IF(COUNTIF($A6,"*HOB*")+COUNTIF($A6,"*charger*")+COUNTIF($A6,"*disch*")+COUNTIF($A6,"GSHP")+COUNTIF($A6,"elecHOB"),SUMIF($N$23:$N$83,$A6,$I$23:$I$83),SUMIF($N$23:$N$83,$A6,$J$23:$J$83)) -> 28 | C6: =IF(COUNTIF($A6,"*HOB*")+COUNTIF($A6,"*charger*")+COUNTIF($A6,"*disch*")+COUNTIF($A6,"GSHP")+COUNTIF($A6,"elecHOB"),SUMIF($N$23:$N$83,$A6,$J$23:$J$83),SUMIF($N$23:$N$83,$A6,$I$23:$I$83)) -> 105 | D6: =IF(COUNTIFS($K$23:$K$83,">0",$N$23:$N$83,$A6)=COUNTIF($N$23:$N$83,$A6),SUMIF($N$23:$N$83,$A6,$K$23:$K$83),"") -> 120 | F6: =IF(ISTEXT($A6),IF(COUNTIFS(unitdata_Finland!$B$3:$B$85,$A6,unitdata_Finland!$C$3:$C$85,"*VAN*"),"","Add the unit!"),"") | G6: =IF(COUNTIFS(unitdata_Finland!$B$3:$B$85,$A6,unitdata_Finland!$C$3:$C$85,"*VAN*")>1,"Warning!","")
A7: wasteCHP | B7: =IF(COUNTIF($A7,"*HOB*")+COUNTIF($A7,"*charger*")+COUNTIF($A7,"*disch*")+COUNTIF($A7,"GSHP")+COUNTIF($A7,"elecHOB"),SUMIF($N$23:$N$83,$A7,$I$23:$I$83),SUMIF($N$23:$N$83,$A7,$J$23:$J$83)) -> 76.4 | C7: =IF(COUNTIF($A7,"*HOB*")+COUNTIF($A7,"*charger*")+COUNTIF($A7,"*disch*")+COUNTIF($A7,"GSHP")+COUNTIF($A7,"elecHOB"),SUMIF($N$23:$N$83,$A7,$J$23:$J$83),SUMIF($N$23:$N$83,$A7,$I$23:$I$83)) -> 147 | D7: =IF(COUNTIFS($K$23:$K$83,">0",$N$23:$N$83,$A7)=COUNTIF($N$23:$N$83,$A7),SUMIF($N$23:$N$83,$A7,$K$23:$K$83),"") -> 202 | F7: =IF(ISTEXT($A7),IF(COUNTIFS(unitdata_Finland!$B$3:$B$85,$A7,unitdata_Finland!$C$3:$C$85,"*VAN*"),"","Add the unit!"),"") | G7: =IF(COUNTIFS(unitdata_Finland!$B$3:$B$85,$A7,unitdata_Finland!$C$3:$C$85,"*VAN*")>1,"Warning!","")
A8: elecHOB | B8: =IF(COUNTIF($A8,"*HOB*")+COUNTIF($A8,"*charger*")+COUNTIF($A8,"*disch*")+COUNTIF($A8,"GSHP")+COUNTIF($A8,"elecHOB"),SUMIF($N$23:$N$83,$A8,$I$23:$I$83),SUMIF($N$23:$N$83,$A8,$J$23:$J$83)) -> 180 | C8: =IF(COUNTIF($A8,"*HOB*")+COUNTIF($A8,"*charger*")+COUNTIF($A8,"*disch*")+COUNTIF($A8,"GSHP")+COUNTIF($A8,"elecHOB"),SUMIF($N$23:$N$83,$A8,$J$23:$J$83),SUMIF($N$23:$N$83,$A8,$I$23:$I$83)) -> 0 | D8: =IF(COUNTIFS($K$23:$K$83,">0",$N$23:$N$83,$A8)=COUNTIF($N$23:$N$83,$A8),SUMIF($N$23:$N$83,$A8,$K$23:$K$83),"") | F8: =IF(ISTEXT($A8),IF(COUNTIFS(unitdata_Finland!$B$3:$B$85,$A8,unitdata_Finland!$C$3:$C$85,"*VAN*"),"","Add the unit!"),"") | G8: =IF(COUNTIFS(unitdata_Finland!$B$3:$B$85,$A8,unitdata_Finland!$C$3:$C$85,"*VAN*")>1,"Warning!","")
A9: GSHP | B9: =IF(COUNTIF($A9,"*HOB*")+COUNTIF($A9,"*charger*")+COUNTIF($A9,"*disch*")+COUNTIF($A9,"GSHP")+COUNTIF($A9,"elecHOB"),SUMIF($N$23:$N$83,$A9,$I$23:$I$83),SUMIF($N$23:$N$83,$A9,$J$23:$J$83)) -> 35 | C9: =IF(COUNTIF($A9,"*HOB*")+COUNTIF($A9,"*charger*")+COUNTIF($A9,"*disch*")+COUNTIF($A9,"GSHP")+COUNTIF($A9,"elecHOB"),SUMIF($N$23:$N$83,$A9,$J$23:$J$83),SUMIF($N$23:$N$83,$A9,$I$23:$I$83)) -> 0 | D9: =IF(COUNTIFS($K$23:$K$83,">0",$N$23:$N$83,$A9)=COUNTIF($N$23:$N$83,$A9),SUMIF($N$23:$N$83,$A9,$K$23:$K$83),"") | F9: =IF(ISTEXT($A9),IF(COUNTIFS(unitdata_Finland!$B$3:$B$85,$A9,unitdata_Finland!$C$3:$C$85,"*VAN*"),"","Add the unit!"),"") | G9: =IF(COUNTIFS(unitdata_Finland!$B$3:$B$85,$A9,unitdata_Finland!$C$3:$C$85,"*VAN*")>1,"Warning!","")
A10: bioHOB | B10: =IF(COUNTIF($A10,"*HOB*")+COUNTIF($A10,"*charger*")+COUNTIF($A10,"*disch*")+COUNTIF($A10,"GSHP")+COUNTIF($A10,"elecHOB"),SUMIF($N$23:$N$83,$A10,$I$23:$I$83),SUMIF($N$23:$N$83,$A10,$J$23:$J$83)) -> 23 | C10: =IF(COUNTIF($A10,"*HOB*")+COUNTIF($A10,"*charger*")+COUNTIF($A10,"*disch*")+COUNTIF($A10,"GSHP")+COUNTIF($A10,"elecHOB"),SUMIF($N$23:$N$83,$A10,$J$23:$J$83),SUMIF($N$23:$N$83,$A10,$I$23:$I$83)) -> 0 | D10: =IF(COUNTIFS($K$23:$K$83,">0",$N$23:$N$83,$A10)=COUNTIF($N$23:$N$83,$A10),SUMIF($N$23:$N$83,$A10,$K$23:$K$83),"") | F10: =IF(ISTEXT($A10),IF(COUNTIFS(unitdata_Finland!$B$3:$B$85,$A10,unitdata_Finland!$C$3:$C$85,"*VAN*"),"","Add the unit!"),"") | G10: =IF(COUNTIFS(unitdata_Finland!$B$3:$B$85,$A10,unitdata_Finland!$C$3:$C$85,"*VAN*")>1,"Warning!","")
A11: HeatStorageCharger | B11: =IF(COUNTIF($A11,"*HOB*")+COUNTIF($A11,"*charger*")+COUNTIF($A11,"*disch*")+COUNTIF($A11,"GSHP")+COUNTIF($A11,"elecHOB"),SUMIF($N$23:$N$83,$A11,$I$23:$I$83),SUMIF($N$23:$N$83,$A11,$J$23:$J$83)) -> 180 | C11: =IF(COUNTIF($A11,"*HOB*")+COUNTIF($A11,"*charger*")+COUNTIF($A11,"*disch*")+COUNTIF($A11,"GSHP")+COUNTIF($A11,"elecHOB"),SUMIF($N$23:$N$83,$A11,$J$23:$J$83),SUMIF($N$23:$N$83,$A11,$I$23:$I$83)) -> 0 | D11: =IF(COUNTIFS($K$23:$K$83,">0",$N$23:$N$83,$A11)=COUNTIF($N$23:$N$83,$A11),SUMIF($N$23:$N$83,$A11,$K$23:$K$83),"") | F11: =IF(ISTEXT($A11),IF(COUNTIFS(unitdata_Finland!$B$3:$B$85,$A11,unitdata_Finland!$C$3:$C$85,"*VAN*"),"","Add the unit!"),"") | G11: =IF(COUNTIFS(unitdata_Finland!$B$3:$B$85,$A11,unitdata_Finland!$C$3:$C$85,"*VAN*")>1,"Warning!","")
A12: HeatStorageDisch | B12: =IF(COUNTIF($A12,"*HOB*")+COUNTIF($A12,"*charger*")+COUNTIF($A12,"*disch*")+COUNTIF($A12,"GSHP")+COUNTIF($A12,"elecHOB"),SUMIF($N$23:$N$83,$A12,$I$23:$I$83),SUMIF($N$23:$N$83,$A12,$J$23:$J$83)) -> 180 | C12: =IF(COUNTIF($A12,"*HOB*")+COUNTIF($A12,"*charger*")+COUNTIF($A12,"*disch*")+COUNTIF($A12,"GSHP")+COUNTIF($A12,"elecHOB"),SUMIF($N$23:$N$83,$A12,$J$23:$J$83),SUMIF($N$23:$N$83,$A12,$I$23:$I$83)) -> 0 | D12: =IF(COUNTIFS($K$23:$K$83,">0",$N$23:$N$83,$A12)=COUNTIF($N$23:$N$83,$A12),SUMIF($N$23:$N$83,$A12,$K$23:$K$83),"") | F12: =IF(ISTEXT($A12),IF(COUNTIFS(unitdata_Finland!$B$3:$B$85,$A12,unitdata_Finland!$C$3:$C$85,"*VAN*"),"","Add the unit!"),"") | G12: =IF(COUNTIFS(unitdata_Finland!$B$3:$B$85,$A12,unitdata_Finland!$C$3:$C$85,"*VAN*")>1,"Warning!","")
A13: heatStorageChargerSeasonal | B13: =IF(COUNTIF($A13,"*HOB*")+COUNTIF($A13,"*charger*")+COUNTIF($A13,"*disch*")+COUNTIF($A13,"GSHP")+COUNTIF($A13,"elecHOB"),SUMIF($N$23:$N$83,$A13,$I$23:$I$83),SUMIF($N$23:$N$83,$A13,$J$23:$J$83)) -> 200 | C13: =IF(COUNTIF($A13,"*HOB*")+COUNTIF($A13,"*charger*")+COUNTIF($A13,"*disch*")+COUNTIF($A13,"GSHP")+COUNTIF($A13,"elecHOB"),SUMIF($N$23:$N$83,$A13,$J$23:$J$83),SUMIF($N$23:$N$83,$A13,$I$23:$I$83)) -> 0 | D13: =IF(COUNTIFS($K$23:$K$83,">0",$N$23:$N$83,$A13)=COUNTIF($N$23:$N$83,$A13),SUMIF($N$23:$N$83,$A13,$K$23:$K$83),"") | F13: =IF(ISTEXT($A13),IF(COUNTIFS(unitdata_Finland!$B$3:$B$85,$A13,unitdata_Finland!$C$3:$C$85,"*VAN*"),"","Add the unit!"),"") | G13: =IF(COUNTIFS(unitdata_Finland!$B$3:$B$85,$A13,unitdata_Finland!$C$3:$C$85,"*VAN*")>1,"Warning!","")
A14: heatStorageDischSeasonal | B14: =IF(COUNTIF($A14,"*HOB*")+COUNTIF($A14,"*charger*")+COUNTIF($A14,"*disch*")+COUNTIF($A14,"GSHP")+COUNTIF($A14,"elecHOB"),SUMIF($N$23:$N$83,$A14,$I$23:$I$83),SUMIF($N$23:$N$83,$A14,$J$23:$J$83)) -> 200 | C14: =IF(COUNTIF($A14,"*HOB*")+COUNTIF($A14,"*charger*")+COUNTIF($A14,"*disch*")+COUNTIF($A14,"GSHP")+COUNTIF($A14,"elecHOB"),SUMIF($N$23:$N$83,$A14,$J$23:$J$83),SUMIF($N$23:$N$83,$A14,$I$23:$I$83)) -> 0 | D14: =IF(COUNTIFS($K$23:$K$83,">0",$N$23:$N$83,$A14)=COUNTIF($N$23:$N$83,$A14),SUMIF($N$23:$N$83,$A14,$K$23:$K$83),"") | F14: =IF(ISTEXT($A14),IF(COUNTIFS(unitdata_Finland!$B$3:$B$85,$A14,unitdata_Finland!$C$3:$C$85,"*VAN*"),"","Add the unit!"),"") | G14: =IF(COUNTIFS(unitdata_Finland!$B$3:$B$85,$A14,unitdata_Finland!$C$3:$C$85,"*VAN*")>1,"Warning!","")
B15: =IF(COUNTIF($A15,"*HOB*")+COUNTIF($A15,"*charger*")+COUNTIF($A15,"*disch*")+COUNTIF($A15,"GSHP")+COUNTIF($A15,"elecHOB"),SUMIF($N$23:$N$83,$A15,$I$23:$I$83),SUMIF($N$23:$N$83,$A15,$J$23:$J$83)) -> 0 | C15: =IF(COUNTIF($A15,"*HOB*")+COUNTIF($A15,"*charger*")+COUNTIF($A15,"*disch*")+COUNTIF($A15,"GSHP")+COUNTIF($A15,"elecHOB"),SUMIF($N$23:$N$83,$A15,$J$23:$J$83),SUMIF($N$23:$N$83,$A15,$I$23:$I$83)) -> 0 | D15: =IF(COUNTIFS($K$23:$K$83,">0",$N$23:$N$83,$A15)=COUNTIF($N$23:$N$83,$A15),SUMIF($N$23:$N$83,$A15,$K$23:$K$83),"") -> 0 | F15: =IF(ISTEXT($A15),IF(COUNTIFS(unitdata_Finland!$B$3:$B$85,$A15,unitdata_Finland!$C$3:$C$85,"*VAN*"),"","Add the unit!"),"") | G15: =IF(COUNTIFS(unitdata_Finland!$B$3:$B$85,$A15,unitdata_Finland!$C$3:$C$85,"*VAN*")>1,"Warning!","")
B16: =IF(COUNTIF($A16,"*HOB*")+COUNTIF($A16,"*charger*")+COUNTIF($A16,"*disch*")+COUNTIF($A16,"GSHP")+COUNTIF($A16,"elecHOB"),SUMIF($N$23:$N$83,$A16,$I$23:$I$83),SUMIF($N$23:$N$83,$A16,$J$23:$J$83)) -> 0 | C16: =IF(COUNTIF($A16,"*HOB*")+COUNTIF($A16,"*charger*")+COUNTIF($A16,"*disch*")+COUNTIF($A16,"GSHP")+COUNTIF($A16,"elecHOB"),SUMIF($N$23:$N$83,$A16,$J$23:$J$83),SUMIF($N$23:$N$83,$A16,$I$23:$I$83)) -> 0 | D16: =IF(COUNTIFS($K$23:$K$83,">0",$N$23:$N$83,$A16)=COUNTIF($N$23:$N$83,$A16),SUMIF($N$23:$N$83,$A16,$K$23:$K$83),"") -> 0 | F16: =IF(ISTEXT($A16),IF(COUNTIFS(unitdata_Finland!$B$3:$B$85,$A16,unitdata_Finland!$C$3:$C$85,"*VAN*"),"","Add the unit!"),"") | G16: =IF(COUNTIFS(unitdata_Finland!$B$3:$B$85,$A16,unitdata_Finland!$C$3:$C$85,"*VAN*")>1,"Warning!","")
B17: =IF(COUNTIF($A17,"*HOB*")+COUNTIF($A17,"*charger*")+COUNTIF($A17,"*disch*")+COUNTIF($A17,"GSHP")+COUNTIF($A17,"elecHOB"),SUMIF($N$23:$N$83,$A17,$I$23:$I$83),SUMIF($N$23:$N$83,$A17,$J$23:$J$83)) -> 0 | C17: =IF(COUNTIF($A17,"*HOB*")+COUNTIF($A17,"*charger*")+COUNTIF($A17,"*disch*")+COUNTIF($A17,"GSHP")+COUNTIF($A17,"elecHOB"),SUMIF($N$23:$N$83,$A17,$J$23:$J$83),SUMIF($N$23:$N$83,$A17,$I$23:$I$83)) -> 0 | D17: =IF(COUNTIFS($K$23:$K$83,">0",$N$23:$N$83,$A17)=COUNTIF($N$23:$N$83,$A17),SUMIF($N$23:$N$83,$A17,$K$23:$K$83),"") -> 0 | F17: =IF(ISTEXT($A17),IF(COUNTIFS(unitdata_Finland!$B$3:$B$85,$A17,unitdata_Finland!$C$3:$C$85,"*VAN*"),"","Add the unit!"),"") | G17: =IF(COUNTIFS(unitdata_Finland!$B$3:$B$85,$A17,unitdata_Finland!$C$3:$C$85,"*VAN*")>1,"Warning!","")
B18: =IF(COUNTIF($A18,"*HOB*")+COUNTIF($A18,"*charger*")+COUNTIF($A18,"*disch*")+COUNTIF($A18,"GSHP")+COUNTIF($A18,"elecHOB"),SUMIF($N$23:$N$83,$A18,$I$23:$I$83),SUMIF($N$23:$N$83,$A18,$J$23:$J$83)) -> 0 | C18: =IF(COUNTIF($A18,"*HOB*")+COUNTIF($A18,"*charger*")+COUNTIF($A18,"*disch*")+COUNTIF($A18,"GSHP")+COUNTIF($A18,"elecHOB"),SUMIF($N$23:$N$83,$A18,$J$23:$J$83),SUMIF($N$23:$N$83,$A18,$I$23:$I$83)) -> 0 | D18: =IF(COUNTIFS($K$23:$K$83,">0",$N$23:$N$83,$A18)=COUNTIF($N$23:$N$83,$A18),SUMIF($N$23:$N$83,$A18,$K$23:$K$83),"") -> 0 | F18: =IF(ISTEXT($A18),IF(COUNTIFS(unitdata_Finland!$B$3:$B$85,$A18,unitdata_Finland!$C$3:$C$85,"*VAN*"),"","Add the unit!"),"") | G18: =IF(COUNTIFS(unitdata_Finland!$B$3:$B$85,$A18,unitdata_Finland!$C$3:$C$85,"*VAN*")>1,"Warning!","")
B19: =IF(COUNTIF($A19,"*HOB*")+COUNTIF($A19,"*charger*")+COUNTIF($A19,"*disch*")+COUNTIF($A19,"GSHP")+COUNTIF($A19,"elecHOB"),SUMIF($N$23:$N$83,$A19,$I$23:$I$83),SUMIF($N$23:$N$83,$A19,$J$23:$J$83)) -> 0 | C19: =IF(COUNTIF($A19,"*HOB*")+COUNTIF($A19,"*charger*")+COUNTIF($A19,"*disch*")+COUNTIF($A19,"GSHP")+COUNTIF($A19,"elecHOB"),SUMIF($N$23:$N$83,$A19,$J$23:$J$83),SUMIF($N$23:$N$83,$A19,$I$23:$I$83)) -> 0 | D19: =IF(COUNTIFS($K$23:$K$83,">0",$N$23:$N$83,$A19)=COUNTIF($N$23:$N$83,$A19),SUMIF($N$23:$N$83,$A19,$K$23:$K$83),"") -> 0 | F19: =IF(ISTEXT($A19),IF(COUNTIFS(unitdata_Finland!$B$3:$B$85,$A19,unitdata_Finland!$C$3:$C$85,"*VAN*"),"","Add the unit!"),"") | G19: =IF(COUNTIFS(unitdata_Finland!$B$3:$B$85,$A19,unitdata_Finland!$C$3:$C$85,"*VAN*")>1,"Warning!","")
B20: =IF(COUNTIF($A20,"*HOB*")+COUNTIF($A20,"*charger*")+COUNTIF($A20,"*disch*")+COUNTIF($A20,"GSHP")+COUNTIF($A20,"elecHOB"),SUMIF($N$23:$N$83,$A20,$I$23:$I$83),SUMIF($N$23:$N$83,$A20,$J$23:$J$83)) -> 0 | C20: =IF(COUNTIF($A20,"*HOB*")+COUNTIF($A20,"*charger*")+COUNTIF($A20,"*disch*")+COUNTIF($A20,"GSHP")+COUNTIF($A20,"elecHOB"),SUMIF($N$23:$N$83,$A20,$J$23:$J$83),SUMIF($N$23:$N$83,$A20,$I$23:$I$83)) -> 0 | D20: =IF(COUNTIFS($K$23:$K$83,">0",$N$23:$N$83,$A20)=COUNTIF($N$23:$N$83,$A20),SUMIF($N$23:$N$83,$A20,$K$23:$K$83),"") -> 0 | F20: =IF(ISTEXT($A20),IF(COUNTIFS(unitdata_Finland!$B$3:$B$85,$A20,unitdata_Finland!$C$3:$C$85,"*VAN*"),"","Add the unit!"),"") | G20: =IF(COUNTIFS(unitdata_Finland!$B$3:$B$85,$A20,unitdata_Finland!$C$3:$C$85,"*VAN*")>1,"Warning!","")
A21: Add units below:
A22: District heating in Finland 2023 https://energia.fi/en/statistics/district-heating-statistics/ | I22: Heat | J22: Power | K22: Fuel input | N22: unittype
A23: Vantaan Energia Oy | B23: Koivukylä | C23: klk | D23: 1972 | E23: 2 | F23: - | G23: 75 | H23: - | I23: 75 | J23: - | L23: maka | M23: - | N23: gasHOB
A24: Vantaan Energia Oy | B24: Hakunila | C24: klk | D24: 1972 | E24: 2 | F24: - | G24: 80 | H24: - | I24: 80 | J24: - | L24: maka | M24: - | N24: gasHOB
A25: Vantaan Energia Oy | B25: Maarinkunnas | C25: klk | D25: 2002 | E25: 5 | F25: - | G25: 180 | H25: - | I25: 180 | J25: - | L25: maka | M25: - | N25: gasHOB
A26: Vantaan Energia Oy | B26: Lentokenttä | C26: klk | D26: 2008 | E26: 2 | F26: - | G26: 92 | H26: - | I26: 92 | J26: - | L26: kpö | M26: - | N26: oilHOB
A27: Vantaan Energia Oy | B27: Varisto | C27: klk | D27: 2014 | E27: 2 | F27: - | G27: 92 | H27: - | I27: 92 | J27: - | L27: maka | M27: - | N27: gasHOB
A28: Vantaan Energia Oy | B28: Jätevoimalan laajennus | C28: klk | D28: 2022 | E28: 1 | F28: - | G28: 70 | H28: 10 | I28: 80 | J28: - | L28: yhjä | M28: - | N28: wasteHOB
A29: Vantaan Energia Oy | B29: Martinlaakso 2 | C29: lvl | D29: 1982 | E29: 1 | F29: 145 | G29: - | H29: - | I29: 145 | J29: 75 | L29: hiili | M29: - | N29: Excluded
A30: Vantaan Energia Oy | B30: Martinlaakso 4 (kaasukombi) | C30: lvl | D30: 1995 | E30: 1 | F30: 75 | G30: 15 | H30: - | I30: 90 | J30: 88 | K30: 220 | L30: maka | M30: - | N30: gasCCGTCHP | O30: https://ylupa.avi.fi/fi-FI/asia/1546173
A31: Vantaan Energia Oy | B31: Martinlaakso 1 (bio) | C31: lvl | D31: 2019 | E31: 1 | F31: 75 | G31: - | H31: 30 | I31: 105 | J31: 28 | K31: 120 | L31: popu | M31: - | N31: bioCHP | O31: https://ylupa.avi.fi/fi-FI/asia/1546173
A32: Vantaan Energia Oy | B32: Jätevoimala 1 | C32: lvl | D32: 2014 | E32: 3 | F32: 117 | G32: - | H32: 30 | I32: 147 | J32: 76.4 | K32: 202 | L32: yhjä | M32: - | N32: wasteCHP | O32: https://www.vantaanenergia.fi/tietoa-meista/energiantuotanto/jatevoimala/
A34: Vihreät investoinnit, Dataikkuna (19.3.2025) https://ek.fi/tutkittua-tietoa/vihreat-investoinnit/ | I34: Heat | J34: Power | K34: Fuel input | N34: unittype
A35: Varanto EB | I35: 120 | N35: elecHOB | O35: https://www.vantaanenergia.fi/tietoa-meista/hankkeet/varanto/
A36: Martinlaakso EB | I36: 60 | N36: elecHOB | O36: https://www.vantaanenergia.fi/vantaan-energia-laajentaa-paastotonta-lammontuotantoaan-sahkokattila-ja-lampoakku-martinlaakson-voimalaitokselle/
A38: Other references | I38: Heat | J38: Power | K38: Fuel input | N38: unittype
A39: Vantaa waste heat HP | I39: 35 | N39: GSHP | O39: https://valtioneuvosto.fi/documents/1410877/196402993/LIITE-14062024-tiedotteeseen-hankekuvaukset-yhdeksasta-tuetusta-RRF-hankkeesta-FI.pdf/c2731b2c-0cf2-53d4-6075-d3363fb5a9ac/LIITE-14062024-tiedotteeseen-hankekuvaukset-yhdeksasta-tuetusta-RRF-hankkeesta-FI.pdf?t=1718354172338
A40: Martinlaakso, treated wood waste HOB | I40: 23 | N40: bioHOB | O40: https://ylupa.avi.fi/fi-FI/asia/2034058
A42: Thermal energy storages: District heating in Finland 2023 https://energia.fi/en/statistics/district-heating-statistics/
B43: Storage capacity (MWh) | I43: Heat | J43: Power | N43: unittype
A44: Martinlaakso | B44: 800 | H44: input | I44: =B44/10 -> 80 | N44: HeatStorageCharger
H45: output | I45: =I44 -> 80 | N45: HeatStorageDisch
A46: Jätevoimala | B46: 500 | H46: input | I46: =B46/10 -> 50 | N46: HeatStorageCharger
H47: output | I47: =I46 -> 50 | N47: HeatStorageDisch
A49: Thermal energy storages: Vihreät investoinnit, Dataikkuna (19.3.2025) https://ek.fi/tutkittua-tietoa/vihreat-investoinnit/
B50: Storage capacity (MWh) | I50: Heat | J50: Power | N50: unittype
A51: Martinlaakso New | B51: 500 | H51: input | I51: =B51/10 -> 50 | N51: HeatStorageCharger | O51: https://www.vantaanenergia.fi/vantaan-energia-laajentaa-paastotonta-lammontuotantoaan-sahkokattila-ja-lampoakku-martinlaakson-voimalaitokselle/
H52: output | I52: =I51 -> 50 | N52: HeatStorageDisch
A53: Varanto | B53: 90000 | H53: input | I53: =B53/450 -> 200 | N53: heatStorageChargerSeasonal | O53: https://www.vantaanenergia.fi/tietoa-meista/hankkeet/varanto/
H54: output | I54: =I53 -> 200 | N54: heatStorageDischSeasonal

Sheet TRE
A1: unittype | B1: Output 1 | C1: output 2 | D1: Input 1 | F1: Add unit to "unit data" | G1: Multiple units in "unit data"
A2: {=_xlfn.UNIQUE(_xlfn._xlws.FILTER(N23:N82,(ISTEXT(N23:N82))*(N23:N82<>"Excluded")*(N23:N82<>"Included in industry")*(N23:N82<>"unittype")))} -> gasHOB | B2: =IF(COUNTIF($A2,"*HOB*")+COUNTIF($A2,"*charger*")+COUNTIF($A2,"*disch*")+COUNTIF($A2,"GSHP")+COUNTIF($A2,"elecHOB"),SUMIF($N$23:$N$82,$A2,$I$23:$I$82),SUMIF($N$23:$N$82,$A2,$J$23:$J$82)) -> 235 | C2: =IF(COUNTIF($A2,"*HOB*")+COUNTIF($A2,"*charger*")+COUNTIF($A2,"*disch*")+COUNTIF($A2,"GSHP")+COUNTIF($A2,"elecHOB"),SUMIF($N$23:$N$82,$A2,$J$23:$J$82),SUMIF($N$23:$N$82,$A2,$I$23:$I$82)) -> 0 | D2: =IF(COUNTIFS($K$23:$K$82,">0",$N$23:$N$82,$A2)=COUNTIF($N$23:$N$82,$A2),SUMIF($N$23:$N$82,$A2,$K$23:$K$82),"") | F2: =IF(ISTEXT($A2),IF(COUNTIFS(unitdata_Finland!$B$3:$B$85,$A2,unitdata_Finland!$C$3:$C$85,"*TRE*"),"","Add the unit!"),"") | G2: =IF(COUNTIFS(unitdata_Finland!$B$3:$B$85,$A2,unitdata_Finland!$C$3:$C$85,"*TRE*")>1,"Warning!","")
A3: oilHOB | B3: =IF(COUNTIF($A3,"*HOB*")+COUNTIF($A3,"*charger*")+COUNTIF($A3,"*disch*")+COUNTIF($A3,"GSHP")+COUNTIF($A3,"elecHOB"),SUMIF($N$23:$N$82,$A3,$I$23:$I$82),SUMIF($N$23:$N$82,$A3,$J$23:$J$82)) -> 305 | C3: =IF(COUNTIF($A3,"*HOB*")+COUNTIF($A3,"*charger*")+COUNTIF($A3,"*disch*")+COUNTIF($A3,"GSHP")+COUNTIF($A3,"elecHOB"),SUMIF($N$23:$N$82,$A3,$J$23:$J$82),SUMIF($N$23:$N$82,$A3,$I$23:$I$82)) -> 0 | D3: =IF(COUNTIFS($K$23:$K$82,">0",$N$23:$N$82,$A3)=COUNTIF($N$23:$N$82,$A3),SUMIF($N$23:$N$82,$A3,$K$23:$K$82),"") | F3: =IF(ISTEXT($A3),IF(COUNTIFS(unitdata_Finland!$B$3:$B$85,$A3,unitdata_Finland!$C$3:$C$85,"*TRE*"),"","Add the unit!"),"") | G3: =IF(COUNTIFS(unitdata_Finland!$B$3:$B$85,$A3,unitdata_Finland!$C$3:$C$85,"*TRE*")>1,"Warning!","")
A4: bioHOB | B4: =IF(COUNTIF($A4,"*HOB*")+COUNTIF($A4,"*charger*")+COUNTIF($A4,"*disch*")+COUNTIF($A4,"GSHP")+COUNTIF($A4,"elecHOB"),SUMIF($N$23:$N$82,$A4,$I$23:$I$82),SUMIF($N$23:$N$82,$A4,$J$23:$J$82)) -> 92 | C4: =IF(COUNTIF($A4,"*HOB*")+COUNTIF($A4,"*charger*")+COUNTIF($A4,"*disch*")+COUNTIF($A4,"GSHP")+COUNTIF($A4,"elecHOB"),SUMIF($N$23:$N$82,$A4,$J$23:$J$82),SUMIF($N$23:$N$82,$A4,$I$23:$I$82)) -> 0 | D4: =IF(COUNTIFS($K$23:$K$82,">0",$N$23:$N$82,$A4)=COUNTIF($N$23:$N$82,$A4),SUMIF($N$23:$N$82,$A4,$K$23:$K$82),"") | F4: =IF(ISTEXT($A4),IF(COUNTIFS(unitdata_Finland!$B$3:$B$85,$A4,unitdata_Finland!$C$3:$C$85,"*TRE*"),"","Add the unit!"),"") | G4: =IF(COUNTIFS(unitdata_Finland!$B$3:$B$85,$A4,unitdata_Finland!$C$3:$C$85,"*TRE*")>1,"Warning!","")
A5: elecHOB | B5: =IF(COUNTIF($A5,"*HOB*")+COUNTIF($A5,"*charger*")+COUNTIF($A5,"*disch*")+COUNTIF($A5,"GSHP")+COUNTIF($A5,"elecHOB"),SUMIF($N$23:$N$82,$A5,$I$23:$I$82),SUMIF($N$23:$N$82,$A5,$J$23:$J$82)) -> 145 | C5: =IF(COUNTIF($A5,"*HOB*")+COUNTIF($A5,"*charger*")+COUNTIF($A5,"*disch*")+COUNTIF($A5,"GSHP")+COUNTIF($A5,"elecHOB"),SUMIF($N$23:$N$82,$A5,$J$23:$J$82),SUMIF($N$23:$N$82,$A5,$I$23:$I$82)) -> 0 | D5: =IF(COUNTIFS($K$23:$K$82,">0",$N$23:$N$82,$A5)=COUNTIF($N$23:$N$82,$A5),SUMIF($N$23:$N$82,$A5,$K$23:$K$82),"") | F5: =IF(ISTEXT($A5),IF(COUNTIFS(unitdata_Finland!$B$3:$B$85,$A5,unitdata_Finland!$C$3:$C$85,"*TRE*"),"","Add the unit!"),"") | G5: =IF(COUNTIFS(unitdata_Finland!$B$3:$B$85,$A5,unitdata_Finland!$C$3:$C$85,"*TRE*")>1,"Warning!","")
A6: bioCHP | B6: =IF(COUNTIF($A6,"*HOB*")+COUNTIF($A6,"*charger*")+COUNTIF($A6,"*disch*")+COUNTIF($A6,"GSHP")+COUNTIF($A6,"elecHOB"),SUMIF($N$23:$N$82,$A6,$I$23:$I$82),SUMIF($N$23:$N$82,$A6,$J$23:$J$82)) -> 55 | C6: =IF(COUNTIF($A6,"*HOB*")+COUNTIF($A6,"*charger*")+COUNTIF($A6,"*disch*")+COUNTIF($A6,"GSHP")+COUNTIF($A6,"elecHOB"),SUMIF($N$23:$N$82,$A6,$J$23:$J$82),SUMIF($N$23:$N$82,$A6,$I$23:$I$82)) -> 160 | D6: =IF(COUNTIFS($K$23:$K$82,">0",$N$23:$N$82,$A6)=COUNTIF($N$23:$N$82,$A6),SUMIF($N$23:$N$82,$A6,$K$23:$K$82),"") -> 210 | F6: =IF(ISTEXT($A6),IF(COUNTIFS(unitdata_Finland!$B$3:$B$85,$A6,unitdata_Finland!$C$3:$C$85,"*TRE*"),"","Add the unit!"),"") | G6: =IF(COUNTIFS(unitdata_Finland!$B$3:$B$85,$A6,unitdata_Finland!$C$3:$C$85,"*TRE*")>1,"Warning!","")
A7: gasCCGTCHP | B7: =IF(COUNTIF($A7,"*HOB*")+COUNTIF($A7,"*charger*")+COUNTIF($A7,"*disch*")+COUNTIF($A7,"GSHP")+COUNTIF($A7,"elecHOB"),SUMIF($N$23:$N$82,$A7,$I$23:$I$82),SUMIF($N$23:$N$82,$A7,$J$23:$J$82)) -> 147 | C7: =IF(COUNTIF($A7,"*HOB*")+COUNTIF($A7,"*charger*")+COUNTIF($A7,"*disch*")+COUNTIF($A7,"GSHP")+COUNTIF($A7,"elecHOB"),SUMIF($N$23:$N$82,$A7,$J$23:$J$82),SUMIF($N$23:$N$82,$A7,$I$23:$I$82)) -> 170 | D7: =IF(COUNTIFS($K$23:$K$82,">0",$N$23:$N$82,$A7)=COUNTIF($N$23:$N$82,$A7),SUMIF($N$23:$N$82,$A7,$K$23:$K$82),"") -> 336 | F7: =IF(ISTEXT($A7),IF(COUNTIFS(unitdata_Finland!$B$3:$B$85,$A7,unitdata_Finland!$C$3:$C$85,"*TRE*"),"","Add the unit!"),"") | G7: =IF(COUNTIFS(unitdata_Finland!$B$3:$B$85,$A7,unitdata_Finland!$C$3:$C$85,"*TRE*")>1,"Warning!","")
A8: wasteCHP | B8: =IF(COUNTIF($A8,"*HOB*")+COUNTIF($A8,"*charger*")+COUNTIF($A8,"*disch*")+COUNTIF($A8,"GSHP")+COUNTIF($A8,"elecHOB"),SUMIF($N$23:$N$82,$A8,$I$23:$I$82),SUMIF($N$23:$N$82,$A8,$J$23:$J$82)) -> 12 | C8: =IF(COUNTIF($A8,"*HOB*")+COUNTIF($A8,"*charger*")+COUNTIF($A8,"*disch*")+COUNTIF($A8,"GSHP")+COUNTIF($A8,"elecHOB"),SUMIF($N$23:$N$82,$A8,$J$23:$J$82),SUMIF($N$23:$N$82,$A8,$I$23:$I$82)) -> 46 | D8: =IF(COUNTIFS($K$23:$K$82,">0",$N$23:$N$82,$A8)=COUNTIF($N$23:$N$82,$A8),SUMIF($N$23:$N$82,$A8,$K$23:$K$82),"") -> 66 | F8: =IF(ISTEXT($A8),IF(COUNTIFS(unitdata_Finland!$B$3:$B$85,$A8,unitdata_Finland!$C$3:$C$85,"*TRE*"),"","Add the unit!"),"") | G8: =IF(COUNTIFS(unitdata_Finland!$B$3:$B$85,$A8,unitdata_Finland!$C$3:$C$85,"*TRE*")>1,"Warning!","")
A9: HeatStorageCharger | B9: =IF(COUNTIF($A9,"*HOB*")+COUNTIF($A9,"*charger*")+COUNTIF($A9,"*disch*")+COUNTIF($A9,"GSHP")+COUNTIF($A9,"elecHOB"),SUMIF($N$23:$N$82,$A9,$I$23:$I$82),SUMIF($N$23:$N$82,$A9,$J$23:$J$82)) -> 100 | C9: =IF(COUNTIF($A9,"*HOB*")+COUNTIF($A9,"*charger*")+COUNTIF($A9,"*disch*")+COUNTIF($A9,"GSHP")+COUNTIF($A9,"elecHOB"),SUMIF($N$23:$N$82,$A9,$J$23:$J$82),SUMIF($N$23:$N$82,$A9,$I$23:$I$82)) -> 0 | D9: =IF(COUNTIFS($K$23:$K$82,">0",$N$23:$N$82,$A9)=COUNTIF($N$23:$N$82,$A9),SUMIF($N$23:$N$82,$A9,$K$23:$K$82),"") | F9: =IF(ISTEXT($A9),IF(COUNTIFS(unitdata_Finland!$B$3:$B$85,$A9,unitdata_Finland!$C$3:$C$85,"*TRE*"),"","Add the unit!"),"") | G9: =IF(COUNTIFS(unitdata_Finland!$B$3:$B$85,$A9,unitdata_Finland!$C$3:$C$85,"*TRE*")>1,"Warning!","")
A10: HeatStorageDisch | B10: =IF(COUNTIF($A10,"*HOB*")+COUNTIF($A10,"*charger*")+COUNTIF($A10,"*disch*")+COUNTIF($A10,"GSHP")+COUNTIF($A10,"elecHOB"),SUMIF($N$23:$N$82,$A10,$I$23:$I$82),SUMIF($N$23:$N$82,$A10,$J$23:$J$82)) -> 100 | C10: =IF(COUNTIF($A10,"*HOB*")+COUNTIF($A10,"*charger*")+COUNTIF($A10,"*disch*")+COUNTIF($A10,"GSHP")+COUNTIF($A10,"elecHOB"),SUMIF($N$23:$N$82,$A10,$J$23:$J$82),SUMIF($N$23:$N$82,$A10,$I$23:$I$82)) -> 0 | D10: =IF(COUNTIFS($K$23:$K$82,">0",$N$23:$N$82,$A10)=COUNTIF($N$23:$N$82,$A10),SUMIF($N$23:$N$82,$A10,$K$23:$K$82),"") | F10: =IF(ISTEXT($A10),IF(COUNTIFS(unitdata_Finland!$B$3:$B$85,$A10,unitdata_Finland!$C$3:$C$85,"*TRE*"),"","Add the unit!"),"") | G10: =IF(COUNTIFS(unitdata_Finland!$B$3:$B$85,$A10,unitdata_Finland!$C$3:$C$85,"*TRE*")>1,"Warning!","")
B11: =IF(COUNTIF($A11,"*HOB*")+COUNTIF($A11,"*charger*")+COUNTIF($A11,"*disch*")+COUNTIF($A11,"GSHP")+COUNTIF($A11,"elecHOB"),SUMIF($N$23:$N$82,$A11,$I$23:$I$82),SUMIF($N$23:$N$82,$A11,$J$23:$J$82)) -> 0 | C11: =IF(COUNTIF($A11,"*HOB*")+COUNTIF($A11,"*charger*")+COUNTIF($A11,"*disch*")+COUNTIF($A11,"GSHP")+COUNTIF($A11,"elecHOB"),SUMIF($N$23:$N$82,$A11,$J$23:$J$82),SUMIF($N$23:$N$82,$A11,$I$23:$I$82)) -> 0 | D11: =IF(COUNTIFS($K$23:$K$82,">0",$N$23:$N$82,$A11)=COUNTIF($N$23:$N$82,$A11),SUMIF($N$23:$N$82,$A11,$K$23:$K$82),"") -> 0 | F11: =IF(ISTEXT($A11),IF(COUNTIFS(unitdata_Finland!$B$3:$B$85,$A11,unitdata_Finland!$C$3:$C$85,"*TRE*"),"","Add the unit!"),"") | G11: =IF(COUNTIFS(unitdata_Finland!$B$3:$B$85,$A11,unitdata_Finland!$C$3:$C$85,"*TRE*")>1,"Warning!","")
B12: =IF(COUNTIF($A12,"*HOB*")+COUNTIF($A12,"*charger*")+COUNTIF($A12,"*disch*")+COUNTIF($A12,"GSHP")+COUNTIF($A12,"elecHOB"),SUMIF($N$23:$N$82,$A12,$I$23:$I$82),SUMIF($N$23:$N$82,$A12,$J$23:$J$82)) -> 0 | C12: =IF(COUNTIF($A12,"*HOB*")+COUNTIF($A12,"*charger*")+COUNTIF($A12,"*disch*")+COUNTIF($A12,"GSHP")+COUNTIF($A12,"elecHOB"),SUMIF($N$23:$N$82,$A12,$J$23:$J$82),SUMIF($N$23:$N$82,$A12,$I$23:$I$82)) -> 0 | D12: =IF(COUNTIFS($K$23:$K$82,">0",$N$23:$N$82,$A12)=COUNTIF($N$23:$N$82,$A12),SUMIF($N$23:$N$82,$A12,$K$23:$K$82),"") -> 0 | F12: =IF(ISTEXT($A12),IF(COUNTIFS(unitdata_Finland!$B$3:$B$85,$A12,unitdata_Finland!$C$3:$C$85,"*TRE*"),"","Add the unit!"),"") | G12: =IF(COUNTIFS(unitdata_Finland!$B$3:$B$85,$A12,unitdata_Finland!$C$3:$C$85,"*TRE*")>1,"Warning!","")
B13: =IF(COUNTIF($A13,"*HOB*")+COUNTIF($A13,"*charger*")+COUNTIF($A13,"*disch*")+COUNTIF($A13,"GSHP")+COUNTIF($A13,"elecHOB"),SUMIF($N$23:$N$82,$A13,$I$23:$I$82),SUMIF($N$23:$N$82,$A13,$J$23:$J$82)) -> 0 | C13: =IF(COUNTIF($A13,"*HOB*")+COUNTIF($A13,"*charger*")+COUNTIF($A13,"*disch*")+COUNTIF($A13,"GSHP")+COUNTIF($A13,"elecHOB"),SUMIF($N$23:$N$82,$A13,$J$23:$J$82),SUMIF($N$23:$N$82,$A13,$I$23:$I$82)) -> 0 | D13: =IF(COUNTIFS($K$23:$K$82,">0",$N$23:$N$82,$A13)=COUNTIF($N$23:$N$82,$A13),SUMIF($N$23:$N$82,$A13,$K$23:$K$82),"") -> 0 | F13: =IF(ISTEXT($A13),IF(COUNTIFS(unitdata_Finland!$B$3:$B$85,$A13,unitdata_Finland!$C$3:$C$85,"*TRE*"),"","Add the unit!"),"") | G13: =IF(COUNTIFS(unitdata_Finland!$B$3:$B$85,$A13,unitdata_Finland!$C$3:$C$85,"*TRE*")>1,"Warning!","")
B14: =IF(COUNTIF($A14,"*HOB*")+COUNTIF($A14,"*charger*")+COUNTIF($A14,"*disch*")+COUNTIF($A14,"GSHP")+COUNTIF($A14,"elecHOB"),SUMIF($N$23:$N$82,$A14,$I$23:$I$82),SUMIF($N$23:$N$82,$A14,$J$23:$J$82)) -> 0 | C14: =IF(COUNTIF($A14,"*HOB*")+COUNTIF($A14,"*charger*")+COUNTIF($A14,"*disch*")+COUNTIF($A14,"GSHP")+COUNTIF($A14,"elecHOB"),SUMIF($N$23:$N$82,$A14,$J$23:$J$82),SUMIF($N$23:$N$82,$A14,$I$23:$I$82)) -> 0 | D14: =IF(COUNTIFS($K$23:$K$82,">0",$N$23:$N$82,$A14)=COUNTIF($N$23:$N$82,$A14),SUMIF($N$23:$N$82,$A14,$K$23:$K$82),"") -> 0 | F14: =IF(ISTEXT($A14),IF(COUNTIFS(unitdata_Finland!$B$3:$B$85,$A14,unitdata_Finland!$C$3:$C$85,"*TRE*"),"","Add the unit!"),"") | G14: =IF(COUNTIFS(unitdata_Finland!$B$3:$B$85,$A14,unitdata_Finland!$C$3:$C$85,"*TRE*")>1,"Warning!","")
B15: =IF(COUNTIF($A15,"*HOB*")+COUNTIF($A15,"*charger*")+COUNTIF($A15,"*disch*")+COUNTIF($A15,"GSHP")+COUNTIF($A15,"elecHOB"),SUMIF($N$23:$N$82,$A15,$I$23:$I$82),SUMIF($N$23:$N$82,$A15,$J$23:$J$82)) -> 0 | C15: =IF(COUNTIF($A15,"*HOB*")+COUNTIF($A15,"*charger*")+COUNTIF($A15,"*disch*")+COUNTIF($A15,"GSHP")+COUNTIF($A15,"elecHOB"),SUMIF($N$23:$N$82,$A15,$J$23:$J$82),SUMIF($N$23:$N$82,$A15,$I$23:$I$82)) -> 0 | D15: =IF(COUNTIFS($K$23:$K$82,">0",$N$23:$N$82,$A15)=COUNTIF($N$23:$N$82,$A15),SUMIF($N$23:$N$82,$A15,$K$23:$K$82),"") -> 0 | F15: =IF(ISTEXT($A15),IF(COUNTIFS(unitdata_Finland!$B$3:$B$85,$A15,unitdata_Finland!$C$3:$C$85,"*TRE*"),"","Add the unit!"),"") | G15: =IF(COUNTIFS(unitdata_Finland!$B$3:$B$85,$A15,unitdata_Finland!$C$3:$C$85,"*TRE*")>1,"Warning!","")
B16: =IF(COUNTIF($A16,"*HOB*")+COUNTIF($A16,"*charger*")+COUNTIF($A16,"*disch*")+COUNTIF($A16,"GSHP")+COUNTIF($A16,"elecHOB"),SUMIF($N$23:$N$82,$A16,$I$23:$I$82),SUMIF($N$23:$N$82,$A16,$J$23:$J$82)) -> 0 | C16: =IF(COUNTIF($A16,"*HOB*")+COUNTIF($A16,"*charger*")+COUNTIF($A16,"*disch*")+COUNTIF($A16,"GSHP")+COUNTIF($A16,"elecHOB"),SUMIF($N$23:$N$82,$A16,$J$23:$J$82),SUMIF($N$23:$N$82,$A16,$I$23:$I$82)) -> 0 | D16: =IF(COUNTIFS($K$23:$K$82,">0",$N$23:$N$82,$A16)=COUNTIF($N$23:$N$82,$A16),SUMIF($N$23:$N$82,$A16,$K$23:$K$82),"") -> 0 | F16: =IF(ISTEXT($A16),IF(COUNTIFS(unitdata_Finland!$B$3:$B$85,$A16,unitdata_Finland!$C$3:$C$85,"*TRE*"),"","Add the unit!"),"") | G16: =IF(COUNTIFS(unitdata_Finland!$B$3:$B$85,$A16,unitdata_Finland!$C$3:$C$85,"*TRE*")>1,"Warning!","")
B17: =IF(COUNTIF($A17,"*HOB*")+COUNTIF($A17,"*charger*")+COUNTIF($A17,"*disch*")+COUNTIF($A17,"GSHP")+COUNTIF($A17,"elecHOB"),SUMIF($N$23:$N$82,$A17,$I$23:$I$82),SUMIF($N$23:$N$82,$A17,$J$23:$J$82)) -> 0 | C17: =IF(COUNTIF($A17,"*HOB*")+COUNTIF($A17,"*charger*")+COUNTIF($A17,"*disch*")+COUNTIF($A17,"GSHP")+COUNTIF($A17,"elecHOB"),SUMIF($N$23:$N$82,$A17,$J$23:$J$82),SUMIF($N$23:$N$82,$A17,$I$23:$I$82)) -> 0 | D17: =IF(COUNTIFS($K$23:$K$82,">0",$N$23:$N$82,$A17)=COUNTIF($N$23:$N$82,$A17),SUMIF($N$23:$N$82,$A17,$K$23:$K$82),"") -> 0 | F17: =IF(ISTEXT($A17),IF(COUNTIFS(unitdata_Finland!$B$3:$B$85,$A17,unitdata_Finland!$C$3:$C$85,"*TRE*"),"","Add the unit!"),"") | G17: =IF(COUNTIFS(unitdata_Finland!$B$3:$B$85,$A17,unitdata_Finland!$C$3:$C$85,"*TRE*")>1,"Warning!","")
B18: =IF(COUNTIF($A18,"*HOB*")+COUNTIF($A18,"*charger*")+COUNTIF($A18,"*disch*")+COUNTIF($A18,"GSHP")+COUNTIF($A18,"elecHOB"),SUMIF($N$23:$N$82,$A18,$I$23:$I$82),SUMIF($N$23:$N$82,$A18,$J$23:$J$82)) -> 0 | C18: =IF(COUNTIF($A18,"*HOB*")+COUNTIF($A18,"*charger*")+COUNTIF($A18,"*disch*")+COUNTIF($A18,"GSHP")+COUNTIF($A18,"elecHOB"),SUMIF($N$23:$N$82,$A18,$J$23:$J$82),SUMIF($N$23:$N$82,$A18,$I$23:$I$82)) -> 0 | D18: =IF(COUNTIFS($K$23:$K$82,">0",$N$23:$N$82,$A18)=COUNTIF($N$23:$N$82,$A18),SUMIF($N$23:$N$82,$A18,$K$23:$K$82),"") -> 0 | F18: =IF(ISTEXT($A18),IF(COUNTIFS(unitdata_Finland!$B$3:$B$85,$A18,unitdata_Finland!$C$3:$C$85,"*TRE*"),"","Add the unit!"),"") | G18: =IF(COUNTIFS(unitdata_Finland!$B$3:$B$85,$A18,unitdata_Finland!$C$3:$C$85,"*TRE*")>1,"Warning!","")
B19: =IF(COUNTIF($A19,"*HOB*")+COUNTIF($A19,"*charger*")+COUNTIF($A19,"*disch*")+COUNTIF($A19,"GSHP")+COUNTIF($A19,"elecHOB"),SUMIF($N$23:$N$82,$A19,$I$23:$I$82),SUMIF($N$23:$N$82,$A19,$J$23:$J$82)) -> 0 | C19: =IF(COUNTIF($A19,"*HOB*")+COUNTIF($A19,"*charger*")+COUNTIF($A19,"*disch*")+COUNTIF($A19,"GSHP")+COUNTIF($A19,"elecHOB"),SUMIF($N$23:$N$82,$A19,$J$23:$J$82),SUMIF($N$23:$N$82,$A19,$I$23:$I$82)) -> 0 | D19: =IF(COUNTIFS($K$23:$K$82,">0",$N$23:$N$82,$A19)=COUNTIF($N$23:$N$82,$A19),SUMIF($N$23:$N$82,$A19,$K$23:$K$82),"") -> 0 | F19: =IF(ISTEXT($A19),IF(COUNTIFS(unitdata_Finland!$B$3:$B$85,$A19,unitdata_Finland!$C$3:$C$85,"*TRE*"),"","Add the unit!"),"") | G19: =IF(COUNTIFS(unitdata_Finland!$B$3:$B$85,$A19,unitdata_Finland!$C$3:$C$85,"*TRE*")>1,"Warning!","")
B20: =IF(COUNTIF($A20,"*HOB*")+COUNTIF($A20,"*charger*")+COUNTIF($A20,"*disch*")+COUNTIF($A20,"GSHP")+COUNTIF($A20,"elecHOB"),SUMIF($N$23:$N$82,$A20,$I$23:$I$82),SUMIF($N$23:$N$82,$A20,$J$23:$J$82)) -> 0 | C20: =IF(COUNTIF($A20,"*HOB*")+COUNTIF($A20,"*charger*")+COUNTIF($A20,"*disch*")+COUNTIF($A20,"GSHP")+COUNTIF($A20,"elecHOB"),SUMIF($N$23:$N$82,$A20,$J$23:$J$82),SUMIF($N$23:$N$82,$A20,$I$23:$I$82)) -> 0 | D20: =IF(COUNTIFS($K$23:$K$82,">0",$N$23:$N$82,$A20)=COUNTIF($N$23:$N$82,$A20),SUMIF($N$23:$N$82,$A20,$K$23:$K$82),"") -> 0 | F20: =IF(ISTEXT($A20),IF(COUNTIFS(unitdata_Finland!$B$3:$B$85,$A20,unitdata_Finland!$C$3:$C$85,"*TRE*"),"","Add the unit!"),"") | G20: =IF(COUNTIFS(unitdata_Finland!$B$3:$B$85,$A20,unitdata_Finland!$C$3:$C$85,"*TRE*")>1,"Warning!","")
A21: Add units below:
A22: District heating in Finland 2023 https://energia.fi/en/statistics/district-heating-statistics/ | I22: Heat | J22: Power | K22: Fuel input | N22: unittype
A23: Tampereen Energia Oy, Tampere | B23: Ratina | C23: klk | D23: 2005 | E23: 1 | F23: - | G23: 40 | H23: - | I23: 40 | J23: - | L23: maka | M23: - | N23: gasHOB
A24: Tampereen Energia Oy, Tampere | B24: Hervanta | C24: klk | D24: 1976 | E24: 3 | F24: - | G24: 95 | H24: - | I24: 95 | J24: - | L24: kpö | M24: - | N24: oilHOB
