Workbook
Name Bottom: OFFSET(#REF!,1,0,COUNT(#REF!),1)
Name fd: OFFSET(#REF!,1,0,COUNT(#REF!),1)
Name Labels: OFFSET(Bottom,0,-1)
Name SecondQ: OFFSET(#REF!,1,0,COUNT(#REF!),1)
Name ThirdQ: OFFSET(#REF!,1,0,COUNT(#REF!),1)

Sheet vomcost mult
A1: Data extracted on 10/03/2026 09:16:55 from [ESTAT]
A2: Dataset: | B2: Real GDP per capita [sdg_08_10]
A3: Last updated: | B3: 09/03/2026 23:00
A5: Time frequency | C5: Annual
A6: Unit of measure | C6: Chain linked volumes (2020), euro per capita
A7: National accounts indicator (ESA 2010) | C7: Gross domestic product at market prices
A9: TIME | B9: 2020 | C9: 2021 | D9: 2022 | E9: 2023 | F9: 2024
A10: GEO (Labels) | J10: model country | O10: GDP pc of country | P10: vomCosts country multiplier | Q10: region multiplier | R10: final
A11: European Union - 27 countries (from 2020) | B11: 30510 | C11: 32470 | D11: 33420 | E11: 33400 | F11: 33650 | N11: AT00 | O11: =SUMIFS($F:$F,$J:$J,LEFT($N11,2)) -> 45140 | P11: =LOG(O11/O$34) -> 0.12757649 | Q11: 1 | R11: =ROUND(P11*Q11, 3) -> 0.128
A12: Euro area – 21 countries (from 2026) | B12: 33160 | C12: 35280 | D12: 36400 | E12: 36340 | F12: 36530 | N12: BE00 | O12: =SUMIFS($F:$F,$J:$J,LEFT($N12,2)) -> 44440 | P12: =LOG(O12/O$34) -> 0.12078898 | Q12: 1 | R12: =ROUND(P12*Q12, 3) -> 0.121
A13: Euro area – 20 countries (2023-2025) | B13: 33610 | C13: 35750 | D13: 36880 | E13: 36810 | F13: 36990 | N13: CH00 | O13: =SUMIFS($F:$F,$J:$J,LEFT($N13,2)) -> 96081 | P13: =LOG(O13/O$34) -> 0.45565245 | Q13: 1 | R13: =ROUND(P13*Q13, 3) -> 0.456
A14: Belgium | B14: 40190 | C14: 42530 | D14: 43860 | E14: 44230 | F14: 44440 | J14: BE | N14: DE00 | O14: =SUMIFS($F:$F,$J:$J,LEFT($N14,2)) -> 43110 | P14: =LOG(O14/O$34) -> 0.10759295 | Q14: 1 | R14: =ROUND(P14*Q14, 3) -> 0.108
A15: Bulgaria | B15: 9440 | C15: 10250 | D15: 10740 | E15: 10950 | F15: 11330 | N15: DKE1 | O15: =SUMIFS($F:$F,$J:$J,LEFT($N15,2)) -> 58160 | P15: =LOG(O15/O$34) -> 0.23763933 | Q15: 1.05 | R15: =ROUND(P15*Q15, 3) -> 0.25
A16: Czechia | B16: 20980 | C16: 21830 | D16: 21910 | E16: 21680 | F16: 21920 | N16: DKW1 | O16: =SUMIFS($F:$F,$J:$J,LEFT($N16,2)) -> 58160 | P16: =LOG(O16/O$34) -> 0.23763933 | Q16: 1 | R16: =ROUND(P16*Q16, 3) -> 0.238
A17: Denmark | B17: 53540 | C17: 56780 | D17: 56530 | E17: 56470 | F17: 58160 | J17: DK | N17: EE00 | O17: =SUMIFS($F:$F,$J:$J,LEFT($N17,2)) -> 21060 | P17: =LOG(O17/O$34) -> -0.2035267 | Q17: 1 | R17: =ROUND(P17*Q17, 3) -> -0.204
A18: Germany | B18: 42020 | C18: 43730 | D18: 44230 | E18: 43450 | F18: 43110 | J18: DE | N18: ES00 | O18: =SUMIFS($F:$F,$J:$J,LEFT($N18,2)) -> 27800 | P18: =LOG(O18/O$34) -> -0.082940273 | Q18: 1 | R18: =ROUND(P18*Q18, 3) -> -0.083
A19: Estonia | B19: 20960 | C19: 22670 | D19: 22370 | E19: 21210 | F19: 21060 | J19: EE | N19: FI00 | O19: =SUMIFS($F:$F,$J:$J,LEFT($N19,2)) -> 43110 | P19: =LOG(O19/O$34) -> 0.10759295 | Q19: 1 | R19: =ROUND(P19*Q19, 3) -> 0.108
A20: Ireland | B20: 75820 | C20: 87160 | D20: 91760 | E20: 87810 | F20: 88600 | N20: FR00 | O20: =SUMIFS($F:$F,$J:$J,LEFT($N20,2)) -> 38110 | P20: =LOG(O20/O$34) -> 0.05405388 | Q20: 1 | R20: =ROUND(P20*Q20, 3) -> 0.054
A21: Greece | B21: 15660 | C21: 17110 | D21: 18160 | E21: 18600 | F21: 19020 | N21: LT00 | O21: =SUMIFS($F:$F,$J:$J,LEFT($N21,2)) -> 19690 | P21: =LOG(O21/O$34) -> -0.23273935 | Q21: 1 | R21: =ROUND(P21*Q21, 3) -> -0.233
A22: Spain | B22: 23850 | C22: 25440 | D22: 26820 | E22: 27150 | F22: 27800 | J22: ES | N22: LV00 | O22: =SUMIFS($F:$F,$J:$J,LEFT($N22,2)) -> 16910 | P22: =LOG(O22/O$34) -> -0.29884146 | Q22: 1 | R22: =ROUND(P22*Q22, 3) -> -0.299
A23: France | B23: 34280 | C23: 36470 | D23: 37320 | E23: 37760 | F23: 38110 | J23: FR | N23: NL00 | O23: =SUMIFS($F:$F,$J:$J,LEFT($N23,2)) -> 50880 | P23: =LOG(O23/O$34) -> 0.17956203 | Q23: 1 | R23: =ROUND(P23*Q23, 3) -> 0.18
A24: Croatia | B24: 12980 | C24: 14750 | D24: 15900 | E24: 16490 | F24: 17060 | N24: NOM1 | O24: =SUMIFS($F:$F,$J:$J,LEFT($N24,2)) -> 66460 | P24: =LOG(O24/O$34) -> 0.29557527 | Q24: 1.05 | R24: =ROUND(P24*Q24, 3) -> 0.31
A25: Italy | B25: 28100 | C25: 30760 | D25: 32310 | E25: 32630 | F25: 32900 | N25: NON1 | O25: =SUMIFS($F:$F,$J:$J,LEFT($N25,2)) -> 66460 | P25: =LOG(O25/O$34) -> 0.29557527 | Q25: 1.1 | R25: =ROUND(P25*Q25, 3) -> 0.325
A26: Cyprus | B26: 24630 | C26: 27030 | D26: 28730 | E26: 29200 | F26: 29820 | N26: NOS0 | O26: =SUMIFS($F:$F,$J:$J,LEFT($N26,2)) -> 66460 | P26: =LOG(O26/O$34) -> 0.29557527 | Q26: 1 | R26: =ROUND(P26*Q26, 3) -> 0.296
A27: Latvia | B27: 15370 | C27: 16580 | D27: 16890 | E27: 16770 | F27: 16910 | J27: LV | N27: PL00 | O27: =SUMIFS($F:$F,$J:$J,LEFT($N27,2)) -> 16470 | P27: =LOG(O27/O$34) -> -0.31029147 | Q27: 1 | R27: =ROUND(P27*Q27, 3) -> -0.31
A28: Lithuania | B28: 17890 | C28: 19040 | D28: 19350 | E28: 19220 | F28: 19690 | J28: LT | N28: SE01 | O28: =SUMIFS($F:$F,$J:$J,LEFT($N28,2)) -> 48310 | P28: =LOG(O28/O$34) -> 0.15705197 | Q28: 1.15 | R28: =ROUND(P28*Q28, 3) -> 0.181
A29: Luxembourg | B29: 102190 | C29: 107570 | D29: 104100 | E29: 102250 | F29: 101000 | J29: - | N29: SE02 | O29: =SUMIFS($F:$F,$J:$J,LEFT($N29,2)) -> 48310 | P29: =LOG(O29/O$34) -> 0.15705197 | Q29: 1.1 | R29: =ROUND(P29*Q29, 3) -> 0.173
A30: Hungary | B30: 14370 | C30: 15470 | D30: 16160 | E30: 16050 | F30: 16190 | N30: SE03 | O30: =SUMIFS($F:$F,$J:$J,LEFT($N30,2)) -> 48310 | P30: =LOG(O30/O$34) -> 0.15705197 | Q30: 1.05 | R30: =ROUND(P30*Q30, 3) -> 0.165
A31: Malta | B31: 27870 | C31: 31420 | D31: 31390 | E31: 33380 | F31: 34480 | N31: SE04 | O31: =SUMIFS($F:$F,$J:$J,LEFT($N31,2)) -> 48310 | P31: =LOG(O31/O$34) -> 0.15705197 | Q31: 1 | R31: =ROUND(P31*Q31, 3) -> 0.157
A32: Netherlands | B32: 46810 | C32: 49490 | D32: 51480 | E32: 50660 | F32: 50880 | J32: NL | N32: UK00 | O32: =SUMIFS($F:$F,$J:$J,LEFT($N32,2)) -> 49193 | P32: =LOG(O32/O$34) -> 0.16491824 | Q32: 1 | R32: =ROUND(P32*Q32, 3) -> 0.165
A33: Austria | B33: 42650 | C33: 44580 | D33: 46430 | E33: 45670 | F33: 45140 | J33: AT
A34: Poland | B34: 14310 | C34: 15380 | D34: 15840 | E34: 15950 | F34: 16470 | J34: PL | N34: EU | O34: =F11 -> 33650
A35: Portugal | B35: 19360 | C35: 20390 | D35: 21690 | E35: 22130 | F35: 22370
A36: Romania | B36: 11390 | C36: 12130 | D36: 12690 | E36: 12970 | F36: 13090
A37: Slovenia | B37: 22230 | C37: 24040 | D37: 24660 | E37: 25120 | F37: 25480
A38: Slovakia | B38: 17270 | C38: 18320 | D38: 18360 | E38: 18750 | F38: 19110
A39: Finland | B39: 42740 | C39: 43800 | D39: 44010 | E39: 43280 | F39: 43110 | J39: FI
A40: Sweden | B40: 46180 | C40: 48300 | D40: 48390 | E40: 47960 | F40: 48310 | J40: SE
A41: Iceland | B41: 54190 | C41: 56150 | D41: 59720 | E41: 61170 | F41: 59270
A42: Norway | B42: 62400 | C42: 64640 | D42: 66670 | E42: 66140 | F42: 66460 | J42: NO
A43: Switzerland | B43: 76710 | C43: 80850 | D43: 83000 | E43: 82440 | F43: 82650
A44: Albania | B44: 4710 | C44: 5190 | D44: 5500 | E44: : | F44: :
A45: Bosnia and Herzegovina | B45: 10 | C45: 10 | D45: 10 | E45: 10 | F45: 10
A46: Euro area - 19 countries (2015-2022) | B46: 33840 | C46: 35990 | D46: 37110 | E46: 37040 | F46: 37210
A47: Montenegro | B47: 6610 | C47: 7500 | D47: 8100 | E47: 8620 | F47: 8890
A48: North Macedonia | B48: 5840 | C48: 6170 | D48: 6360 | E48: 6540 | F48: 6750
A49: Serbia | B49: 7110 | C49: 7740 | D49: 8160 | E49: 8510 | F49: 8900
A50: Türkiye | B50: 7340 | C50: 8130 | D50: 8490 | E50: 8920 | F50: 9220
A51: United Kingdom | B51: : | C51: : | D51: : | E51: : | F51: :
A53: Special value
A54: :
A55: Observation flags:
A56: b
A57: e
A58: p
A62: Data Source | B62: World Development Indicators
A63: Last Updated Date | B63: 46077
A65: Indicator Name | B65: Indicator Code
A66: GDP per capita (current US$) | B66: NY.GDP.PCAP.CD
A69: Country Name | B69: 2020 | C69: 2021 | D69: 2022 | E69: 2023 | F69: 2024
A70: United Kingdom | B70: 40812.679 | C70: 47691.377 | D70: 47057.043 | E70: 49944.47 | F70: 53246.368
A71: Switzerland | B71: 85897.784 | C71: 93664.774 | D71: 94394.511 | E71: 100623.55 | F71: 103998.19
A73: 1 EUR to USD | B73: 1.1422 | C73: 1.1827 | D73: 1.053 | E73: 1.0813 | F73: 1.0824 | H73: https://www.ecb.europa.eu/stats/policy_and_exchange_rates/euro_reference_exchange_rates/html/eurofxref-graph-usd.en.html
A75: United Kingdom, EUR | B75: =ROUND(B70/B$73,0) -> 35732 | C75: =ROUND(C70/C$73,0) -> 40324 | D75: =ROUND(D70/D$73,0) -> 44689 | E75: =ROUND(E70/E$73,0) -> 46189 | F75: =ROUND(F70/F$73,0) -> 49193 | J75: UK
A76: Switzerland, EUR | B76: =ROUND(B71/B$73,0) -> 75204 | C76: =ROUND(C71/C$73,0) -> 79196 | D76: =ROUND(D71/D$73,0) -> 89643 | E76: =ROUND(E71/E$73,0) -> 93058 | F76: =ROUND(F71/F$73,0) -> 96081 | J76: CH

Sheet VRE-NT2030
A1: country | B1: region | C1: techname | D1: scenario | E1: capacity
A2: =LEFT(B2,2) -> AT | B2: AT00 | C2: PV | D2: NT2030 | E2: 3019.7
A3: =LEFT(B3,2) -> AT | B3: AT00 | C3: wind_onshore | D3: NT2030 | E3: 8295.4
A4: =LEFT(B4,2) -> BE | B4: BE00 | C4: PV | D4: NT2030 | E4: 12429.3
A5: =LEFT(B5,2) -> BE | B5: BE00 | C5: wind_offshore | D5: NT2030 | E5: 2261.8 | J5: AT00
A6: =LEFT(B6,2) -> BE | B6: BE00 | C6: wind_onshore | D6: NT2030 | E6: 6109.9 | J6: BE00
A7: =LEFT(B7,2) -> CH | B7: CH00 | C7: PV | D7: NT2030 | E7: 6242.8 | J7: CH00
A8: =LEFT(B8,2) -> CH | B8: CH00 | C8: wind_onshore | D8: NT2030 | E8: 202.8 | J8: DE00
A9: =LEFT(B9,2) -> DE | B9: DE00 | C9: PV | D9: NT2030 | E9: 58458.9 | J9: DKE1
A10: =LEFT(B10,2) -> DE | B10: DE00 | C10: wind_offshore | D10: NT2030 | E10: 21165 | J10: DKW1
A11: =LEFT(B11,2) -> DE | B11: DE00 | C11: wind_onshore | D11: NT2030 | E11: 129413.7 | J11: EE00
A12: =LEFT(B12,2) -> DK | B12: DKE1 | C12: PV | D12: NT2030 | E12: 634.6 | J12: ES00
A13: =LEFT(B13,2) -> DK | B13: DKE1 | C13: wind_offshore | D13: NT2030 | E13: 1545 | J13: FI00
A14: =LEFT(B14,2) -> DK | B14: DKE1 | C14: wind_onshore | D14: NT2030 | E14: 1561.4 | J14: FR00
A15: =LEFT(B15,2) -> DK | B15: DKW1 | C15: PV | D15: NT2030 | E15: 1670.6 | J15: LT00
A16: =LEFT(B16,2) -> DK | B16: DKW1 | C16: wind_offshore | D16: NT2030 | E16: 760.8 | J16: LV00
... A26: =LEFT(B26,2) -> FR | B26: FR00 | C26: PV | D26: NT2030 | E26: 72002.1 | J26: UK00
A27: =LEFT(B27,2) -> FR | B27: FR00 | C27: wind_offshore | D27: NT2030 | E27: 2
A28: =LEFT(B28,2) -> FR | B28: FR00 | C28: wind_onshore | D28: NT2030 | E28: 64363
A29: =LEFT(B29,2) -> LT | B29: LT00 | C29: PV | D29: NT2030 | E29: 164
A30: =LEFT(B30,2) -> LT | B30: LT00 | C30: wind_onshore | D30: NT2030 | E30: 671
A31: =LEFT(B31,2) -> LV | B31: LV00 | C31: PV | D31: NT2030 | E31: 7
A32: =LEFT(B32,2) -> LV | B32: LV00 | C32: wind_onshore | D32: NT2030 | E32: 2754
A33: =LEFT(B33,2) -> NL | B33: NL00 | C33: PV | D33: NT2030 | E33: 15101.9
A34: =LEFT(B34,2) -> NL | B34: NL00 | C34: wind_offshore | D34: NT2030 | E34: 2459.9
A35: =LEFT(B35,2) -> NL | B35: NL00 | C35: wind_onshore | D35: NT2030 | E35: 13479.2
A36: =LEFT(B36,2) -> NO | B36: NOM1 | C36: PV | D36: NT2030 | E36: 38
A37: =LEFT(B37,2) -> NO | B37: NOM1 | C37: wind_onshore | D37: NT2030 | E37: 1950.2
A38: =LEFT(B38,2) -> NO | B38: NON1 | C38: wind_onshore | D38: NT2030 | E38: 891.3
... A55: =LEFT(B55,2) -> UK | B55: UK00 | C55: wind_onshore | D55: NT2030 | E55: 34229.1

Sheet wind
A1: Installed wind power capacity
A3: Europe wind power Capacity (MW)[58][59][60][61][62][63][64][65]
A4: # | B4: Country | D4: 2024[66] | E4: 2023[67] | F4: 2022[68] | G4: 2021[69] | H4: 2020[70] | I4: 2019[71] | J4: 2018[72] | K4: 2017[73] | L4: 2016 | M4: 2015 | N4: 2014 | O4: 2013 | P4: 2012 | Q4: 2011 | R4: 2010 | S4: 2009 | T4: 2008 | U4: 2007 | V4: 2006 | W4: 2005 | X4: 2004 | Y4: 2003 | Z4: 2002 | AA4: 2001 | AB4: 2000 | AC4: 1999 | AD4: 1998
A5: Installed wind power capacity in Europe
D6: =LEFT(D4,4)+0 -> 2024 | E6: =LEFT(E4,4)+0 -> 2023 | F6: =LEFT(F4,4)+0 -> 2022 | G6: =LEFT(G4,4)+0 -> 2021 | H6: =LEFT(H4,4)+0 -> 2020 | I6: =LEFT(I4,4)+0 -> 2019 | J6: =LEFT(J4,4)+0 -> 2018 | K6: =LEFT(K4,4)+0 -> 2017 | ... AD6: =LEFT(AD4,4)+0 -> 1998
A7: 1 | B7: Germany | C7: DE | D7: 72672 | E7: 69675 | F7: 66322 | G7: 64040 | H7: 62580 | I7: 60720 | J7: 58850 | K7: 55580 | L7: 49430 | M7: 44580 | N7: 38610 | O7: 33480 | P7: 30830 | Q7: 28770 | R7: 27180 | S7: 25777 | T7: 23897 | U7: 22247 | V7: 20622 | W7: 18415 | X7: 16629 | Y7: 14609 | Z7: 11994 | AA7: 8754 | AB7: 6113 | AC7: 4442 | AD7: 2875
A8: 2 | B8: UK | C8: GB | D8: 31636 | E8: 29622 | F8: 28493 | G8: 26812 | H8: 24167 | I8: 23515 | J8: 20970 | K8: 18872 | L8: 15030 | M8: 14291 | N8: 12440 | O8: 10531 | P8: 8445 | Q8: 6540 | R8: 5204 | S8: 4051 | T8: 2974 | U8: 2406 | V8: 1962 | W8: 1332 | X8: 904 | Y8: 667 | Z8: 552 | AA8: 474 | AB8: 406 | AC8: 362 | AD8: 333
A9: 3 | B9: Spain | C9: ES | D9: 31180 | E9: 30569 | F9: 29798 | G9: 28196 | H9: 27264 | I9: 25808 | J9: 23494 | K9: 23170 | L9: 23026 | M9: 22987 | N9: 22986 | O9: 22959 | P9: 22796 | Q9: 21674 | R9: 20676 | S9: 19149 | T9: 16689 | U9: 15131 | V9: 11623 | W9: 10028 | X9: 8264 | Y9: 6203 | Z9: 4825 | AA9: 3337 | AB9: 2235 | AC9: 1812 | AD9: 834
A10: 4 | B10: France | C10: FR | D10: 24383 | E10: 22792 | F10: 21135 | G10: 19081 | H10: 17949 | I10: 16646 | J10: 15309 | K10: 13759 | L10: 11670 | M10: 10324 | N10: 9285 | O10: 8254 | P10: 7196 | Q10: 6800 | R10: 5660 | S10: 4492 | T10: 3404 | U10: 2454 | V10: 1567 | W10: 757 | X10: 390 | Y10: 257 | Z10: 148 | AA10: 93 | AB10: 66 | AC10: 25 | AD10: 19
A11: 5 | B11: Sweden | C11: SE | D11: 17200 | E11: 16441 | F11: 14585 | G11: 12097 | H11: 9992 | I11: 8985 | J11: 7407 | K11: 6691 | L11: 6519 | M11: 6029 | N11: 5425 | O11: 4470 | P11: 3745 | Q11: 2907 | R11: 2163 | S11: 1560 | T11: 1048 | U11: 788 | V11: 571 | W11: 509 | X11: 442 | Y11: 399 | Z11: 345 | AA11: 293 | AB11: 231 | AC11: 220 | AD11: 174
A12: 6 | B12: Turkey | C12: TR | D12: 13793 | E12: 12342 | F12: 11969 | G12: 10750 | H12: 9305 | I12: 8056 | J12: 7369 | K12: 6857 | L12: 6101 | M12: 4718 | N12: 3763 | O12: 2956 | P12: 2312 | Q12: 1691 | R12: 1329 | S12: 801 | T12: 458
A13: 7 | B13: Italy | C13: IT | D13: 12945 | E13: 12336 | F13: 11848 | G13: 11108 | H13: 10852 | I13: 10512 | J13: 9958 | K13: 9479 | L13: 9255 | M13: 8973 | N13: 8663 | O13: 8551 | P13: 8144 | Q13: 6747 | R13: 5797 | S13: 4850 | T13: 3736 | U13: 2726 | V13: 2123 | W13: 1718 | X13: 1266 | Y13: 905 | Z13: 788 | AA13: 682 | AB13: 427 | AC13: 277 | AD13: 180
A14: 8 | B14: Netherlands | C14: NL | D14: 11706 | E14: 11493 | F14: 9052 | G14: 8165 | H14: 6784 | I14: 4600 | J14: 4471 | K14: 4341 | L14: 4180 | M14: 3391 | N14: 2805 | O14: 2693 | P14: 2391 | Q14: 2328 | R14: 2245 | S14: 2229 | T14: 2225 | U14: 1747 | V14: 1558 | W14: 1219 | X14: 1079 | Y14: 910 | Z14: 693 | AA14: 486 | AB14: 446 | AC14: 433 | AD14: 361
A15: 9 | B15: Poland | C15: PL | D15: 10233 | E15: 9383 | F15: 7864 | G15: 7116 | H15: 6614 | I15: 5917 | J15: 5864 | K15: 6397 | L15: 5782 | M15: 5100 | N15: 3834 | O15: 3390 | P15: 2497 | Q15: 1616 | R15: 1107 | S15: 725 | T15: 544 | U15: 276 | V15: 153 | W15: 83 | X15: 63 | Y15: 63 | Z15: 27 | AA15: 0 | AB15: 0 | AC15: 0 | AD15: 0
A16: 10 | B16: Finland | C16: FI | D16: 8357 | E16: 6943 | F16: 5678 | G16: 3328 | H16: 2586 | I16: 2284 | J16: 2041 | K16: 2113 | L16: 1533 | M16: 1005 | N16: 627 | O16: 448 | P16: 288 | Q16: 197 | R16: 197 | S16: 146 | T16: 143 | U16: 110 | V16: 86 | W16: 82 | X16: 82 | Y16: 52 | Z16: 43 | AA16: 39 | AB16: 39 | AC16: 39 | AD16: 17
A17: 11 | B17: Denmark | C17: DK | D17: 7612 | E17: 7562 | F17: 7282 | G17: 7178 | H17: 6180 | I17: 6128 | J17: 5758 | K17: 5476 | L17: 5242 | M17: 5075 | N17: 4845 | O17: 4772 | P17: 4162 | Q17: 3871 | R17: 3752 | S17: 3465 | T17: 3163 | U17: 3125 | V17: 3136 | W17: 3128 | X17: 3118 | Y17: 3116 | Z17: 2889 | AA17: 2489 | AB17: 2417 | AC17: 1771 | AD17: 1443
A18: 12 | B18: Portugal | C18: PT | D18: 5963 | E18: 5834 | F18: 5696 | G18: 5612 | H18: 5486 | I18: 5437 | J18: 5380 | K18: 5316 | L18: 5269 | M18: 5034 | N18: 4914 | O18: 4724 | P18: 4525 | Q18: 4083 | R18: 3898 | S18: 3535 | T18: 2862 | U18: 2150 | V18: 1716 | W18: 1022 | X18: 522 | Y18: 296 | Z18: 195 | AA18: 131 | AB18: 100 | AC18: 61 | AD18: 60
A19: 13 | B19: Belgium | C19: BE | D19: 5648 | E19: 5492 | F19: 5306 | G19: 5002 | H19: 4719 | I19: 3879 | J19: 3360 | K19: 2843 | L19: 2400 | M19: 2169 | N19: 1959 | O19: 1651 | P19: 1375 | Q19: 1078 | R19: 911 | S19: 563 | T19: 415 | U19: 287 | V19: 194 | W19: 167 | X19: 96 | Y19: 68 | Z19: 35 | AA19: 32 | AB19: 13 | AC19: 6 | AD19: 6
A20: 14 | B20: Greece | C20: GR | D20: 5354 | E20: 5226 | F20: 4682 | G20: 4452 | H20: 4113 | I20: 3576 | J20: 2844 | K20: 2651 | L20: 2374 | M20: 2136 | N20: 1980 | O20: 1865 | P20: 1749 | Q20: 1629 | R20: 1208 | S20: 1087 | T20: 985 | U20: 871 | V20: 746 | W20: 573 | X20: 473 | Y20: 383 | Z20: 297 | AA20: 272 | AB20: 189 | AC20: 112 | AD20: 39
A21: 15 | B21: Norway | C21: NO | D21: 5188 | E21: 5184 | F21: 5149 | G21: 4655 | H21: 3980 | I21: 2444 | J21: 1675 | K21: 1162 | L21: 838 | M21: 822 | N21: 819 | O21: 768 | P21: 703 | Q21: 520 | R21: 441 | S21: 431 | T21: 429 | U21: 333 | V21: 314 | W21: 267 | X21: 160 | Y21: 101
A22: 16 | B22: Ireland | C22: IE | D22: 4861 | E22: 4802 | F22: 4637 | G22: 4405 | H22: 4351 | I22: 4155 | J22: 3564 | K22: 3127 | L22: 2765 | M22: 2440 | N22: 2272 | O22: 2037 | P22: 1738 | Q22: 1631 | R22: 1428 | S22: 1260 | T22: 1027 | U22: 795 | V22: 746 | W22: 496 | X22: 339 | Y22: 190 | Z22: 137 | AA22: 124 | AB22: 118 | AC22: 74 | AD22: 73
A23: 17 | B23: Austria | C23: AT | D23: 4028 | E23: 3885 | F23: 3586 | G23: 3300 | H23: 3120 | I23: 3159 | J23: 3045 | K23: 2828 | L23: 2632 | M23: 2404 | N23: 2095 | O23: 1684 | P23: 1378 | Q23: 1084 | R23: 1011 | S23: 995 | T23: 995 | U23: 982 | V23: 965 | W23: 819 | X23: 606 | Y23: 415 | Z23: 140 | AA23: 94 | AB23: 77 | AC23: 34 | AD23: 30
A24: 18 | B24: Romania | C24: RO | D24: 3150 | E24: 3100 | F24: 3029 | G24: 3029 | H24: 3029 | I24: 3029 | J24: 3029 | K24: 3029 | L24: 3028 | M24: 2976 | N24: 2954 | O24: 2599 | P24: 1905 | Q24: 982 | R24: 462 | S24: 14 | T24: 11 | U24: 8 | V24: 3 | W24: 2 | X24: 1 | Y24: 1 | Z24: 0 | AA24: 0 | AB24: 0 | AC24: 0 | AD24: 0
A25: 19 | B25: Russia | C25: RU | E25: 2043 | F25: 2043 | G25: 2043 | H25: 905 | I25: 191 | J25: 139 | K25: 104 | L25: 15 | M25: 15 | N25: 15 | O25: 15 | P25: 15 | Q25: 15 | R25: 9 | S25: 9 | T25: 0 | U25: 0 | V25: 0 | W25: 0 | X25: 0 | Y25: 0 | Z25: 0 | AA25: 0 | AB25: 0 | AC25: 0 | AD25: 0
A26: 20 | B26: Ukraine | C26: UA | D26: 1947 | E26: 1902 | F26: 1673 | G26: 1673 | H26: 1314 | I26: 1170 | J26: 533 | K26: 593 | L26: 526 | M26: 514 | N26: 498 | O26: 371 | P26: 278 | Q26: 151 | R26: 87 | S26: 94 | T26: 90 | U26: 89 | V26: 86 | W26: 77 | X26: 0 | Y26: 0 | Z26: 0 | AA26: 0 | AB26: 0 | AC26: 0 | AD26: 0
A27: 21 | B27: Lithuania | C27: LT | D27: 1750 | E27: 1208 | F27: 740 | G27: 668 | H27: 548 | I27: 548 | J27: 439 | K27: 421 | L27: 421 | M27: 421 | N27: 279 | O27: 279 | P27: 225 | Q27: 179 | R27: 163 | S27: 91 | T27: 54 | U27: 54 | V27: 51 | W27: 48 | X27: 6 | Y27: 6 | Z27: 0 | AA27: 0 | AB27: 0 | AC27: 0 | AD27: 0
A28: 22 | B28: Croatia | C28: HR | D28: 1303 | E28: 1256 | F28: 1100 | G28: 990 | H28: 803 | I28: 652 | J28: 583 | K28: 583 | L28: 466 | M28: 462 | N28: 347 | O28: 339[74] | P28: 180 | Q28: 131 | R28: 89 | S28: 28 | T28: 0 | U28: 0 | V28: 0 | W28: 0 | X28: 0 | Y28: 0 | Z28: 0 | AA28: 0 | AB28: 0 | AC28: 0 | AD28: 0
A29: 23 | B29: Estonia | C29: EE | D29: 711 | E29: 376 | F29: 320 | G29: 320 | H29: 320 | I29: 320 | J29: 310 | K29: 310 | L29: 310 | M29: 302 | N29: 302 | O29: 280 | P29: 269 | Q29: 184 | R29: 149 | S29: 142 | T29: 78 | U29: 59 | V29: 32 | W29: 32 | X29: 6 | Y29: 2 | Z29: 2 | AA29: 0 | AB29: 0 | AC29: 0 | AD29: 0
A30: 24 | B30: Bulgaria | C30: BG | D30: 706 | E30: 706 | F30: 707 | G30: 707 | H30: 691 | I30: 691 | J30: 691 | K30: 691 | L30: 691 | M30: 691 | N30: 691 | O30: 681 | P30: 674 | Q30: 612 | R30: 375 | S30: 177 | T30: 120 | U30: 57 | V30: 36 | W30: 10 | X30: 10 | Y30: 0 | Z30: 0 | AA30: 0 | AB30: 0 | AC30: 0 | AD30: 0
A31: 25 | B31: Serbia | C31: RS | D31: 623 | E31: 512 | F31: 374 | G31: 374 | H31: 374 | I31: 374 | J31: 374 | K31: 18 | L31: 10 | M31: 0 | N31: 0 | O31: 0 | P31: 0 | Q31: 0 | R31: 0 | S31: 0 | T31: 0 | U31: 0 | V31: 0 | W31: 0 | X31: 0 | Y31: 0 | Z31: 0 | AA31: 0 | AB31: 0 | AC31: 0 | AD31: 0
A32: 26 | B32: Czech Republic | C32: CZ | D32: 371 | E32: 337 | F32: 337 | G32: 337 | H32: 337 | I32: 337 | J32: 317 | K32: 308 | L32: 281 | M32: 281 | N32: 281 | O32: 269 | P32: 260 | Q32: 217 | R32: 215 | S32: 192 | T32: 150 | U32: 116 | V32: 54 | W32: 28 | X32: 17 | Y32: 9 | Z32: 3 | AA32: 0 | AB32: 0 | AC32: 0 | AD32: 0
A33: 27 | B33: Hungary | C33: HU | D33: 329 | E33: 329 | F33: 329 | G33: 329 | H33: 329 | I33: 329 | J33: 329 | K33: 329 | L33: 329 | M33: 329 | N33: 329 | O33: 329 | P33: 329 | Q33: 329 | R33: 295 | S33: 201 | T33: 127 | U33: 65 | V33: 61 | W33: 17 | X33: 3 | Y33: 3 | Z33: 3 | AA33: 0 | AB33: 0 | AC33: 0 | AD33: 0
A34: 28 | B34: Bosnia and Herzegovina | C34: BA | D34: 244 | E34: 135 | F34: 135 | G34: 135 | H34: 135 | I34: 87 | J34: 51
A35: 29 | B35: Luxembourg | C35: LU | D35: 214 | E35: 208 | F35: 166 | G35: 168 | H35: 166 | I35: 136 | J35: 120 | K35: 120 | L35: 100 | M35: 58 | N35: 58 | O35: 58 | P35: 58 | Q35: 44 | R35: 44 | S35: 35 | T35: 35 | U35: 35 | V35: 35 | W35: 35 | X35: 35 | Y35: 22 | Z35: 17 | AA35: 15 | AB35: 10 | AC35: 10 | AD35: 9
A36: 30 | B36: Cyprus | C36: CY | D36: 158 | E36: 158 | F36: 158 | G36: 158 | H36: 158 | I36: 158 | J36: 158 | K36: 158 | L36: 158 | M36: 158 | N36: 147 | O36: 147 | P36: 147 | Q36: 134 | R36: 82 | S36: 0 | T36: 0 | U36: 0 | V36: 0 | W36: 0 | X36: 0 | Y36: 0 | Z36: 0 | AA36: 0 | AB36: 0 | AC36: 0 | AD36: 0
A37: 31 | B37: Kosovo | C37: XK | D37: 137 | E37: 137 | F37: 137 | G37: 137 | H37: 32 | I37: 32 | J37: 32
A38: 32 | B38: Latvia | C38: LV | D38: 137 | E38: 137 | F38: 137 | G38: 66 | H38: 66 | I38: 66 | J38: 66 | K38: 66 | L38: 70 | M38: 69 | N38: 62 | O38: 62 | P38: 60 | Q38: 31 | R38: 30 | S38: 28 | T38: 27 | U38: 27 | V38: 27 | W38: 27 | X38: 27 | Y38: 27 | Z38: 24 | AA38: 0 | AB38: 0 | AC38: 0 | AD38: 0
A39: 33 | B39: Montenegro | C39: ME | D39: 118 | E39: 118 | F39: 118 | G39: 118 | H39: 118 | I39: 118 | J39: 118
A40: 34 | B40: Switzerland | C40: CH | D40: 100 | E40: 101 | F40: 87 | G40: 87 | H40: 87 | I40: 75 | J40: 75 | K40: 75 | L40: 75 | M40: 60 | N40: 60 | O40: 60 | P40: 50 | Q40: 46 | R40: 42 | S40: 18 | T40: 14 | U40: 12 | V40: 12 | W40: 12 | X40: 0 | Y40: 0 | Z40: 0 | AA40: 0 | AB40: 0 | AC40: 0 | AD40: 0
A41: 35 | B41: North Macedonia | C41: MK | D41: 73 | E41: 73 | F41: 37 | G41: 37 | H41: 37 | I41: 37 | J41: 37 | K41: 37 | L41: 37 | M41: 37 | N41: 37 | O41: 0 | P41: 0 | Q41: 0 | R41: 0 | S41: 0 | T41: 0 | U41: 0 | V41: 0 | W41: 0 | X41: 0 | Y41: 0 | Z41: 0 | AA41: 0 | AB41: 0 | AC41: 0 | AD41: 0
A42: 36 | B42: Faroe Islands | C42: FO | D42: 71 | E42: 68 | F42: 68 | K42: 18 | L42: 18 | M42: 18 | N42: 18 | O42: 7 | P42: 7 | Q42: 0 | R42: 0 | S42: 0 | T42: 0 | U42: 0 | V42: 0 | W42: 0 | X42: 0 | Y42: 0 | Z42: 0 | AA42: 0 | AB42: 0 | AC42: 0 | AD42: 0
A43: 37 | B43: Slovakia | C43: SK | D43: 4 | E43: 3 | F43: 3 | G43: 3 | H43: 3 | I43: 3 | J43: 3 | K43: 3 | L43: 3 | M43: 3 | N43: 3 | O43: 3 | P43: 3 | Q43: 3 | R43: 3 | S43: 5 | T43: 5 | U43: 5 | V43: 5 | W43: 3 | X43: 0 | Y43: 0 | Z43: 0 | AA43: 0 | AB43: 0 | AC43: 0 | AD43: 0
A44: 38 | B44: Belarus | C44: BY | D44: 3 | E44: 3 | F44: 3 | G44: 3 | H44: 3 | I44: 3 | J44: 3 | K44: 3 | L44: 3 | M44: 3 | N44: 3 | O44: 3 | P44: 0 | Q44: 0 | R44: 0 | S44: 0 | T44: 0 | U44: 0 | V44: 0 | W44: 0 | X44: 0 | Y44: 0 | Z44: 0 | AA44: 0 | AB44: 0 | AC44: 0 | AD44: 0
A45: 39 | B45: Iceland | C45: IS | D45: 3 | E45: 3 | F45: 3 | G45: 3 | H45: 3 | I45: 3 | J45: 3 | K45: 3 | L45: 3 | M45: 3 | N45: 3 | O45: 1.8 | P45: 0 | Q45: 0 | R45: 0 | S45: 0 | T45: 0 | U45: 0 | V45: 0 | W45: 0 | X45: 0 | Y45: 0 | Z45: 0 | AA45: 0 | AB45: 0 | AC45: 0 | AD45: 0
A46: 40 | B46: Slovenia | C46: SI | D46: 3 | E46: 3 | F46: 3 | G46: 3 | H46: 3 | I46: 3 | J46: 3 | K46: 3 | L46: 3 | M46: 5 | N46: 2 | O46: 0 | P46: 0 | Q46: 0 | R46: 0 | S46: 0 | T46: 0 | U46: 0 | V46: 0 | W46: 0 | X46: 0 | Y46: 0 | Z46: 0 | AA46: 0 | AB46: 0 | AC46: 0 | AD46: 0
A47: 41 | B47: Malta | C47: MT | D47: 0 | E47: 0 | F47: 0 | G47: 0 | H47: 0 | I47: 0 | J47: 0 | K47: 0 | L47: 0 | M47: 0 | N47: 0 | O47: 0 | P47: 0 | Q47: 0 | R47: 0 | S47: 0 | T47: 0 | U47: 0 | V47: 0 | W47: 0 | X47: 0 | Y47: 0 | Z47: 0 | AA47: 0 | AB47: 0 | AC47: 0 | AD47: 0

Sheet onshore
B4: region | C4: tot | D4: offshore | E4: country | F4: 1998 | G4: 1999 | H4: 2000 | I4: 2001 | J4: 2002 | K4: 2003 | L4: 2004 | M4: 2005 | N4: 2006 | O4: 2007 | P4: 2008 | Q4: 2009 | R4: 2010 | S4: 2011 | T4: 2012 | U4: 2013 | V4: 2014 | W4: 2015 | X4: 2016 | Y4: 2017 | Z4: 2018 | AA4: 2019 | AB4: 2020 | AC4: 2021 | AD4: 2022 | AE4: 2023 | AF4: 2024 | AG4: 2025 | AH4: 2030 | AJ4: 2025 factor | AK4: 2030 factor
B5: DE00 | C5: =MATCH($E5, wind!$C:$C, 0) -> 7 | D5: =IFERROR(MATCH($E5, offshore!$D:$D, 0), 1) -> 6 | E5: DE | F5: =SUMIFS( INDIRECT(CONCATENATE("'wind'!", $C5, ":", $C5)), wind!$6:$6, F$4) - SUMIFS( INDIRECT(CONCATENATE("offshore!",$D5,":", $D5)), offshore!$4:$4, F$4) -> 2875 | G5: =SUMIFS( INDIRECT(CONCATENATE("'wind'!", $C5, ":", $C5)), wind!$6:$6, G$4) - SUMIFS( INDIRECT(CONCATENATE("offshore!",$D5,":", $D5)), offshore!$4:$4, G$4) -> 4442 | H5: =SUMIFS( INDIRECT(CONCATENATE("'wind'!", $C5, ":", $C5)), wind!$6:$6, H$4) - SUMIFS( INDIRECT(CONCATENATE("offshore!",$D5,":", $D5)), offshore!$4:$4, H$4) -> 6113 | I5: =SUMIFS( INDIRECT(CONCATENATE("'wind'!", $C5, ":", $C5)), wind!$6:$6, I$4) - SUMIFS( INDIRECT(CONCATENATE("offshore!",$D5,":", $D5)), offshore!$4:$4, I$4) -> 8754 | J5: =SUMIFS( INDIRECT(CONCATENATE("'wind'!", $C5, ":", $C5)), wind!$6:$6, J$4) - SUMIFS( INDIRECT(CONCATENATE("offshore!",$D5,":", $D5)), offshore!$4:$4, J$4) -> 11994 | K5: =SUMIFS( INDIRECT(CONCATENATE("'wind'!", $C5, ":", $C5)), wind!$6:$6, K$4) - SUMIFS( INDIRECT(CONCATENATE("offshore!",$D5,":", $D5)), offshore!$4:$4, K$4) -> 14609 | L5: =SUMIFS( INDIRECT(CONCATENATE("'wind'!", $C5, ":", $C5)), wind!$6:$6, L$4) - SUMIFS( INDIRECT(CONCATENATE("offshore!",$D5,":", $D5)), offshore!$4:$4, L$4) -> 16629 | M5: =SUMIFS( INDIRECT(CONCATENATE("'wind'!", $C5, ":", $C5)), wind!$6:$6, M$4) - SUMIFS( INDIRECT(CONCATENATE("offshore!",$D5,":", $D5)), offshore!$4:$4, M$4) -> 18415 | ... AF5: =SUMIFS( INDIRECT(CONCATENATE("'wind'!", $C5, ":", $C5)), wind!$6:$6, AF$4) - SUMIFS( INDIRECT(CONCATENATE("offshore!",$D5,":", $D5)), offshore!$4:$4, AF$4) -> 63457 | AG5: =MAX(AVERAGE(TREND($W5:$AF5,$W$4:$AF$4,AG$4), TREND($AB5:$AF5,$AB$4:$AF$4,AG$4)) * AJ5, AF5* 1.03) -> 65612.19 | AH5: =AVERAGE(TREND($W5:$AG5,$W$4:$AG$4,AH$4), TREND($AB5:$AG5,$AB$4:$AG$4,AH$4)) * AK5 -> 84415.019 | AJ5: 1 | AK5: 1.1
B6: UK00 | C6: =MATCH($E6, wind!$C:$C, 0) -> 8 | D6: =IFERROR(MATCH($E6, offshore!$D:$D, 0), 1) -> 5 | E6: GB | F6: =SUMIFS( INDIRECT(CONCATENATE("'wind'!", $C6, ":", $C6)), wind!$6:$6, F$4) - SUMIFS( INDIRECT(CONCATENATE("offshore!",$D6,":", $D6)), offshore!$4:$4, F$4) -> 333 | G6: =SUMIFS( INDIRECT(CONCATENATE("'wind'!", $C6, ":", $C6)), wind!$6:$6, G$4) - SUMIFS( INDIRECT(CONCATENATE("offshore!",$D6,":", $D6)), offshore!$4:$4, G$4) -> 362 | H6: =SUMIFS( INDIRECT(CONCATENATE("'wind'!", $C6, ":", $C6)), wind!$6:$6, H$4) - SUMIFS( INDIRECT(CONCATENATE("offshore!",$D6,":", $D6)), offshore!$4:$4, H$4) -> 406 | I6: =SUMIFS( INDIRECT(CONCATENATE("'wind'!", $C6, ":", $C6)), wind!$6:$6, I$4) - SUMIFS( INDIRECT(CONCATENATE("offshore!",$D6,":", $D6)), offshore!$4:$4, I$4) -> 474 | J6: =SUMIFS( INDIRECT(CONCATENATE("'wind'!", $C6, ":", $C6)), wind!$6:$6, J$4) - SUMIFS( INDIRECT(CONCATENATE("offshore!",$D6,":", $D6)), offshore!$4:$4, J$4) -> 552 | K6: =SUMIFS( INDIRECT(CONCATENATE("'wind'!", $C6, ":", $C6)), wind!$6:$6, K$4) - SUMIFS( INDIRECT(CONCATENATE("offshore!",$D6,":", $D6)), offshore!$4:$4, K$4) -> 667 | L6: =SUMIFS( INDIRECT(CONCATENATE("'wind'!", $C6, ":", $C6)), wind!$6:$6, L$4) - SUMIFS( INDIRECT(CONCATENATE("offshore!",$D6,":", $D6)), offshore!$4:$4, L$4) -> 904 | M6: =SUMIFS( INDIRECT(CONCATENATE("'wind'!", $C6, ":", $C6)), wind!$6:$6, M$4) - SUMIFS( INDIRECT(CONCATENATE("offshore!",$D6,":", $D6)), offshore!$4:$4, M$4) -> 1332 | ... AF6: =SUMIFS( INDIRECT(CONCATENATE("'wind'!", $C6, ":", $C6)), wind!$6:$6, AF$4) - SUMIFS( INDIRECT(CONCATENATE("offshore!",$D6,":", $D6)), offshore!$4:$4, AF$4) -> 15736 | AG6: =MAX(AVERAGE(TREND($W6:$AF6,$W$4:$AF$4,AG$4), TREND($AB6:$AF6,$AB$4:$AF$4,AG$4)) * AJ6, AF6* 1.03) -> 16862.95 | AH6: =AVERAGE(TREND($W6:$AG6,$W$4:$AG$4,AH$4), TREND($AB6:$AG6,$AB$4:$AG$4,AH$4)) * AK6 -> 19388.422 | AJ6: 1 | AK6: 1
B7: ES00 | C7: =MATCH($E7, wind!$C:$C, 0) -> 9 | D7: =IFERROR(MATCH($E7, offshore!$D:$D, 0), 1) -> 13 | E7: ES | F7: =SUMIFS( INDIRECT(CONCATENATE("'wind'!", $C7, ":", $C7)), wind!$6:$6, F$4) - SUMIFS( INDIRECT(CONCATENATE("offshore!",$D7,":", $D7)), offshore!$4:$4, F$4) -> 834 | G7: =SUMIFS( INDIRECT(CONCATENATE("'wind'!", $C7, ":", $C7)), wind!$6:$6, G$4) - SUMIFS( INDIRECT(CONCATENATE("offshore!",$D7,":", $D7)), offshore!$4:$4, G$4) -> 1812 | H7: =SUMIFS( INDIRECT(CONCATENATE("'wind'!", $C7, ":", $C7)), wind!$6:$6, H$4) - SUMIFS( INDIRECT(CONCATENATE("offshore!",$D7,":", $D7)), offshore!$4:$4, H$4) -> 2235 | I7: =SUMIFS( INDIRECT(CONCATENATE("'wind'!", $C7, ":", $C7)), wind!$6:$6, I$4) - SUMIFS( INDIRECT(CONCATENATE("offshore!",$D7,":", $D7)), offshore!$4:$4, I$4) -> 3337 | J7: =SUMIFS( INDIRECT(CONCATENATE("'wind'!", $C7, ":", $C7)), wind!$6:$6, J$4) - SUMIFS( INDIRECT(CONCATENATE("offshore!",$D7,":", $D7)), offshore!$4:$4, J$4) -> 4825 | K7: =SUMIFS( INDIRECT(CONCATENATE("'wind'!", $C7, ":", $C7)), wind!$6:$6, K$4) - SUMIFS( INDIRECT(CONCATENATE("offshore!",$D7,":", $D7)), offshore!$4:$4, K$4) -> 6203 | L7: =SUMIFS( INDIRECT(CONCATENATE("'wind'!", $C7, ":", $C7)), wind!$6:$6, L$4) - SUMIFS( INDIRECT(CONCATENATE("offshore!",$D7,":", $D7)), offshore!$4:$4, L$4) -> 8264 | M7: =SUMIFS( INDIRECT(CONCATENATE("'wind'!", $C7, ":", $C7)), wind!$6:$6, M$4) - SUMIFS( INDIRECT(CONCATENATE("offshore!",$D7,":", $D7)), offshore!$4:$4, M$4) -> 10028 | ... AF7: =SUMIFS( INDIRECT(CONCATENATE("'wind'!", $C7, ":", $C7)), wind!$6:$6, AF$4) - SUMIFS( INDIRECT(CONCATENATE("offshore!",$D7,":", $D7)), offshore!$4:$4, AF$4) -> 31175 | AG7: =MAX(AVERAGE(TREND($W7:$AF7,$W$4:$AF$4,AG$4), TREND($AB7:$AF7,$AB$4:$AF$4,AG$4)) * AJ7, AF7* 1.03) -> 32422.467 | AH7: =AVERAGE(TREND($W7:$AG7,$W$4:$AG$4,AH$4), TREND($AB7:$AG7,$AB$4:$AG$4,AH$4)) * AK7 -> 37614.048 | AJ7: 1 | AK7: 1
B8: =E8&"00" -> FR00 | C8: =MATCH($E8, wind!$C:$C, 0) -> 10 | D8: =IFERROR(MATCH($E8, offshore!$D:$D, 0), 1) -> 15 | E8: FR | F8: =SUMIFS( INDIRECT(CONCATENATE("'wind'!", $C8, ":", $C8)), wind!$6:$6, F$4) - SUMIFS( INDIRECT(CONCATENATE("offshore!",$D8,":", $D8)), offshore!$4:$4, F$4) -> 19 | G8: =SUMIFS( INDIRECT(CONCATENATE("'wind'!", $C8, ":", $C8)), wind!$6:$6, G$4) - SUMIFS( INDIRECT(CONCATENATE("offshore!",$D8,":", $D8)), offshore!$4:$4, G$4) -> 25 | H8: =SUMIFS( INDIRECT(CONCATENATE("'wind'!", $C8, ":", $C8)), wind!$6:$6, H$4) - SUMIFS( INDIRECT(CONCATENATE("offshore!",$D8,":", $D8)), offshore!$4:$4, H$4) -> 66 | I8: =SUMIFS( INDIRECT(CONCATENATE("'wind'!", $C8, ":", $C8)), wind!$6:$6, I$4) - SUMIFS( INDIRECT(CONCATENATE("offshore!",$D8,":", $D8)), offshore!$4:$4, I$4) -> 93 | J8: =SUMIFS( INDIRECT(CONCATENATE("'wind'!", $C8, ":", $C8)), wind!$6:$6, J$4) - SUMIFS( INDIRECT(CONCATENATE("offshore!",$D8,":", $D8)), offshore!$4:$4, J$4) -> 148 | K8: =SUMIFS( INDIRECT(CONCATENATE("'wind'!", $C8, ":", $C8)), wind!$6:$6, K$4) - SUMIFS( INDIRECT(CONCATENATE("offshore!",$D8,":", $D8)), offshore!$4:$4, K$4) -> 257 | L8: =SUMIFS( INDIRECT(CONCATENATE("'wind'!", $C8, ":", $C8)), wind!$6:$6, L$4) - SUMIFS( INDIRECT(CONCATENATE("offshore!",$D8,":", $D8)), offshore!$4:$4, L$4) -> 390 | M8: =SUMIFS( INDIRECT(CONCATENATE("'wind'!", $C8, ":", $C8)), wind!$6:$6, M$4) - SUMIFS( INDIRECT(CONCATENATE("offshore!",$D8,":", $D8)), offshore!$4:$4, M$4) -> 757 | ... AF8: =SUMIFS( INDIRECT(CONCATENATE("'wind'!", $C8, ":", $C8)), wind!$6:$6, AF$4) - SUMIFS( INDIRECT(CONCATENATE("offshore!",$D8,":", $D8)), offshore!$4:$4, AF$4) -> 22875 | AG8: =MAX(AVERAGE(TREND($W8:$AF8,$W$4:$AF$4,AG$4), TREND($AB8:$AF8,$AB$4:$AF$4,AG$4)) * AJ8, AF8* 1.03) -> 24269.933 | AH8: =AVERAGE(TREND($W8:$AG8,$W$4:$AG$4,AH$4), TREND($AB8:$AG8,$AB$4:$AG$4,AH$4)) * AK8 -> 30831.618 | AJ8: 1 | AK8: 1
C9: =MATCH($E9, wind!$C:$C, 0) -> 11 | D9: =IFERROR(MATCH($E9, offshore!$D:$D, 0), 1) -> 10 | E9: SE | F9: =SUMIFS( INDIRECT(CONCATENATE("'wind'!", $C9, ":", $C9)), wind!$6:$6, F$4) - SUMIFS( INDIRECT(CONCATENATE("offshore!",$D9,":", $D9)), offshore!$4:$4, F$4) -> 174 | G9: =SUMIFS( INDIRECT(CONCATENATE("'wind'!", $C9, ":", $C9)), wind!$6:$6, G$4) - SUMIFS( INDIRECT(CONCATENATE("offshore!",$D9,":", $D9)), offshore!$4:$4, G$4) -> 220 | H9: =SUMIFS( INDIRECT(CONCATENATE("'wind'!", $C9, ":", $C9)), wind!$6:$6, H$4) - SUMIFS( INDIRECT(CONCATENATE("offshore!",$D9,":", $D9)), offshore!$4:$4, H$4) -> 231 | I9: =SUMIFS( INDIRECT(CONCATENATE("'wind'!", $C9, ":", $C9)), wind!$6:$6, I$4) - SUMIFS( INDIRECT(CONCATENATE("offshore!",$D9,":", $D9)), offshore!$4:$4, I$4) -> 293 | J9: =SUMIFS( INDIRECT(CONCATENATE("'wind'!", $C9, ":", $C9)), wind!$6:$6, J$4) - SUMIFS( INDIRECT(CONCATENATE("offshore!",$D9,":", $D9)), offshore!$4:$4, J$4) -> 345 | K9: =SUMIFS( INDIRECT(CONCATENATE("'wind'!", $C9, ":", $C9)), wind!$6:$6, K$4) - SUMIFS( INDIRECT(CONCATENATE("offshore!",$D9,":", $D9)), offshore!$4:$4, K$4) -> 399 | L9: =SUMIFS( INDIRECT(CONCATENATE("'wind'!", $C9, ":", $C9)), wind!$6:$6, L$4) - SUMIFS( INDIRECT(CONCATENATE("offshore!",$D9,":", $D9)), offshore!$4:$4, L$4) -> 442 | M9: =SUMIFS( INDIRECT(CONCATENATE("'wind'!", $C9, ":", $C9)), wind!$6:$6, M$4) - SUMIFS( INDIRECT(CONCATENATE("offshore!",$D9,":", $D9)), offshore!$4:$4, M$4) -> 509 | ... AF9: =SUMIFS( INDIRECT(CONCATENATE("'wind'!", $C9, ":", $C9)), wind!$6:$6, AF$4) - SUMIFS( INDIRECT(CONCATENATE("offshore!",$D9,":", $D9)), offshore!$4:$4, AF$4) -> 17007 | AG9: =MAX(AVERAGE(TREND($W9:$AF9,$W$4:$AF$4,AG$4), TREND($AB9:$AF9,$AB$4:$AF$4,AG$4)) * AJ9, AF9* 1.03) -> 18694.723 | AH9: =AVERAGE(TREND($W9:$AG9,$W$4:$AG$4,AH$4), TREND($AB9:$AG9,$AB$4:$AG$4,AH$4)) * AK9 -> 26517.031 | AJ9: 1 | AK9: 1
C10: =MATCH($E10, wind!$C:$C, 0) -> 12 | D10: =IFERROR(MATCH($E10, offshore!$D:$D, 0), 1) -> 1 | E10: TR | F10: =SUMIFS( INDIRECT(CONCATENATE("'wind'!", $C10, ":", $C10)), wind!$6:$6, F$4) - SUMIFS( INDIRECT(CONCATENATE("offshore!",$D10,":", $D10)), offshore!$4:$4, F$4) -> 0 | G10: =SUMIFS( INDIRECT(CONCATENATE("'wind'!", $C10, ":", $C10)), wind!$6:$6, G$4) - SUMIFS( INDIRECT(CONCATENATE("offshore!",$D10,":", $D10)), offshore!$4:$4, G$4) -> 0 | H10: =SUMIFS( INDIRECT(CONCATENATE("'wind'!", $C10, ":", $C10)), wind!$6:$6, H$4) - SUMIFS( INDIRECT(CONCATENATE("offshore!",$D10,":", $D10)), offshore!$4:$4, H$4) -> 0 | I10: =SUMIFS( INDIRECT(CONCATENATE("'wind'!", $C10, ":", $C10)), wind!$6:$6, I$4) - SUMIFS( INDIRECT(CONCATENATE("offshore!",$D10,":", $D10)), offshore!$4:$4, I$4) -> 0 | J10: =SUMIFS( INDIRECT(CONCATENATE("'wind'!", $C10, ":", $C10)), wind!$6:$6, J$4) - SUMIFS( INDIRECT(CONCATENATE("offshore!",$D10,":", $D10)), offshore!$4:$4, J$4) -> 0 | K10: =SUMIFS( INDIRECT(CONCATENATE("'wind'!", $C10, ":", $C10)), wind!$6:$6, K$4) - SUMIFS( INDIRECT(CONCATENATE("offshore!",$D10,":", $D10)), offshore!$4:$4, K$4) -> 0 | L10: =SUMIFS( INDIRECT(CONCATENATE("'wind'!", $C10, ":", $C10)), wind!$6:$6, L$4) - SUMIFS( INDIRECT(CONCATENATE("offshore!",$D10,":", $D10)), offshore!$4:$4, L$4) -> 0 | M10: =SUMIFS( INDIRECT(CONCATENATE("'wind'!", $C10, ":", $C10)), wind!$6:$6, M$4) - SUMIFS( INDIRECT(CONCATENATE("offshore!",$D10,":", $D10)), offshore!$4:$4, M$4) -> 0 | ... AF10: =SUMIFS( INDIRECT(CONCATENATE("'wind'!", $C10, ":", $C10)), wind!$6:$6, AF$4) - SUMIFS( INDIRECT(CONCATENATE("offshore!",$D10,":", $D10)), offshore!$4:$4, AF$4) -> 13793 | AG10: =MAX(AVERAGE(TREND($W10:$AF10,$W$4:$AF$4,AG$4), TREND($AB10:$AF10,$AB$4:$AF$4,AG$4)) * AJ10, AF10* 1.03) -> 14669.333 | AH10: =AVERAGE(TREND($W10:$AG10,$W$4:$AG$4,AH$4), TREND($AB10:$AG10,$AB$4:$AG$4,AH$4)) * AK10 -> 19724.622 | AJ10: 1 | AK10: 1
C11: =MATCH($E11, wind!$C:$C, 0) -> 13 | D11: =IFERROR(MATCH($E11, offshore!$D:$D, 0), 1) -> 16 | E11: IT | F11: =SUMIFS( INDIRECT(CONCATENATE("'wind'!", $C11, ":", $C11)), wind!$6:$6, F$4) - SUMIFS( INDIRECT(CONCATENATE("offshore!",$D11,":", $D11)), offshore!$4:$4, F$4) -> 180 | G11: =SUMIFS( INDIRECT(CONCATENATE("'wind'!", $C11, ":", $C11)), wind!$6:$6, G$4) - SUMIFS( INDIRECT(CONCATENATE("offshore!",$D11,":", $D11)), offshore!$4:$4, G$4) -> 277 | H11: =SUMIFS( INDIRECT(CONCATENATE("'wind'!", $C11, ":", $C11)), wind!$6:$6, H$4) - SUMIFS( INDIRECT(CONCATENATE("offshore!",$D11,":", $D11)), offshore!$4:$4, H$4) -> 427 | I11: =SUMIFS( INDIRECT(CONCATENATE("'wind'!", $C11, ":", $C11)), wind!$6:$6, I$4) - SUMIFS( INDIRECT(CONCATENATE("offshore!",$D11,":", $D11)), offshore!$4:$4, I$4) -> 682 | J11: =SUMIFS( INDIRECT(CONCATENATE("'wind'!", $C11, ":", $C11)), wind!$6:$6, J$4) - SUMIFS( INDIRECT(CONCATENATE("offshore!",$D11,":", $D11)), offshore!$4:$4, J$4) -> 788 | K11: =SUMIFS( INDIRECT(CONCATENATE("'wind'!", $C11, ":", $C11)), wind!$6:$6, K$4) - SUMIFS( INDIRECT(CONCATENATE("offshore!",$D11,":", $D11)), offshore!$4:$4, K$4) -> 905 | L11: =SUMIFS( INDIRECT(CONCATENATE("'wind'!", $C11, ":", $C11)), wind!$6:$6, L$4) - SUMIFS( INDIRECT(CONCATENATE("offshore!",$D11,":", $D11)), offshore!$4:$4, L$4) -> 1266 | M11: =SUMIFS( INDIRECT(CONCATENATE("'wind'!", $C11, ":", $C11)), wind!$6:$6, M$4) - SUMIFS( INDIRECT(CONCATENATE("offshore!",$D11,":", $D11)), offshore!$4:$4, M$4) -> 1718 | ... AF11: =SUMIFS( INDIRECT(CONCATENATE("'wind'!", $C11, ":", $C11)), wind!$6:$6, AF$4) - SUMIFS( INDIRECT(CONCATENATE("offshore!",$D11,":", $D11)), offshore!$4:$4, AF$4) -> 12914 | AG11: =MAX(AVERAGE(TREND($W11:$AF11,$W$4:$AF$4,AG$4), TREND($AB11:$AF11,$AB$4:$AF$4,AG$4)) * AJ11, AF11* 1.03) -> 13301.42 | AH11: =AVERAGE(TREND($W11:$AG11,$W$4:$AG$4,AH$4), TREND($AB11:$AG11,$AB$4:$AG$4,AH$4)) * AK11 -> 15676.442 | AJ11: 1 | AK11: 1
B12: =E12&"00" -> NL00 | C12: =MATCH($E12, wind!$C:$C, 0) -> 14 | D12: =IFERROR(MATCH($E12, offshore!$D:$D, 0), 1) -> 8 | E12: NL | F12: =SUMIFS( INDIRECT(CONCATENATE("'wind'!", $C12, ":", $C12)), wind!$6:$6, F$4) - SUMIFS( INDIRECT(CONCATENATE("offshore!",$D12,":", $D12)), offshore!$4:$4, F$4) -> 361 | G12: =SUMIFS( INDIRECT(CONCATENATE("'wind'!", $C12, ":", $C12)), wind!$6:$6, G$4) - SUMIFS( INDIRECT(CONCATENATE("offshore!",$D12,":", $D12)), offshore!$4:$4, G$4) -> 433 | H12: =SUMIFS( INDIRECT(CONCATENATE("'wind'!", $C12, ":", $C12)), wind!$6:$6, H$4) - SUMIFS( INDIRECT(CONCATENATE("offshore!",$D12,":", $D12)), offshore!$4:$4, H$4) -> 446 | I12: =SUMIFS( INDIRECT(CONCATENATE("'wind'!", $C12, ":", $C12)), wind!$6:$6, I$4) - SUMIFS( INDIRECT(CONCATENATE("offshore!",$D12,":", $D12)), offshore!$4:$4, I$4) -> 486 | J12: =SUMIFS( INDIRECT(CONCATENATE("'wind'!", $C12, ":", $C12)), wind!$6:$6, J$4) - SUMIFS( INDIRECT(CONCATENATE("offshore!",$D12,":", $D12)), offshore!$4:$4, J$4) -> 693 | K12: =SUMIFS( INDIRECT(CONCATENATE("'wind'!", $C12, ":", $C12)), wind!$6:$6, K$4) - SUMIFS( INDIRECT(CONCATENATE("offshore!",$D12,":", $D12)), offshore!$4:$4, K$4) -> 910 | L12: =SUMIFS( INDIRECT(CONCATENATE("'wind'!", $C12, ":", $C12)), wind!$6:$6, L$4) - SUMIFS( INDIRECT(CONCATENATE("offshore!",$D12,":", $D12)), offshore!$4:$4, L$4) -> 1079 | M12: =SUMIFS( INDIRECT(CONCATENATE("'wind'!", $C12, ":", $C12)), wind!$6:$6, M$4) - SUMIFS( INDIRECT(CONCATENATE("offshore!",$D12,":", $D12)), offshore!$4:$4, M$4) -> 1219 | ... AF12: =SUMIFS( INDIRECT(CONCATENATE("'wind'!", $C12, ":", $C12)), wind!$6:$6, AF$4) - SUMIFS( INDIRECT(CONCATENATE("offshore!",$D12,":", $D12)), offshore!$4:$4, AF$4) -> 6958 | AG12: =MAX(AVERAGE(TREND($W12:$AF12,$W$4:$AF$4,AG$4), TREND($AB12:$AF12,$AB$4:$AF$4,AG$4)) * AJ12, AF12* 1.03) -> 8017.5333 | AH12: =AVERAGE(TREND($W12:$AG12,$W$4:$AG$4,AH$4), TREND($AB12:$AG12,$AB$4:$AG$4,AH$4)) * AK12 -> 11016.95 | AJ12: 1 | AK12: 1
B13: =E13&"00" -> PL00 | C13: =MATCH($E13, wind!$C:$C, 0) -> 15 | D13: =IFERROR(MATCH($E13, offshore!$D:$D, 0), 1) -> 1 | E13: PL | F13: =SUMIFS( INDIRECT(CONCATENATE("'wind'!", $C13, ":", $C13)), wind!$6:$6, F$4) - SUMIFS( INDIRECT(CONCATENATE("offshore!",$D13,":", $D13)), offshore!$4:$4, F$4) -> 0 | G13: =SUMIFS( INDIRECT(CONCATENATE("'wind'!", $C13, ":", $C13)), wind!$6:$6, G$4) - SUMIFS( INDIRECT(CONCATENATE("offshore!",$D13,":", $D13)), offshore!$4:$4, G$4) -> 0 | H13: =SUMIFS( INDIRECT(CONCATENATE("'wind'!", $C13, ":", $C13)), wind!$6:$6, H$4) - SUMIFS( INDIRECT(CONCATENATE("offshore!",$D13,":", $D13)), offshore!$4:$4, H$4) -> 0 | I13: =SUMIFS( INDIRECT(CONCATENATE("'wind'!", $C13, ":", $C13)), wind!$6:$6, I$4) - SUMIFS( INDIRECT(CONCATENATE("offshore!",$D13,":", $D13)), offshore!$4:$4, I$4) -> 0 | J13: =SUMIFS( INDIRECT(CONCATENATE("'wind'!", $C13, ":", $C13)), wind!$6:$6, J$4) - SUMIFS( INDIRECT(CONCATENATE("offshore!",$D13,":", $D13)), offshore!$4:$4, J$4) -> 27 | K13: =SUMIFS( INDIRECT(CONCATENATE("'wind'!", $C13, ":", $C13)), wind!$6:$6, K$4) - SUMIFS( INDIRECT(CONCATENATE("offshore!",$D13,":", $D13)), offshore!$4:$4, K$4) -> 63 | L13: =SUMIFS( INDIRECT(CONCATENATE("'wind'!", $C13, ":", $C13)), wind!$6:$6, L$4) - SUMIFS( INDIRECT(CONCATENATE("offshore!",$D13,":", $D13)), offshore!$4:$4, L$4) -> 63 | M13: =SUMIFS( INDIRECT(CONCATENATE("'wind'!", $C13, ":", $C13)), wind!$6:$6, M$4) - SUMIFS( INDIRECT(CONCATENATE("offshore!",$D13,":", $D13)), offshore!$4:$4, M$4) -> 83 | ... AF13: =SUMIFS( INDIRECT(CONCATENATE("'wind'!", $C13, ":", $C13)), wind!$6:$6, AF$4) - SUMIFS( INDIRECT(CONCATENATE("offshore!",$D13,":", $D13)), offshore!$4:$4, AF$4) -> 10233 | AG13: =MAX(AVERAGE(TREND($W13:$AF13,$W$4:$AF$4,AG$4), TREND($AB13:$AF13,$AB$4:$AF$4,AG$4)) * AJ13, AF13* 1.03) -> 10539.99 | AH13: =AVERAGE(TREND($W13:$AG13,$W$4:$AG$4,AH$4), TREND($AB13:$AG13,$AB$4:$AG$4,AH$4)) * AK13 -> 13942.666 | AJ13: 1 | AK13: 1
B14: =E14&"00" -> FI00 | C14: =MATCH($E14, wind!$C:$C, 0) -> 16 | D14: =IFERROR(MATCH($E14, offshore!$D:$D, 0), 1) -> 11 | E14: FI | F14: =SUMIFS( INDIRECT(CONCATENATE("'wind'!", $C14, ":", $C14)), wind!$6:$6, F$4) - SUMIFS( INDIRECT(CONCATENATE("offshore!",$D14,":", $D14)), offshore!$4:$4, F$4) -> 17 | G14: =SUMIFS( INDIRECT(CONCATENATE("'wind'!", $C14, ":", $C14)), wind!$6:$6, G$4) - SUMIFS( INDIRECT(CONCATENATE("offshore!",$D14,":", $D14)), offshore!$4:$4, G$4) -> 39 | H14: =SUMIFS( INDIRECT(CONCATENATE("'wind'!", $C14, ":", $C14)), wind!$6:$6, H$4) - SUMIFS( INDIRECT(CONCATENATE("offshore!",$D14,":", $D14)), offshore!$4:$4, H$4) -> 39 | I14: =SUMIFS( INDIRECT(CONCATENATE("'wind'!", $C14, ":", $C14)), wind!$6:$6, I$4) - SUMIFS( INDIRECT(CONCATENATE("offshore!",$D14,":", $D14)), offshore!$4:$4, I$4) -> 39 | J14: =SUMIFS( INDIRECT(CONCATENATE("'wind'!", $C14, ":", $C14)), wind!$6:$6, J$4) - SUMIFS( INDIRECT(CONCATENATE("offshore!",$D14,":", $D14)), offshore!$4:$4, J$4) -> 43 | K14: =SUMIFS( INDIRECT(CONCATENATE("'wind'!", $C14, ":", $C14)), wind!$6:$6, K$4) - SUMIFS( INDIRECT(CONCATENATE("offshore!",$D14,":", $D14)), offshore!$4:$4, K$4) -> 52 | L14: =SUMIFS( INDIRECT(CONCATENATE("'wind'!", $C14, ":", $C14)), wind!$6:$6, L$4) - SUMIFS( INDIRECT(CONCATENATE("offshore!",$D14,":", $D14)), offshore!$4:$4, L$4) -> 82 | M14: =SUMIFS( INDIRECT(CONCATENATE("'wind'!", $C14, ":", $C14)), wind!$6:$6, M$4) - SUMIFS( INDIRECT(CONCATENATE("offshore!",$D14,":", $D14)), offshore!$4:$4, M$4) -> 82 | ... AF14: =SUMIFS( INDIRECT(CONCATENATE("'wind'!", $C14, ":", $C14)), wind!$6:$6, AF$4) - SUMIFS( INDIRECT(CONCATENATE("offshore!",$D14,":", $D14)), offshore!$4:$4, AF$4) -> 8284 | AG14: =MAX(AVERAGE(TREND($W14:$AF14,$W$4:$AF$4,AG$4), TREND($AB14:$AF14,$AB$4:$AF$4,AG$4)) * AJ14, AF14* 1.03) -> 8776.35 | AH14: =AVERAGE(TREND($W14:$AG14,$W$4:$AG$4,AH$4), TREND($AB14:$AG14,$AB$4:$AG$4,AH$4)) * AK14 -> 14091.866 | AJ14: 1 | AK14: 1
C15: =MATCH($E15, wind!$C:$C, 0) -> 17 | D15: =IFERROR(MATCH($E15, offshore!$D:$D, 0), 1) -> 7 | E15: DK | F15: =SUMIFS( INDIRECT(CONCATENATE("'wind'!", $C15, ":", $C15)), wind!$6:$6, F$4) - SUMIFS( INDIRECT(CONCATENATE("offshore!",$D15,":", $D15)), offshore!$4:$4, F$4) -> 1443 | G15: =SUMIFS( INDIRECT(CONCATENATE("'wind'!", $C15, ":", $C15)), wind!$6:$6, G$4) - SUMIFS( INDIRECT(CONCATENATE("offshore!",$D15,":", $D15)), offshore!$4:$4, G$4) -> 1771 | H15: =SUMIFS( INDIRECT(CONCATENATE("'wind'!", $C15, ":", $C15)), wind!$6:$6, H$4) - SUMIFS( INDIRECT(CONCATENATE("offshore!",$D15,":", $D15)), offshore!$4:$4, H$4) -> 2417 | I15: =SUMIFS( INDIRECT(CONCATENATE("'wind'!", $C15, ":", $C15)), wind!$6:$6, I$4) - SUMIFS( INDIRECT(CONCATENATE("offshore!",$D15,":", $D15)), offshore!$4:$4, I$4) -> 2489 | J15: =SUMIFS( INDIRECT(CONCATENATE("'wind'!", $C15, ":", $C15)), wind!$6:$6, J$4) - SUMIFS( INDIRECT(CONCATENATE("offshore!",$D15,":", $D15)), offshore!$4:$4, J$4) -> 2889 | K15: =SUMIFS( INDIRECT(CONCATENATE("'wind'!", $C15, ":", $C15)), wind!$6:$6, K$4) - SUMIFS( INDIRECT(CONCATENATE("offshore!",$D15,":", $D15)), offshore!$4:$4, K$4) -> 3116 | L15: =SUMIFS( INDIRECT(CONCATENATE("'wind'!", $C15, ":", $C15)), wind!$6:$6, L$4) - SUMIFS( INDIRECT(CONCATENATE("offshore!",$D15,":", $D15)), offshore!$4:$4, L$4) -> 3118 | M15: =SUMIFS( INDIRECT(CONCATENATE("'wind'!", $C15, ":", $C15)), wind!$6:$6, M$4) - SUMIFS( INDIRECT(CONCATENATE("offshore!",$D15,":", $D15)), offshore!$4:$4, M$4) -> 3128 | ... AF15: =SUMIFS( INDIRECT(CONCATENATE("'wind'!", $C15, ":", $C15)), wind!$6:$6, AF$4) - SUMIFS( INDIRECT(CONCATENATE("offshore!",$D15,":", $D15)), offshore!$4:$4, AF$4) -> 4970.5 | AG15: =MAX(AVERAGE(TREND($W15:$AF15,$W$4:$AF$4,AG$4), TREND($AB15:$AF15,$AB$4:$AF$4,AG$4)) * AJ15, AF15* 1.03) -> 5275.7117 | AH15: =AVERAGE(TREND($W15:$AG15,$W$4:$AG$4,AH$4), TREND($AB15:$AG15,$AB$4:$AG$4,AH$4)) * AK15 -> 5965.4331 | AJ15: 1 | AK15: 1
B16: =E16&"00" -> PT00 | C16: =MATCH($E16, wind!$C:$C, 0) -> 18 | D16: =IFERROR(MATCH($E16, offshore!$D:$D, 0), 1) -> 14 | E16: PT | F16: =SUMIFS( INDIRECT(CONCATENATE("'wind'!", $C16, ":", $C16)), wind!$6:$6, F$4) - SUMIFS( INDIRECT(CONCATENATE("offshore!",$D16,":", $D16)), offshore!$4:$4, F$4) -> 60 | G16: =SUMIFS( INDIRECT(CONCATENATE("'wind'!", $C16, ":", $C16)), wind!$6:$6, G$4) - SUMIFS( INDIRECT(CONCATENATE("offshore!",$D16,":", $D16)), offshore!$4:$4, G$4) -> 61 | H16: =SUMIFS( INDIRECT(CONCATENATE("'wind'!", $C16, ":", $C16)), wind!$6:$6, H$4) - SUMIFS( INDIRECT(CONCATENATE("offshore!",$D16,":", $D16)), offshore!$4:$4, H$4) -> 100 | I16: =SUMIFS( INDIRECT(CONCATENATE("'wind'!", $C16, ":", $C16)), wind!$6:$6, I$4) - SUMIFS( INDIRECT(CONCATENATE("offshore!",$D16,":", $D16)), offshore!$4:$4, I$4) -> 131 | J16: =SUMIFS( INDIRECT(CONCATENATE("'wind'!", $C16, ":", $C16)), wind!$6:$6, J$4) - SUMIFS( INDIRECT(CONCATENATE("offshore!",$D16,":", $D16)), offshore!$4:$4, J$4) -> 195 | K16: =SUMIFS( INDIRECT(CONCATENATE("'wind'!", $C16, ":", $C16)), wind!$6:$6, K$4) - SUMIFS( INDIRECT(CONCATENATE("offshore!",$D16,":", $D16)), offshore!$4:$4, K$4) -> 296 | L16: =SUMIFS( INDIRECT(CONCATENATE("'wind'!", $C16, ":", $C16)), wind!$6:$6, L$4) - SUMIFS( INDIRECT(CONCATENATE("offshore!",$D16,":", $D16)), offshore!$4:$4, L$4) -> 522 | M16: =SUMIFS( INDIRECT(CONCATENATE("'wind'!", $C16, ":", $C16)), wind!$6:$6, M$4) - SUMIFS( INDIRECT(CONCATENATE("offshore!",$D16,":", $D16)), offshore!$4:$4, M$4) -> 1022 | ... AF16: =SUMIFS( INDIRECT(CONCATENATE("'wind'!", $C16, ":", $C16)), wind!$6:$6, AF$4) - SUMIFS( INDIRECT(CONCATENATE("offshore!",$D16,":", $D16)), offshore!$4:$4, AF$4) -> 5938 | AG16: =MAX(AVERAGE(TREND($W16:$AF16,$W$4:$AF$4,AG$4), TREND($AB16:$AF16,$AB$4:$AF$4,AG$4)) * AJ16, AF16* 1.03) -> 6116.14 | AH16: =AVERAGE(TREND($W16:$AG16,$W$4:$AG$4,AH$4), TREND($AB16:$AG16,$AB$4:$AG$4,AH$4)) * AK16 -> 6603.8309 | AJ16: 1 | AK16: 1
B17: =E17&"00" -> BE00 | C17: =MATCH($E17, wind!$C:$C, 0) -> 19 | D17: =IFERROR(MATCH($E17, offshore!$D:$D, 0), 1) -> 9 | E17: BE | F17: =SUMIFS( INDIRECT(CONCATENATE("'wind'!", $C17, ":", $C17)), wind!$6:$6, F$4) - SUMIFS( INDIRECT(CONCATENATE("offshore!",$D17,":", $D17)), offshore!$4:$4, F$4) -> 6 | G17: =SUMIFS( INDIRECT(CONCATENATE("'wind'!", $C17, ":", $C17)), wind!$6:$6, G$4) - SUMIFS( INDIRECT(CONCATENATE("offshore!",$D17,":", $D17)), offshore!$4:$4, G$4) -> 6 | H17: =SUMIFS( INDIRECT(CONCATENATE("'wind'!", $C17, ":", $C17)), wind!$6:$6, H$4) - SUMIFS( INDIRECT(CONCATENATE("offshore!",$D17,":", $D17)), offshore!$4:$4, H$4) -> 13 | I17: =SUMIFS( INDIRECT(CONCATENATE("'wind'!", $C17, ":", $C17)), wind!$6:$6, I$4) - SUMIFS( INDIRECT(CONCATENATE("offshore!",$D17,":", $D17)), offshore!$4:$4, I$4) -> 32 | J17: =SUMIFS( INDIRECT(CONCATENATE("'wind'!", $C17, ":", $C17)), wind!$6:$6, J$4) - SUMIFS( INDIRECT(CONCATENATE("offshore!",$D17,":", $D17)), offshore!$4:$4, J$4) -> 35 | K17: =SUMIFS( INDIRECT(CONCATENATE("'wind'!", $C17, ":", $C17)), wind!$6:$6, K$4) - SUMIFS( INDIRECT(CONCATENATE("offshore!",$D17,":", $D17)), offshore!$4:$4, K$4) -> 68 | L17: =SUMIFS( INDIRECT(CONCATENATE("'wind'!", $C17, ":", $C17)), wind!$6:$6, L$4) - SUMIFS( INDIRECT(CONCATENATE("offshore!",$D17,":", $D17)), offshore!$4:$4, L$4) -> 96 | M17: =SUMIFS( INDIRECT(CONCATENATE("'wind'!", $C17, ":", $C17)), wind!$6:$6, M$4) - SUMIFS( INDIRECT(CONCATENATE("offshore!",$D17,":", $D17)), offshore!$4:$4, M$4) -> 167 | ... AF17: =SUMIFS( INDIRECT(CONCATENATE("'wind'!", $C17, ":", $C17)), wind!$6:$6, AF$4) - SUMIFS( INDIRECT(CONCATENATE("offshore!",$D17,":", $D17)), offshore!$4:$4, AF$4) -> 3386.2 | AG17: =MAX(AVERAGE(TREND($W17:$AF17,$W$4:$AF$4,AG$4), TREND($AB17:$AF17,$AB$4:$AF$4,AG$4)) * AJ17, AF17* 1.03) -> 3651.3 | AH17: =AVERAGE(TREND($W17:$AG17,$W$4:$AG$4,AH$4), TREND($AB17:$AG17,$AB$4:$AG$4,AH$4)) * AK17 -> 4765.7595 | AJ17: 1 | AK17: 1
C18: =MATCH($E18, wind!$C:$C, 0) -> 20 | D18: =IFERROR(MATCH($E18, offshore!$D:$D, 0), 1) -> 1 | E18: GR | F18: =SUMIFS( INDIRECT(CONCATENATE("'wind'!", $C18, ":", $C18)), wind!$6:$6, F$4) - SUMIFS( INDIRECT(CONCATENATE("offshore!",$D18,":", $D18)), offshore!$4:$4, F$4) -> 39 | G18: =SUMIFS( INDIRECT(CONCATENATE("'wind'!", $C18, ":", $C18)), wind!$6:$6, G$4) - SUMIFS( INDIRECT(CONCATENATE("offshore!",$D18,":", $D18)), offshore!$4:$4, G$4) -> 112 | H18: =SUMIFS( INDIRECT(CONCATENATE("'wind'!", $C18, ":", $C18)), wind!$6:$6, H$4) - SUMIFS( INDIRECT(CONCATENATE("offshore!",$D18,":", $D18)), offshore!$4:$4, H$4) -> 189 | I18: =SUMIFS( INDIRECT(CONCATENATE("'wind'!", $C18, ":", $C18)), wind!$6:$6, I$4) - SUMIFS( INDIRECT(CONCATENATE("offshore!",$D18,":", $D18)), offshore!$4:$4, I$4) -> 272 | J18: =SUMIFS( INDIRECT(CONCATENATE("'wind'!", $C18, ":", $C18)), wind!$6:$6, J$4) - SUMIFS( INDIRECT(CONCATENATE("offshore!",$D18,":", $D18)), offshore!$4:$4, J$4) -> 297 | K18: =SUMIFS( INDIRECT(CONCATENATE("'wind'!", $C18, ":", $C18)), wind!$6:$6, K$4) - SUMIFS( INDIRECT(CONCATENATE("offshore!",$D18,":", $D18)), offshore!$4:$4, K$4) -> 383 | L18: =SUMIFS( INDIRECT(CONCATENATE("'wind'!", $C18, ":", $C18)), wind!$6:$6, L$4) - SUMIFS( INDIRECT(CONCATENATE("offshore!",$D18,":", $D18)), offshore!$4:$4, L$4) -> 473 | M18: =SUMIFS( INDIRECT(CONCATENATE("'wind'!", $C18, ":", $C18)), wind!$6:$6, M$4) - SUMIFS( INDIRECT(CONCATENATE("offshore!",$D18,":", $D18)), offshore!$4:$4, M$4) -> 573 | ... AF18: =SUMIFS( INDIRECT(CONCATENATE("'wind'!", $C18, ":", $C18)), wind!$6:$6, AF$4) - SUMIFS( INDIRECT(CONCATENATE("offshore!",$D18,":", $D18)), offshore!$4:$4, AF$4) -> 5354 | AG18: =MAX(AVERAGE(TREND($W18:$AF18,$W$4:$AF$4,AG$4), TREND($AB18:$AF18,$AB$4:$AF$4,AG$4)) * AJ18, AF18* 1.03) -> 5815.5333 | AH18: =AVERAGE(TREND($W18:$AG18,$W$4:$AG$4,AH$4), TREND($AB18:$AG18,$AB$4:$AG$4,AH$4)) * AK18 -> 7631.3241 | AJ18: 1 | AK18: 1
C19: =MATCH($E19, wind!$C:$C, 0) -> 21 | D19: =IFERROR(MATCH($E19, offshore!$D:$D, 0), 1) -> 20 | E19: NO | F19: =SUMIFS( INDIRECT(CONCATENATE("'wind'!", $C19, ":", $C19)), wind!$6:$6, F$4) - SUMIFS( INDIRECT(CONCATENATE("offshore!",$D19,":", $D19)), offshore!$4:$4, F$4) -> 0 | G19: =SUMIFS( INDIRECT(CONCATENATE("'wind'!", $C19, ":", $C19)), wind!$6:$6, G$4) - SUMIFS( INDIRECT(CONCATENATE("offshore!",$D19,":", $D19)), offshore!$4:$4, G$4) -> 0 | H19: =SUMIFS( INDIRECT(CONCATENATE("'wind'!", $C19, ":", $C19)), wind!$6:$6, H$4) - SUMIFS( INDIRECT(CONCATENATE("offshore!",$D19,":", $D19)), offshore!$4:$4, H$4) -> 0 | I19: =SUMIFS( INDIRECT(CONCATENATE("'wind'!", $C19, ":", $C19)), wind!$6:$6, I$4) - SUMIFS( INDIRECT(CONCATENATE("offshore!",$D19,":", $D19)), offshore!$4:$4, I$4) -> 0 | J19: =SUMIFS( INDIRECT(CONCATENATE("'wind'!", $C19, ":", $C19)), wind!$6:$6, J$4) - SUMIFS( INDIRECT(CONCATENATE("offshore!",$D19,":", $D19)), offshore!$4:$4, J$4) -> 0 | K19: =SUMIFS( INDIRECT(CONCATENATE("'wind'!", $C19, ":", $C19)), wind!$6:$6, K$4) - SUMIFS( INDIRECT(CONCATENATE("offshore!",$D19,":", $D19)), offshore!$4:$4, K$4) -> 101 | L19: =SUMIFS( INDIRECT(CONCATENATE("'wind'!", $C19, ":", $C19)), wind!$6:$6, L$4) - SUMIFS( INDIRECT(CONCATENATE("offshore!",$D19,":", $D19)), offshore!$4:$4, L$4) -> 160 | M19: =SUMIFS( INDIRECT(CONCATENATE("'wind'!", $C19, ":", $C19)), wind!$6:$6, M$4) - SUMIFS( INDIRECT(CONCATENATE("offshore!",$D19,":", $D19)), offshore!$4:$4, M$4) -> 267 | ... AF19: =SUMIFS( INDIRECT(CONCATENATE("'wind'!", $C19, ":", $C19)), wind!$6:$6, AF$4) - SUMIFS( INDIRECT(CONCATENATE("offshore!",$D19,":", $D19)), offshore!$4:$4, AF$4) -> 5093.4 | AG19: =MAX(AVERAGE(TREND($W19:$AF19,$W$4:$AF$4,AG$4), TREND($AB19:$AF19,$AB$4:$AF$4,AG$4)) * AJ19, AF19* 1.03) -> 5984.9067 | AH19: =AVERAGE(TREND($W19:$AG19,$W$4:$AG$4,AH$4), TREND($AB19:$AG19,$AB$4:$AG$4,AH$4)) * AK19 -> 8285.8488 | AJ19: 1 | AK19: 1
C20: =MATCH($E20, wind!$C:$C, 0) -> 22 | D20: =IFERROR(MATCH($E20, offshore!$D:$D, 0), 1) -> 12 | E20: IE | F20: =SUMIFS( INDIRECT(CONCATENATE("'wind'!", $C20, ":", $C20)), wind!$6:$6, F$4) - SUMIFS( INDIRECT(CONCATENATE("offshore!",$D20,":", $D20)), offshore!$4:$4, F$4) -> 73 | G20: =SUMIFS( INDIRECT(CONCATENATE("'wind'!", $C20, ":", $C20)), wind!$6:$6, G$4) - SUMIFS( INDIRECT(CONCATENATE("offshore!",$D20,":", $D20)), offshore!$4:$4, G$4) -> 74 | H20: =SUMIFS( INDIRECT(CONCATENATE("'wind'!", $C20, ":", $C20)), wind!$6:$6, H$4) - SUMIFS( INDIRECT(CONCATENATE("offshore!",$D20,":", $D20)), offshore!$4:$4, H$4) -> 118 | I20: =SUMIFS( INDIRECT(CONCATENATE("'wind'!", $C20, ":", $C20)), wind!$6:$6, I$4) - SUMIFS( INDIRECT(CONCATENATE("offshore!",$D20,":", $D20)), offshore!$4:$4, I$4) -> 124 | J20: =SUMIFS( INDIRECT(CONCATENATE("'wind'!", $C20, ":", $C20)), wind!$6:$6, J$4) - SUMIFS( INDIRECT(CONCATENATE("offshore!",$D20,":", $D20)), offshore!$4:$4, J$4) -> 137 | K20: =SUMIFS( INDIRECT(CONCATENATE("'wind'!", $C20, ":", $C20)), wind!$6:$6, K$4) - SUMIFS( INDIRECT(CONCATENATE("offshore!",$D20,":", $D20)), offshore!$4:$4, K$4) -> 190 | L20: =SUMIFS( INDIRECT(CONCATENATE("'wind'!", $C20, ":", $C20)), wind!$6:$6, L$4) - SUMIFS( INDIRECT(CONCATENATE("offshore!",$D20,":", $D20)), offshore!$4:$4, L$4) -> 339 | M20: =SUMIFS( INDIRECT(CONCATENATE("'wind'!", $C20, ":", $C20)), wind!$6:$6, M$4) - SUMIFS( INDIRECT(CONCATENATE("offshore!",$D20,":", $D20)), offshore!$4:$4, M$4) -> 496 | ... AF20: =SUMIFS( INDIRECT(CONCATENATE("'wind'!", $C20, ":", $C20)), wind!$6:$6, AF$4) - SUMIFS( INDIRECT(CONCATENATE("offshore!",$D20,":", $D20)), offshore!$4:$4, AF$4) -> 4836 | AG20: =MAX(AVERAGE(TREND($W20:$AF20,$W$4:$AF$4,AG$4), TREND($AB20:$AF20,$AB$4:$AF$4,AG$4)) * AJ20, AF20* 1.03) -> 5221.2933 | AH20: =AVERAGE(TREND($W20:$AG20,$W$4:$AG$4,AH$4), TREND($AB20:$AG20,$AB$4:$AG$4,AH$4)) * AK20 -> 6350.2421 | AJ20: 1 | AK20: 1
B21: =E21&"00" -> AT00 | C21: =MATCH($E21, wind!$C:$C, 0) -> 23 | D21: =IFERROR(MATCH($E21, offshore!$D:$D, 0), 1) -> 1 | E21: AT | F21: =SUMIFS( INDIRECT(CONCATENATE("'wind'!", $C21, ":", $C21)), wind!$6:$6, F$4) - SUMIFS( INDIRECT(CONCATENATE("offshore!",$D21,":", $D21)), offshore!$4:$4, F$4) -> 30 | G21: =SUMIFS( INDIRECT(CONCATENATE("'wind'!", $C21, ":", $C21)), wind!$6:$6, G$4) - SUMIFS( INDIRECT(CONCATENATE("offshore!",$D21,":", $D21)), offshore!$4:$4, G$4) -> 34 | H21: =SUMIFS( INDIRECT(CONCATENATE("'wind'!", $C21, ":", $C21)), wind!$6:$6, H$4) - SUMIFS( INDIRECT(CONCATENATE("offshore!",$D21,":", $D21)), offshore!$4:$4, H$4) -> 77 | I21: =SUMIFS( INDIRECT(CONCATENATE("'wind'!", $C21, ":", $C21)), wind!$6:$6, I$4) - SUMIFS( INDIRECT(CONCATENATE("offshore!",$D21,":", $D21)), offshore!$4:$4, I$4) -> 94 | J21: =SUMIFS( INDIRECT(CONCATENATE("'wind'!", $C21, ":", $C21)), wind!$6:$6, J$4) - SUMIFS( INDIRECT(CONCATENATE("offshore!",$D21,":", $D21)), offshore!$4:$4, J$4) -> 140 | K21: =SUMIFS( INDIRECT(CONCATENATE("'wind'!", $C21, ":", $C21)), wind!$6:$6, K$4) - SUMIFS( INDIRECT(CONCATENATE("offshore!",$D21,":", $D21)), offshore!$4:$4, K$4) -> 415 | L21: =SUMIFS( INDIRECT(CONCATENATE("'wind'!", $C21, ":", $C21)), wind!$6:$6, L$4) - SUMIFS( INDIRECT(CONCATENATE("offshore!",$D21,":", $D21)), offshore!$4:$4, L$4) -> 606 | M21: =SUMIFS( INDIRECT(CONCATENATE("'wind'!", $C21, ":", $C21)), wind!$6:$6, M$4) - SUMIFS( INDIRECT(CONCATENATE("offshore!",$D21,":", $D21)), offshore!$4:$4, M$4) -> 819 | ... AF21: =SUMIFS( INDIRECT(CONCATENATE("'wind'!", $C21, ":", $C21)), wind!$6:$6, AF$4) - SUMIFS( INDIRECT(CONCATENATE("offshore!",$D21,":", $D21)), offshore!$4:$4, AF$4) -> 4028 | AG21: =MAX(AVERAGE(TREND($W21:$AF21,$W$4:$AF$4,AG$4), TREND($AB21:$AF21,$AB$4:$AF$4,AG$4)) * AJ21, AF21* 1.03) -> 4216.45 | AH21: =AVERAGE(TREND($W21:$AG21,$W$4:$AG$4,AH$4), TREND($AB21:$AG21,$AB$4:$AG$4,AH$4)) * AK21 -> 5209.1177 | AJ21: 1 | AK21: 1
C22: =MATCH($E22, wind!$C:$C, 0) -> 24 | D22: =IFERROR(MATCH($E22, offshore!$D:$D, 0), 1) -> 1 | E22: RO | F22: =SUMIFS( INDIRECT(CONCATENATE("'wind'!", $C22, ":", $C22)), wind!$6:$6, F$4) - SUMIFS( INDIRECT(CONCATENATE("offshore!",$D22,":", $D22)), offshore!$4:$4, F$4) -> 0 | G22: =SUMIFS( INDIRECT(CONCATENATE("'wind'!", $C22, ":", $C22)), wind!$6:$6, G$4) - SUMIFS( INDIRECT(CONCATENATE("offshore!",$D22,":", $D22)), offshore!$4:$4, G$4) -> 0 | H22: =SUMIFS( INDIRECT(CONCATENATE("'wind'!", $C22, ":", $C22)), wind!$6:$6, H$4) - SUMIFS( INDIRECT(CONCATENATE("offshore!",$D22,":", $D22)), offshore!$4:$4, H$4) -> 0 | I22: =SUMIFS( INDIRECT(CONCATENATE("'wind'!", $C22, ":", $C22)), wind!$6:$6, I$4) - SUMIFS( INDIRECT(CONCATENATE("offshore!",$D22,":", $D22)), offshore!$4:$4, I$4) -> 0 | J22: =SUMIFS( INDIRECT(CONCATENATE("'wind'!", $C22, ":", $C22)), wind!$6:$6, J$4) - SUMIFS( INDIRECT(CONCATENATE("offshore!",$D22,":", $D22)), offshore!$4:$4, J$4) -> 0 | K22: =SUMIFS( INDIRECT(CONCATENATE("'wind'!", $C22, ":", $C22)), wind!$6:$6, K$4) - SUMIFS( INDIRECT(CONCATENATE("offshore!",$D22,":", $D22)), offshore!$4:$4, K$4) -> 1 | L22: =SUMIFS( INDIRECT(CONCATENATE("'wind'!", $C22, ":", $C22)), wind!$6:$6, L$4) - SUMIFS( INDIRECT(CONCATENATE("offshore!",$D22,":", $D22)), offshore!$4:$4, L$4) -> 1 | M22: =SUMIFS( INDIRECT(CONCATENATE("'wind'!", $C22, ":", $C22)), wind!$6:$6, M$4) - SUMIFS( INDIRECT(CONCATENATE("offshore!",$D22,":", $D22)), offshore!$4:$4, M$4) -> 2 | ... AF22: =SUMIFS( INDIRECT(CONCATENATE("'wind'!", $C22, ":", $C22)), wind!$6:$6, AF$4) - SUMIFS( INDIRECT(CONCATENATE("offshore!",$D22,":", $D22)), offshore!$4:$4, AF$4) -> 3150 | AG22: =MAX(AVERAGE(TREND($W22:$AF22,$W$4:$AF$4,AG$4), TREND($AB22:$AF22,$AB$4:$AF$4,AG$4)) * AJ22, AF22* 1.03) -> 3244.5 | AH22: =AVERAGE(TREND($W22:$AG22,$W$4:$AG$4,AH$4), TREND($AB22:$AG22,$AB$4:$AG$4,AH$4)) * AK22 -> 3333.8593 | AJ22: 1 | AK22: 1
C23: =MATCH($E23, wind!$C:$C, 0) -> 25 | D23: =IFERROR(MATCH($E23, offshore!$D:$D, 0), 1) -> 1 | E23: RU | F23: =SUMIFS( INDIRECT(CONCATENATE("'wind'!", $C23, ":", $C23)), wind!$6:$6, F$4) - SUMIFS( INDIRECT(CONCATENATE("offshore!",$D23,":", $D23)), offshore!$4:$4, F$4) -> 0 | G23: =SUMIFS( INDIRECT(CONCATENATE("'wind'!", $C23, ":", $C23)), wind!$6:$6, G$4) - SUMIFS( INDIRECT(CONCATENATE("offshore!",$D23,":", $D23)), offshore!$4:$4, G$4) -> 0 | H23: =SUMIFS( INDIRECT(CONCATENATE("'wind'!", $C23, ":", $C23)), wind!$6:$6, H$4) - SUMIFS( INDIRECT(CONCATENATE("offshore!",$D23,":", $D23)), offshore!$4:$4, H$4) -> 0 | I23: =SUMIFS( INDIRECT(CONCATENATE("'wind'!", $C23, ":", $C23)), wind!$6:$6, I$4) - SUMIFS( INDIRECT(CONCATENATE("offshore!",$D23,":", $D23)), offshore!$4:$4, I$4) -> 0 | J23: =SUMIFS( INDIRECT(CONCATENATE("'wind'!", $C23, ":", $C23)), wind!$6:$6, J$4) - SUMIFS( INDIRECT(CONCATENATE("offshore!",$D23,":", $D23)), offshore!$4:$4, J$4) -> 0 | K23: =SUMIFS( INDIRECT(CONCATENATE("'wind'!", $C23, ":", $C23)), wind!$6:$6, K$4) - SUMIFS( INDIRECT(CONCATENATE("offshore!",$D23,":", $D23)), offshore!$4:$4, K$4) -> 0 | L23: =SUMIFS( INDIRECT(CONCATENATE("'wind'!", $C23, ":", $C23)), wind!$6:$6, L$4) - SUMIFS( INDIRECT(CONCATENATE("offshore!",$D23,":", $D23)), offshore!$4:$4, L$4) -> 0 | M23: =SUMIFS( INDIRECT(CONCATENATE("'wind'!", $C23, ":", $C23)), wind!$6:$6, M$4) - SUMIFS( INDIRECT(CONCATENATE("offshore!",$D23,":", $D23)), offshore!$4:$4, M$4) -> 0 | ... AE23: =SUMIFS( INDIRECT(CONCATENATE("'wind'!", $C23, ":", $C23)), wind!$6:$6, AE$4) - SUMIFS( INDIRECT(CONCATENATE("offshore!",$D23,":", $D23)), offshore!$4:$4, AE$4) -> 2043 | AF23: =AE23 -> 2043 | AG23: =MAX(AVERAGE(TREND($W23:$AF23,$W$4:$AF$4,AG$4), TREND($AB23:$AF23,$AB$4:$AF$4,AG$4)) * AJ23, AF23* 1.03) -> 2535.6333 | AH23: =AVERAGE(TREND($W23:$AG23,$W$4:$AG$4,AH$4), TREND($AB23:$AG23,$AB$4:$AG$4,AH$4)) * AK23 -> 3853.4912 | AJ23: 1 | AK23: 1
C24: =MATCH($E24, wind!$C:$C, 0) -> 26 | D24: =IFERROR(MATCH($E24, offshore!$D:$D, 0), 1) -> 1 | E24: UA | F24: =SUMIFS( INDIRECT(CONCATENATE("'wind'!", $C24, ":", $C24)), wind!$6:$6, F$4) - SUMIFS( INDIRECT(CONCATENATE("offshore!",$D24,":", $D24)), offshore!$4:$4, F$4) -> 0 | G24: =SUMIFS( INDIRECT(CONCATENATE("'wind'!", $C24, ":", $C24)), wind!$6:$6, G$4) - SUMIFS( INDIRECT(CONCATENATE("offshore!",$D24,":", $D24)), offshore!$4:$4, G$4) -> 0 | H24: =SUMIFS( INDIRECT(CONCATENATE("'wind'!", $C24, ":", $C24)), wind!$6:$6, H$4) - SUMIFS( INDIRECT(CONCATENATE("offshore!",$D24,":", $D24)), offshore!$4:$4, H$4) -> 0 | I24: =SUMIFS( INDIRECT(CONCATENATE("'wind'!", $C24, ":", $C24)), wind!$6:$6, I$4) - SUMIFS( INDIRECT(CONCATENATE("offshore!",$D24,":", $D24)), offshore!$4:$4, I$4) -> 0 | J24: =SUMIFS( INDIRECT(CONCATENATE("'wind'!", $C24, ":", $C24)), wind!$6:$6, J$4) - SUMIFS( INDIRECT(CONCATENATE("offshore!",$D24,":", $D24)), offshore!$4:$4, J$4) -> 0 | K24: =SUMIFS( INDIRECT(CONCATENATE("'wind'!", $C24, ":", $C24)), wind!$6:$6, K$4) - SUMIFS( INDIRECT(CONCATENATE("offshore!",$D24,":", $D24)), offshore!$4:$4, K$4) -> 0 | L24: =SUMIFS( INDIRECT(CONCATENATE("'wind'!", $C24, ":", $C24)), wind!$6:$6, L$4) - SUMIFS( INDIRECT(CONCATENATE("offshore!",$D24,":", $D24)), offshore!$4:$4, L$4) -> 0 | M24: =SUMIFS( INDIRECT(CONCATENATE("'wind'!", $C24, ":", $C24)), wind!$6:$6, M$4) - SUMIFS( INDIRECT(CONCATENATE("offshore!",$D24,":", $D24)), offshore!$4:$4, M$4) -> 77 | ... AF24: =SUMIFS( INDIRECT(CONCATENATE("'wind'!", $C24, ":", $C24)), wind!$6:$6, AF$4) - SUMIFS( INDIRECT(CONCATENATE("offshore!",$D24,":", $D24)), offshore!$4:$4, AF$4) -> 1947 | AG24: =MAX(AVERAGE(TREND($W24:$AF24,$W$4:$AF$4,AG$4), TREND($AB24:$AF24,$AB$4:$AF$4,AG$4)) * AJ24, AF24* 1.03) -> 2192.2833 | AH24: =AVERAGE(TREND($W24:$AG24,$W$4:$AG$4,AH$4), TREND($AB24:$AG24,$AB$4:$AG$4,AH$4)) * AK24 -> 3057.7397 | AJ24: 1 | AK24: 1
B25: =E25&"00" -> LT00 | C25: =MATCH($E25, wind!$C:$C, 0) -> 27 | D25: =IFERROR(MATCH($E25, offshore!$D:$D, 0), 1) -> 1 | E25: LT | F25: =SUMIFS( INDIRECT(CONCATENATE("'wind'!", $C25, ":", $C25)), wind!$6:$6, F$4) - SUMIFS( INDIRECT(CONCATENATE("offshore!",$D25,":", $D25)), offshore!$4:$4, F$4) -> 0 | G25: =SUMIFS( INDIRECT(CONCATENATE("'wind'!", $C25, ":", $C25)), wind!$6:$6, G$4) - SUMIFS( INDIRECT(CONCATENATE("offshore!",$D25,":", $D25)), offshore!$4:$4, G$4) -> 0 | H25: =SUMIFS( INDIRECT(CONCATENATE("'wind'!", $C25, ":", $C25)), wind!$6:$6, H$4) - SUMIFS( INDIRECT(CONCATENATE("offshore!",$D25,":", $D25)), offshore!$4:$4, H$4) -> 0 | I25: =SUMIFS( INDIRECT(CONCATENATE("'wind'!", $C25, ":", $C25)), wind!$6:$6, I$4) - SUMIFS( INDIRECT(CONCATENATE("offshore!",$D25,":", $D25)), offshore!$4:$4, I$4) -> 0 | J25: =SUMIFS( INDIRECT(CONCATENATE("'wind'!", $C25, ":", $C25)), wind!$6:$6, J$4) - SUMIFS( INDIRECT(CONCATENATE("offshore!",$D25,":", $D25)), offshore!$4:$4, J$4) -> 0 | K25: =SUMIFS( INDIRECT(CONCATENATE("'wind'!", $C25, ":", $C25)), wind!$6:$6, K$4) - SUMIFS( INDIRECT(CONCATENATE("offshore!",$D25,":", $D25)), offshore!$4:$4, K$4) -> 6 | L25: =SUMIFS( INDIRECT(CONCATENATE("'wind'!", $C25, ":", $C25)), wind!$6:$6, L$4) - SUMIFS( INDIRECT(CONCATENATE("offshore!",$D25,":", $D25)), offshore!$4:$4, L$4) -> 6 | M25: =SUMIFS( INDIRECT(CONCATENATE("'wind'!", $C25, ":", $C25)), wind!$6:$6, M$4) - SUMIFS( INDIRECT(CONCATENATE("offshore!",$D25,":", $D25)), offshore!$4:$4, M$4) -> 48 | ... AF25: =SUMIFS( INDIRECT(CONCATENATE("'wind'!", $C25, ":", $C25)), wind!$6:$6, AF$4) - SUMIFS( INDIRECT(CONCATENATE("offshore!",$D25,":", $D25)), offshore!$4:$4, AF$4) -> 1750 | AG25: =MAX(AVERAGE(TREND($W25:$AF25,$W$4:$AF$4,AG$4), TREND($AB25:$AF25,$AB$4:$AF$4,AG$4)) * AJ25, AF25* 1.03) -> 1944.48 | AH25: =AVERAGE(TREND($W25:$AG25,$W$4:$AG$4,AH$4), TREND($AB25:$AG25,$AB$4:$AG$4,AH$4)) * AK25 -> 2859.6229 | AJ25: 1.2 | AK25: 1
C26: =MATCH($E26, wind!$C:$C, 0) -> 28 | D26: =IFERROR(MATCH($E26, offshore!$D:$D, 0), 1) -> 1 | E26: HR | F26: =SUMIFS( INDIRECT(CONCATENATE("'wind'!", $C26, ":", $C26)), wind!$6:$6, F$4) - SUMIFS( INDIRECT(CONCATENATE("offshore!",$D26,":", $D26)), offshore!$4:$4, F$4) -> 0 | G26: =SUMIFS( INDIRECT(CONCATENATE("'wind'!", $C26, ":", $C26)), wind!$6:$6, G$4) - SUMIFS( INDIRECT(CONCATENATE("offshore!",$D26,":", $D26)), offshore!$4:$4, G$4) -> 0 | H26: =SUMIFS( INDIRECT(CONCATENATE("'wind'!", $C26, ":", $C26)), wind!$6:$6, H$4) - SUMIFS( INDIRECT(CONCATENATE("offshore!",$D26,":", $D26)), offshore!$4:$4, H$4) -> 0 | I26: =SUMIFS( INDIRECT(CONCATENATE("'wind'!", $C26, ":", $C26)), wind!$6:$6, I$4) - SUMIFS( INDIRECT(CONCATENATE("offshore!",$D26,":", $D26)), offshore!$4:$4, I$4) -> 0 | J26: =SUMIFS( INDIRECT(CONCATENATE("'wind'!", $C26, ":", $C26)), wind!$6:$6, J$4) - SUMIFS( INDIRECT(CONCATENATE("offshore!",$D26,":", $D26)), offshore!$4:$4, J$4) -> 0 | K26: =SUMIFS( INDIRECT(CONCATENATE("'wind'!", $C26, ":", $C26)), wind!$6:$6, K$4) - SUMIFS( INDIRECT(CONCATENATE("offshore!",$D26,":", $D26)), offshore!$4:$4, K$4) -> 0 | L26: =SUMIFS( INDIRECT(CONCATENATE("'wind'!", $C26, ":", $C26)), wind!$6:$6, L$4) - SUMIFS( INDIRECT(CONCATENATE("offshore!",$D26,":", $D26)), offshore!$4:$4, L$4) -> 0 | M26: =SUMIFS( INDIRECT(CONCATENATE("'wind'!", $C26, ":", $C26)), wind!$6:$6, M$4) - SUMIFS( INDIRECT(CONCATENATE("offshore!",$D26,":", $D26)), offshore!$4:$4, M$4) -> 0 | ... AF26: =SUMIFS( INDIRECT(CONCATENATE("'wind'!", $C26, ":", $C26)), wind!$6:$6, AF$4) - SUMIFS( INDIRECT(CONCATENATE("offshore!",$D26,":", $D26)), offshore!$4:$4, AF$4) -> 1303 | AG26: =MAX(AVERAGE(TREND($W26:$AF26,$W$4:$AF$4,AG$4), TREND($AB26:$AF26,$AB$4:$AF$4,AG$4)) * AJ26, AF26* 1.03) -> 1429.2667 | AH26: =AVERAGE(TREND($W26:$AG26,$W$4:$AG$4,AH$4), TREND($AB26:$AG26,$AB$4:$AG$4,AH$4)) * AK26 -> 1990.0149 | AJ26: 1 | AK26: 1
B27: =E27&"00" -> EE00 | C27: =MATCH($E27, wind!$C:$C, 0) -> 29 | D27: =IFERROR(MATCH($E27, offshore!$D:$D, 0), 1) -> 1 | E27: EE | F27: =SUMIFS( INDIRECT(CONCATENATE("'wind'!", $C27, ":", $C27)), wind!$6:$6, F$4) - SUMIFS( INDIRECT(CONCATENATE("offshore!",$D27,":", $D27)), offshore!$4:$4, F$4) -> 0 | G27: =SUMIFS( INDIRECT(CONCATENATE("'wind'!", $C27, ":", $C27)), wind!$6:$6, G$4) - SUMIFS( INDIRECT(CONCATENATE("offshore!",$D27,":", $D27)), offshore!$4:$4, G$4) -> 0 | H27: =SUMIFS( INDIRECT(CONCATENATE("'wind'!", $C27, ":", $C27)), wind!$6:$6, H$4) - SUMIFS( INDIRECT(CONCATENATE("offshore!",$D27,":", $D27)), offshore!$4:$4, H$4) -> 0 | I27: =SUMIFS( INDIRECT(CONCATENATE("'wind'!", $C27, ":", $C27)), wind!$6:$6, I$4) - SUMIFS( INDIRECT(CONCATENATE("offshore!",$D27,":", $D27)), offshore!$4:$4, I$4) -> 0 | J27: =SUMIFS( INDIRECT(CONCATENATE("'wind'!", $C27, ":", $C27)), wind!$6:$6, J$4) - SUMIFS( INDIRECT(CONCATENATE("offshore!",$D27,":", $D27)), offshore!$4:$4, J$4) -> 2 | K27: =SUMIFS( INDIRECT(CONCATENATE("'wind'!", $C27, ":", $C27)), wind!$6:$6, K$4) - SUMIFS( INDIRECT(CONCATENATE("offshore!",$D27,":", $D27)), offshore!$4:$4, K$4) -> 2 | L27: =SUMIFS( INDIRECT(CONCATENATE("'wind'!", $C27, ":", $C27)), wind!$6:$6, L$4) - SUMIFS( INDIRECT(CONCATENATE("offshore!",$D27,":", $D27)), offshore!$4:$4, L$4) -> 6 | M27: =SUMIFS( INDIRECT(CONCATENATE("'wind'!", $C27, ":", $C27)), wind!$6:$6, M$4) - SUMIFS( INDIRECT(CONCATENATE("offshore!",$D27,":", $D27)), offshore!$4:$4, M$4) -> 32 | ... AF27: =SUMIFS( INDIRECT(CONCATENATE("'wind'!", $C27, ":", $C27)), wind!$6:$6, AF$4) - SUMIFS( INDIRECT(CONCATENATE("offshore!",$D27,":", $D27)), offshore!$4:$4, AF$4) -> 711 | AG27: =MAX(AVERAGE(TREND($W27:$AF27,$W$4:$AF$4,AG$4), TREND($AB27:$AF27,$AB$4:$AF$4,AG$4)) * AJ27, AF27* 1.03) -> 732.33 | AH27: =AVERAGE(TREND($W27:$AG27,$W$4:$AG$4,AH$4), TREND($AB27:$AG27,$AB$4:$AG$4,AH$4)) * AK27 -> 961.67957 | AJ27: 1 | AK27: 1
C28: =MATCH($E28, wind!$C:$C, 0) -> 30 | D28: =IFERROR(MATCH($E28, offshore!$D:$D, 0), 1) -> 1 | E28: BG | F28: =SUMIFS( INDIRECT(CONCATENATE("'wind'!", $C28, ":", $C28)), wind!$6:$6, F$4) - SUMIFS( INDIRECT(CONCATENATE("offshore!",$D28,":", $D28)), offshore!$4:$4, F$4) -> 0 | G28: =SUMIFS( INDIRECT(CONCATENATE("'wind'!", $C28, ":", $C28)), wind!$6:$6, G$4) - SUMIFS( INDIRECT(CONCATENATE("offshore!",$D28,":", $D28)), offshore!$4:$4, G$4) -> 0 | H28: =SUMIFS( INDIRECT(CONCATENATE("'wind'!", $C28, ":", $C28)), wind!$6:$6, H$4) - SUMIFS( INDIRECT(CONCATENATE("offshore!",$D28,":", $D28)), offshore!$4:$4, H$4) -> 0 | I28: =SUMIFS( INDIRECT(CONCATENATE("'wind'!", $C28, ":", $C28)), wind!$6:$6, I$4) - SUMIFS( INDIRECT(CONCATENATE("offshore!",$D28,":", $D28)), offshore!$4:$4, I$4) -> 0 | J28: =SUMIFS( INDIRECT(CONCATENATE("'wind'!", $C28, ":", $C28)), wind!$6:$6, J$4) - SUMIFS( INDIRECT(CONCATENATE("offshore!",$D28,":", $D28)), offshore!$4:$4, J$4) -> 0 | K28: =SUMIFS( INDIRECT(CONCATENATE("'wind'!", $C28, ":", $C28)), wind!$6:$6, K$4) - SUMIFS( INDIRECT(CONCATENATE("offshore!",$D28,":", $D28)), offshore!$4:$4, K$4) -> 0 | L28: =SUMIFS( INDIRECT(CONCATENATE("'wind'!", $C28, ":", $C28)), wind!$6:$6, L$4) - SUMIFS( INDIRECT(CONCATENATE("offshore!",$D28,":", $D28)), offshore!$4:$4, L$4) -> 10 | M28: =SUMIFS( INDIRECT(CONCATENATE("'wind'!", $C28, ":", $C28)), wind!$6:$6, M$4) - SUMIFS( INDIRECT(CONCATENATE("offshore!",$D28,":", $D28)), offshore!$4:$4, M$4) -> 10 | ... AF28: =SUMIFS( INDIRECT(CONCATENATE("'wind'!", $C28, ":", $C28)), wind!$6:$6, AF$4) - SUMIFS( INDIRECT(CONCATENATE("offshore!",$D28,":", $D28)), offshore!$4:$4, AF$4) -> 706 | AG28: =MAX(AVERAGE(TREND($W28:$AF28,$W$4:$AF$4,AG$4), TREND($AB28:$AF28,$AB$4:$AF$4,AG$4)) * AJ28, AF28* 1.03) -> 727.18 | AH28: =AVERAGE(TREND($W28:$AG28,$W$4:$AG$4,AH$4), TREND($AB28:$AG28,$AB$4:$AG$4,AH$4)) * AK28 -> 737.77524 | AJ28: 1 | AK28: 1
C29: =MATCH($E29, wind!$C:$C, 0) -> 31 | D29: =IFERROR(MATCH($E29, offshore!$D:$D, 0), 1) -> 1 | E29: RS | F29: =SUMIFS( INDIRECT(CONCATENATE("'wind'!", $C29, ":", $C29)), wind!$6:$6, F$4) - SUMIFS( INDIRECT(CONCATENATE("offshore!",$D29,":", $D29)), offshore!$4:$4, F$4) -> 0 | G29: =SUMIFS( INDIRECT(CONCATENATE("'wind'!", $C29, ":", $C29)), wind!$6:$6, G$4) - SUMIFS( INDIRECT(CONCATENATE("offshore!",$D29,":", $D29)), offshore!$4:$4, G$4) -> 0 | H29: =SUMIFS( INDIRECT(CONCATENATE("'wind'!", $C29, ":", $C29)), wind!$6:$6, H$4) - SUMIFS( INDIRECT(CONCATENATE("offshore!",$D29,":", $D29)), offshore!$4:$4, H$4) -> 0 | I29: =SUMIFS( INDIRECT(CONCATENATE("'wind'!", $C29, ":", $C29)), wind!$6:$6, I$4) - SUMIFS( INDIRECT(CONCATENATE("offshore!",$D29,":", $D29)), offshore!$4:$4, I$4) -> 0 | J29: =SUMIFS( INDIRECT(CONCATENATE("'wind'!", $C29, ":", $C29)), wind!$6:$6, J$4) - SUMIFS( INDIRECT(CONCATENATE("offshore!",$D29,":", $D29)), offshore!$4:$4, J$4) -> 0 | K29: =SUMIFS( INDIRECT(CONCATENATE("'wind'!", $C29, ":", $C29)), wind!$6:$6, K$4) - SUMIFS( INDIRECT(CONCATENATE("offshore!",$D29,":", $D29)), offshore!$4:$4, K$4) -> 0 | L29: =SUMIFS( INDIRECT(CONCATENATE("'wind'!", $C29, ":", $C29)), wind!$6:$6, L$4) - SUMIFS( INDIRECT(CONCATENATE("offshore!",$D29,":", $D29)), offshore!$4:$4, L$4) -> 0 | M29: =SUMIFS( INDIRECT(CONCATENATE("'wind'!", $C29, ":", $C29)), wind!$6:$6, M$4) - SUMIFS( INDIRECT(CONCATENATE("offshore!",$D29,":", $D29)), offshore!$4:$4, M$4) -> 0 | ... AF29: =SUMIFS( INDIRECT(CONCATENATE("'wind'!", $C29, ":", $C29)), wind!$6:$6, AF$4) - SUMIFS( INDIRECT(CONCATENATE("offshore!",$D29,":", $D29)), offshore!$4:$4, AF$4) -> 623 | AG29: =MAX(AVERAGE(TREND($W29:$AF29,$W$4:$AF$4,AG$4), TREND($AB29:$AF29,$AB$4:$AF$4,AG$4)) * AJ29, AF29* 1.03) -> 654.43333 | AH29: =AVERAGE(TREND($W29:$AG29,$W$4:$AG$4,AH$4), TREND($AB29:$AG29,$AB$4:$AG$4,AH$4)) * AK29 -> 982.83665 | AJ29: 1 | AK29: 1
C30: =MATCH($E30, wind!$C:$C, 0) -> 32 | D30: =IFERROR(MATCH($E30, offshore!$D:$D, 0), 1) -> 1 | E30: CZ | F30: =SUMIFS( INDIRECT(CONCATENATE("'wind'!", $C30, ":", $C30)), wind!$6:$6, F$4) - SUMIFS( INDIRECT(CONCATENATE("offshore!",$D30,":", $D30)), offshore!$4:$4, F$4) -> 0 | G30: =SUMIFS( INDIRECT(CONCATENATE("'wind'!", $C30, ":", $C30)), wind!$6:$6, G$4) - SUMIFS( INDIRECT(CONCATENATE("offshore!",$D30,":", $D30)), offshore!$4:$4, G$4) -> 0 | H30: =SUMIFS( INDIRECT(CONCATENATE("'wind'!", $C30, ":", $C30)), wind!$6:$6, H$4) - SUMIFS( INDIRECT(CONCATENATE("offshore!",$D30,":", $D30)), offshore!$4:$4, H$4) -> 0 | I30: =SUMIFS( INDIRECT(CONCATENATE("'wind'!", $C30, ":", $C30)), wind!$6:$6, I$4) - SUMIFS( INDIRECT(CONCATENATE("offshore!",$D30,":", $D30)), offshore!$4:$4, I$4) -> 0 | J30: =SUMIFS( INDIRECT(CONCATENATE("'wind'!", $C30, ":", $C30)), wind!$6:$6, J$4) - SUMIFS( INDIRECT(CONCATENATE("offshore!",$D30,":", $D30)), offshore!$4:$4, J$4) -> 3 | K30: =SUMIFS( INDIRECT(CONCATENATE("'wind'!", $C30, ":", $C30)), wind!$6:$6, K$4) - SUMIFS( INDIRECT(CONCATENATE("offshore!",$D30,":", $D30)), offshore!$4:$4, K$4) -> 9 | L30: =SUMIFS( INDIRECT(CONCATENATE("'wind'!", $C30, ":", $C30)), wind!$6:$6, L$4) - SUMIFS( INDIRECT(CONCATENATE("offshore!",$D30,":", $D30)), offshore!$4:$4, L$4) -> 17 | M30: =SUMIFS( INDIRECT(CONCATENATE("'wind'!", $C30, ":", $C30)), wind!$6:$6, M$4) - SUMIFS( INDIRECT(CONCATENATE("offshore!",$D30,":", $D30)), offshore!$4:$4, M$4) -> 28 | ... AF30: =SUMIFS( INDIRECT(CONCATENATE("'wind'!", $C30, ":", $C30)), wind!$6:$6, AF$4) - SUMIFS( INDIRECT(CONCATENATE("offshore!",$D30,":", $D30)), offshore!$4:$4, AF$4) -> 371 | AG30: =MAX(AVERAGE(TREND($W30:$AF30,$W$4:$AF$4,AG$4), TREND($AB30:$AF30,$AB$4:$AF$4,AG$4)) * AJ30, AF30* 1.03) -> 382.13 | AH30: =AVERAGE(TREND($W30:$AG30,$W$4:$AG$4,AH$4), TREND($AB30:$AG30,$AB$4:$AG$4,AH$4)) * AK30 -> 420.09861 | AJ30: 1 | AK30: 1
C31: =MATCH($E31, wind!$C:$C, 0) -> 33 | D31: =IFERROR(MATCH($E31, offshore!$D:$D, 0), 1) -> 1 | E31: HU | F31: =SUMIFS( INDIRECT(CONCATENATE("'wind'!", $C31, ":", $C31)), wind!$6:$6, F$4) - SUMIFS( INDIRECT(CONCATENATE("offshore!",$D31,":", $D31)), offshore!$4:$4, F$4) -> 0 | G31: =SUMIFS( INDIRECT(CONCATENATE("'wind'!", $C31, ":", $C31)), wind!$6:$6, G$4) - SUMIFS( INDIRECT(CONCATENATE("offshore!",$D31,":", $D31)), offshore!$4:$4, G$4) -> 0 | H31: =SUMIFS( INDIRECT(CONCATENATE("'wind'!", $C31, ":", $C31)), wind!$6:$6, H$4) - SUMIFS( INDIRECT(CONCATENATE("offshore!",$D31,":", $D31)), offshore!$4:$4, H$4) -> 0 | I31: =SUMIFS( INDIRECT(CONCATENATE("'wind'!", $C31, ":", $C31)), wind!$6:$6, I$4) - SUMIFS( INDIRECT(CONCATENATE("offshore!",$D31,":", $D31)), offshore!$4:$4, I$4) -> 0 | J31: =SUMIFS( INDIRECT(CONCATENATE("'wind'!", $C31, ":", $C31)), wind!$6:$6, J$4) - SUMIFS( INDIRECT(CONCATENATE("offshore!",$D31,":", $D31)), offshore!$4:$4, J$4) -> 3 | K31: =SUMIFS( INDIRECT(CONCATENATE("'wind'!", $C31, ":", $C31)), wind!$6:$6, K$4) - SUMIFS( INDIRECT(CONCATENATE("offshore!",$D31,":", $D31)), offshore!$4:$4, K$4) -> 3 | L31: =SUMIFS( INDIRECT(CONCATENATE("'wind'!", $C31, ":", $C31)), wind!$6:$6, L$4) - SUMIFS( INDIRECT(CONCATENATE("offshore!",$D31,":", $D31)), offshore!$4:$4, L$4) -> 3 | M31: =SUMIFS( INDIRECT(CONCATENATE("'wind'!", $C31, ":", $C31)), wind!$6:$6, M$4) - SUMIFS( INDIRECT(CONCATENATE("offshore!",$D31,":", $D31)), offshore!$4:$4, M$4) -> 17 | ... AF31: =SUMIFS( INDIRECT(CONCATENATE("'wind'!", $C31, ":", $C31)), wind!$6:$6, AF$4) - SUMIFS( INDIRECT(CONCATENATE("offshore!",$D31,":", $D31)), offshore!$4:$4, AF$4) -> 329 | AG31: =MAX(AVERAGE(TREND($W31:$AF31,$W$4:$AF$4,AG$4), TREND($AB31:$AF31,$AB$4:$AF$4,AG$4)) * AJ31, AF31* 1.03) -> 338.87 | AH31: =AVERAGE(TREND($W31:$AG31,$W$4:$AG$4,AH$4), TREND($AB31:$AG31,$AB$4:$AG$4,AH$4)) * AK31 -> 337.80182 | AJ31: 1 | AK31: 1
C32: =MATCH($E32, wind!$C:$C, 0) -> 34 | D32: =IFERROR(MATCH($E32, offshore!$D:$D, 0), 1) -> 1 | E32: BA | F32: =SUMIFS( INDIRECT(CONCATENATE("'wind'!", $C32, ":", $C32)), wind!$6:$6, F$4) - SUMIFS( INDIRECT(CONCATENATE("offshore!",$D32,":", $D32)), offshore!$4:$4, F$4) -> 0 | G32: =SUMIFS( INDIRECT(CONCATENATE("'wind'!", $C32, ":", $C32)), wind!$6:$6, G$4) - SUMIFS( INDIRECT(CONCATENATE("offshore!",$D32,":", $D32)), offshore!$4:$4, G$4) -> 0 | H32: =SUMIFS( INDIRECT(CONCATENATE("'wind'!", $C32, ":", $C32)), wind!$6:$6, H$4) - SUMIFS( INDIRECT(CONCATENATE("offshore!",$D32,":", $D32)), offshore!$4:$4, H$4) -> 0 | I32: =SUMIFS( INDIRECT(CONCATENATE("'wind'!", $C32, ":", $C32)), wind!$6:$6, I$4) - SUMIFS( INDIRECT(CONCATENATE("offshore!",$D32,":", $D32)), offshore!$4:$4, I$4) -> 0 | J32: =SUMIFS( INDIRECT(CONCATENATE("'wind'!", $C32, ":", $C32)), wind!$6:$6, J$4) - SUMIFS( INDIRECT(CONCATENATE("offshore!",$D32,":", $D32)), offshore!$4:$4, J$4) -> 0 | K32: =SUMIFS( INDIRECT(CONCATENATE("'wind'!", $C32, ":", $C32)), wind!$6:$6, K$4) - SUMIFS( INDIRECT(CONCATENATE("offshore!",$D32,":", $D32)), offshore!$4:$4, K$4) -> 0 | L32: =SUMIFS( INDIRECT(CONCATENATE("'wind'!", $C32, ":", $C32)), wind!$6:$6, L$4) - SUMIFS( INDIRECT(CONCATENATE("offshore!",$D32,":", $D32)), offshore!$4:$4, L$4) -> 0 | M32: =SUMIFS( INDIRECT(CONCATENATE("'wind'!", $C32, ":", $C32)), wind!$6:$6, M$4) - SUMIFS( INDIRECT(CONCATENATE("offshore!",$D32,":", $D32)), offshore!$4:$4, M$4) -> 0 | ... AF32: =SUMIFS( INDIRECT(CONCATENATE("'wind'!", $C32, ":", $C32)), wind!$6:$6, AF$4) - SUMIFS( INDIRECT(CONCATENATE("offshore!",$D32,":", $D32)), offshore!$4:$4, AF$4) -> 244 | AG32: =MAX(AVERAGE(TREND($W32:$AF32,$W$4:$AF$4,AG$4), TREND($AB32:$AF32,$AB$4:$AF$4,AG$4)) * AJ32, AF32* 1.03) -> 251.32 | AH32: =AVERAGE(TREND($W32:$AG32,$W$4:$AG$4,AH$4), TREND($AB32:$AG32,$AB$4:$AG$4,AH$4)) * AK32 -> 366.66848 | AJ32: 1 | AK32: 1
C33: =MATCH($E33, wind!$C:$C, 0) -> 35 | D33: =IFERROR(MATCH($E33, offshore!$D:$D, 0), 1) -> 1 | E33: LU | F33: =SUMIFS( INDIRECT(CONCATENATE("'wind'!", $C33, ":", $C33)), wind!$6:$6, F$4) - SUMIFS( INDIRECT(CONCATENATE("offshore!",$D33,":", $D33)), offshore!$4:$4, F$4) -> 9 | G33: =SUMIFS( INDIRECT(CONCATENATE("'wind'!", $C33, ":", $C33)), wind!$6:$6, G$4) - SUMIFS( INDIRECT(CONCATENATE("offshore!",$D33,":", $D33)), offshore!$4:$4, G$4) -> 10 | H33: =SUMIFS( INDIRECT(CONCATENATE("'wind'!", $C33, ":", $C33)), wind!$6:$6, H$4) - SUMIFS( INDIRECT(CONCATENATE("offshore!",$D33,":", $D33)), offshore!$4:$4, H$4) -> 10 | I33: =SUMIFS( INDIRECT(CONCATENATE("'wind'!", $C33, ":", $C33)), wind!$6:$6, I$4) - SUMIFS( INDIRECT(CONCATENATE("offshore!",$D33,":", $D33)), offshore!$4:$4, I$4) -> 15 | J33: =SUMIFS( INDIRECT(CONCATENATE("'wind'!", $C33, ":", $C33)), wind!$6:$6, J$4) - SUMIFS( INDIRECT(CONCATENATE("offshore!",$D33,":", $D33)), offshore!$4:$4, J$4) -> 17 | K33: =SUMIFS( INDIRECT(CONCATENATE("'wind'!", $C33, ":", $C33)), wind!$6:$6, K$4) - SUMIFS( INDIRECT(CONCATENATE("offshore!",$D33,":", $D33)), offshore!$4:$4, K$4) -> 22 | L33: =SUMIFS( INDIRECT(CONCATENATE("'wind'!", $C33, ":", $C33)), wind!$6:$6, L$4) - SUMIFS( INDIRECT(CONCATENATE("offshore!",$D33,":", $D33)), offshore!$4:$4, L$4) -> 35 | M33: =SUMIFS( INDIRECT(CONCATENATE("'wind'!", $C33, ":", $C33)), wind!$6:$6, M$4) - SUMIFS( INDIRECT(CONCATENATE("offshore!",$D33,":", $D33)), offshore!$4:$4, M$4) -> 35 | ... AF33: =SUMIFS( INDIRECT(CONCATENATE("'wind'!", $C33, ":", $C33)), wind!$6:$6, AF$4) - SUMIFS( INDIRECT(CONCATENATE("offshore!",$D33,":", $D33)), offshore!$4:$4, AF$4) -> 214 | AG33: =MAX(AVERAGE(TREND($W33:$AF33,$W$4:$AF$4,AG$4), TREND($AB33:$AF33,$AB$4:$AF$4,AG$4)) * AJ33, AF33* 1.03) -> 228.13333 | AH33: =AVERAGE(TREND($W33:$AG33,$W$4:$AG$4,AH$4), TREND($AB33:$AG33,$AB$4:$AG$4,AH$4)) * AK33 -> 301.99769 | AJ33: 1 | AK33: 1
C34: =MATCH($E34, wind!$C:$C, 0) -> 36 | D34: =IFERROR(MATCH($E34, offshore!$D:$D, 0), 1) -> 1 | E34: CY | F34: =SUMIFS( INDIRECT(CONCATENATE("'wind'!", $C34, ":", $C34)), wind!$6:$6, F$4) - SUMIFS( INDIRECT(CONCATENATE("offshore!",$D34,":", $D34)), offshore!$4:$4, F$4) -> 0 | G34: =SUMIFS( INDIRECT(CONCATENATE("'wind'!", $C34, ":", $C34)), wind!$6:$6, G$4) - SUMIFS( INDIRECT(CONCATENATE("offshore!",$D34,":", $D34)), offshore!$4:$4, G$4) -> 0 | H34: =SUMIFS( INDIRECT(CONCATENATE("'wind'!", $C34, ":", $C34)), wind!$6:$6, H$4) - SUMIFS( INDIRECT(CONCATENATE("offshore!",$D34,":", $D34)), offshore!$4:$4, H$4) -> 0 | I34: =SUMIFS( INDIRECT(CONCATENATE("'wind'!", $C34, ":", $C34)), wind!$6:$6, I$4) - SUMIFS( INDIRECT(CONCATENATE("offshore!",$D34,":", $D34)), offshore!$4:$4, I$4) -> 0 | J34: =SUMIFS( INDIRECT(CONCATENATE("'wind'!", $C34, ":", $C34)), wind!$6:$6, J$4) - SUMIFS( INDIRECT(CONCATENATE("offshore!",$D34,":", $D34)), offshore!$4:$4, J$4) -> 0 | K34: =SUMIFS( INDIRECT(CONCATENATE("'wind'!", $C34, ":", $C34)), wind!$6:$6, K$4) - SUMIFS( INDIRECT(CONCATENATE("offshore!",$D34,":", $D34)), offshore!$4:$4, K$4) -> 0 | L34: =SUMIFS( INDIRECT(CONCATENATE("'wind'!", $C34, ":", $C34)), wind!$6:$6, L$4) - SUMIFS( INDIRECT(CONCATENATE("offshore!",$D34,":", $D34)), offshore!$4:$4, L$4) -> 0 | M34: =SUMIFS( INDIRECT(CONCATENATE("'wind'!", $C34, ":", $C34)), wind!$6:$6, M$4) - SUMIFS( INDIRECT(CONCATENATE("offshore!",$D34,":", $D34)), offshore!$4:$4, M$4) -> 0 | ... AF34: =SUMIFS( INDIRECT(CONCATENATE("'wind'!", $C34, ":", $C34)), wind!$6:$6, AF$4) - SUMIFS( INDIRECT(CONCATENATE("offshore!",$D34,":", $D34)), offshore!$4:$4, AF$4) -> 158 | AG34: =MAX(AVERAGE(TREND($W34:$AF34,$W$4:$AF$4,AG$4), TREND($AB34:$AF34,$AB$4:$AF$4,AG$4)) * AJ34, AF34* 1.03) -> 162.74 | AH34: =AVERAGE(TREND($W34:$AG34,$W$4:$AG$4,AH$4), TREND($AB34:$AG34,$AB$4:$AG$4,AH$4)) * AK34 -> 162.22701 | AJ34: 1 | AK34: 1
C35: =MATCH($E35, wind!$C:$C, 0) -> 37 | D35: =IFERROR(MATCH($E35, offshore!$D:$D, 0), 1) -> 1 | E35: XK | F35: =SUMIFS( INDIRECT(CONCATENATE("'wind'!", $C35, ":", $C35)), wind!$6:$6, F$4) - SUMIFS( INDIRECT(CONCATENATE("offshore!",$D35,":", $D35)), offshore!$4:$4, F$4) -> 0 | G35: =SUMIFS( INDIRECT(CONCATENATE("'wind'!", $C35, ":", $C35)), wind!$6:$6, G$4) - SUMIFS( INDIRECT(CONCATENATE("offshore!",$D35,":", $D35)), offshore!$4:$4, G$4) -> 0 | H35: =SUMIFS( INDIRECT(CONCATENATE("'wind'!", $C35, ":", $C35)), wind!$6:$6, H$4) - SUMIFS( INDIRECT(CONCATENATE("offshore!",$D35,":", $D35)), offshore!$4:$4, H$4) -> 0 | I35: =SUMIFS( INDIRECT(CONCATENATE("'wind'!", $C35, ":", $C35)), wind!$6:$6, I$4) - SUMIFS( INDIRECT(CONCATENATE("offshore!",$D35,":", $D35)), offshore!$4:$4, I$4) -> 0 | J35: =SUMIFS( INDIRECT(CONCATENATE("'wind'!", $C35, ":", $C35)), wind!$6:$6, J$4) - SUMIFS( INDIRECT(CONCATENATE("offshore!",$D35,":", $D35)), offshore!$4:$4, J$4) -> 0 | K35: =SUMIFS( INDIRECT(CONCATENATE("'wind'!", $C35, ":", $C35)), wind!$6:$6, K$4) - SUMIFS( INDIRECT(CONCATENATE("offshore!",$D35,":", $D35)), offshore!$4:$4, K$4) -> 0 | L35: =SUMIFS( INDIRECT(CONCATENATE("'wind'!", $C35, ":", $C35)), wind!$6:$6, L$4) - SUMIFS( INDIRECT(CONCATENATE("offshore!",$D35,":", $D35)), offshore!$4:$4, L$4) -> 0 | M35: =SUMIFS( INDIRECT(CONCATENATE("'wind'!", $C35, ":", $C35)), wind!$6:$6, M$4) - SUMIFS( INDIRECT(CONCATENATE("offshore!",$D35,":", $D35)), offshore!$4:$4, M$4) -> 0 | ... AF35: =SUMIFS( INDIRECT(CONCATENATE("'wind'!", $C35, ":", $C35)), wind!$6:$6, AF$4) - SUMIFS( INDIRECT(CONCATENATE("offshore!",$D35,":", $D35)), offshore!$4:$4, AF$4) -> 137 | AG35: =MAX(AVERAGE(TREND($W35:$AF35,$W$4:$AF$4,AG$4), TREND($AB35:$AF35,$AB$4:$AF$4,AG$4)) * AJ35, AF35* 1.03) -> 174.9 | AH35: =AVERAGE(TREND($W35:$AG35,$W$4:$AG$4,AH$4), TREND($AB35:$AG35,$AB$4:$AG$4,AH$4)) * AK35 -> 274.34372 | AJ35: 1 | AK35: 1
B36: =E36&"00" -> LV00 | C36: =MATCH($E36, wind!$C:$C, 0) -> 38 | D36: =IFERROR(MATCH($E36, offshore!$D:$D, 0), 1) -> 1 | E36: LV | F36: =SUMIFS( INDIRECT(CONCATENATE("'wind'!", $C36, ":", $C36)), wind!$6:$6, F$4) - SUMIFS( INDIRECT(CONCATENATE("offshore!",$D36,":", $D36)), offshore!$4:$4, F$4) -> 0 | G36: =SUMIFS( INDIRECT(CONCATENATE("'wind'!", $C36, ":", $C36)), wind!$6:$6, G$4) - SUMIFS( INDIRECT(CONCATENATE("offshore!",$D36,":", $D36)), offshore!$4:$4, G$4) -> 0 | H36: =SUMIFS( INDIRECT(CONCATENATE("'wind'!", $C36, ":", $C36)), wind!$6:$6, H$4) - SUMIFS( INDIRECT(CONCATENATE("offshore!",$D36,":", $D36)), offshore!$4:$4, H$4) -> 0 | I36: =SUMIFS( INDIRECT(CONCATENATE("'wind'!", $C36, ":", $C36)), wind!$6:$6, I$4) - SUMIFS( INDIRECT(CONCATENATE("offshore!",$D36,":", $D36)), offshore!$4:$4, I$4) -> 0 | J36: =SUMIFS( INDIRECT(CONCATENATE("'wind'!", $C36, ":", $C36)), wind!$6:$6, J$4) - SUMIFS( INDIRECT(CONCATENATE("offshore!",$D36,":", $D36)), offshore!$4:$4, J$4) -> 24 | K36: =SUMIFS( INDIRECT(CONCATENATE("'wind'!", $C36, ":", $C36)), wind!$6:$6, K$4) - SUMIFS( INDIRECT(CONCATENATE("offshore!",$D36,":", $D36)), offshore!$4:$4, K$4) -> 27 | L36: =SUMIFS( INDIRECT(CONCATENATE("'wind'!", $C36, ":", $C36)), wind!$6:$6, L$4) - SUMIFS( INDIRECT(CONCATENATE("offshore!",$D36,":", $D36)), offshore!$4:$4, L$4) -> 27 | M36: =SUMIFS( INDIRECT(CONCATENATE("'wind'!", $C36, ":", $C36)), wind!$6:$6, M$4) - SUMIFS( INDIRECT(CONCATENATE("offshore!",$D36,":", $D36)), offshore!$4:$4, M$4) -> 27 | ... AF36: =SUMIFS( INDIRECT(CONCATENATE("'wind'!", $C36, ":", $C36)), wind!$6:$6, AF$4) - SUMIFS( INDIRECT(CONCATENATE("offshore!",$D36,":", $D36)), offshore!$4:$4, AF$4) -> 137 | AG36: =MAX(AVERAGE(TREND($W36:$AF36,$W$4:$AF$4,AG$4), TREND($AB36:$AF36,$AB$4:$AF$4,AG$4)) * AJ36, AF36* 1.03) -> 154.18333 | AH36: =AVERAGE(TREND($W36:$AG36,$W$4:$AG$4,AH$4), TREND($AB36:$AG36,$AB$4:$AG$4,AH$4)) * AK36 -> 222.84747 | AJ36: 1 | AK36: 1
C37: =MATCH($E37, wind!$C:$C, 0) -> 39 | D37: =IFERROR(MATCH($E37, offshore!$D:$D, 0), 1) -> 1 | E37: ME | F37: =SUMIFS( INDIRECT(CONCATENATE("'wind'!", $C37, ":", $C37)), wind!$6:$6, F$4) - SUMIFS( INDIRECT(CONCATENATE("offshore!",$D37,":", $D37)), offshore!$4:$4, F$4) -> 0 | G37: =SUMIFS( INDIRECT(CONCATENATE("'wind'!", $C37, ":", $C37)), wind!$6:$6, G$4) - SUMIFS( INDIRECT(CONCATENATE("offshore!",$D37,":", $D37)), offshore!$4:$4, G$4) -> 0 | H37: =SUMIFS( INDIRECT(CONCATENATE("'wind'!", $C37, ":", $C37)), wind!$6:$6, H$4) - SUMIFS( INDIRECT(CONCATENATE("offshore!",$D37,":", $D37)), offshore!$4:$4, H$4) -> 0 | I37: =SUMIFS( INDIRECT(CONCATENATE("'wind'!", $C37, ":", $C37)), wind!$6:$6, I$4) - SUMIFS( INDIRECT(CONCATENATE("offshore!",$D37,":", $D37)), offshore!$4:$4, I$4) -> 0 | J37: =SUMIFS( INDIRECT(CONCATENATE("'wind'!", $C37, ":", $C37)), wind!$6:$6, J$4) - SUMIFS( INDIRECT(CONCATENATE("offshore!",$D37,":", $D37)), offshore!$4:$4, J$4) -> 0 | K37: =SUMIFS( INDIRECT(CONCATENATE("'wind'!", $C37, ":", $C37)), wind!$6:$6, K$4) - SUMIFS( INDIRECT(CONCATENATE("offshore!",$D37,":", $D37)), offshore!$4:$4, K$4) -> 0 | L37: =SUMIFS( INDIRECT(CONCATENATE("'wind'!", $C37, ":", $C37)), wind!$6:$6, L$4) - SUMIFS( INDIRECT(CONCATENATE("offshore!",$D37,":", $D37)), offshore!$4:$4, L$4) -> 0 | M37: =SUMIFS( INDIRECT(CONCATENATE("'wind'!", $C37, ":", $C37)), wind!$6:$6, M$4) - SUMIFS( INDIRECT(CONCATENATE("offshore!",$D37,":", $D37)), offshore!$4:$4, M$4) -> 0 | ... AF37: =SUMIFS( INDIRECT(CONCATENATE("'wind'!", $C37, ":", $C37)), wind!$6:$6, AF$4) - SUMIFS( INDIRECT(CONCATENATE("offshore!",$D37,":", $D37)), offshore!$4:$4, AF$4) -> 118 | AG37: =MAX(AVERAGE(TREND($W37:$AF37,$W$4:$AF$4,AG$4), TREND($AB37:$AF37,$AB$4:$AF$4,AG$4)) * AJ37, AF37* 1.03) -> 141.6 | AH37: =AVERAGE(TREND($W37:$AG37,$W$4:$AG$4,AH$4), TREND($AB37:$AG37,$AB$4:$AG$4,AH$4)) * AK37 -> 187.31861 | AJ37: 1 | AK37: 1
B38: =E38&"00" -> CH00 | C38: =MATCH($E38, wind!$C:$C, 0) -> 40 | D38: =IFERROR(MATCH($E38, offshore!$D:$D, 0), 1) -> 1 | E38: CH | F38: =SUMIFS( INDIRECT(CONCATENATE("'wind'!", $C38, ":", $C38)), wind!$6:$6, F$4) - SUMIFS( INDIRECT(CONCATENATE("offshore!",$D38,":", $D38)), offshore!$4:$4, F$4) -> 0 | G38: =SUMIFS( INDIRECT(CONCATENATE("'wind'!", $C38, ":", $C38)), wind!$6:$6, G$4) - SUMIFS( INDIRECT(CONCATENATE("offshore!",$D38,":", $D38)), offshore!$4:$4, G$4) -> 0 | H38: =SUMIFS( INDIRECT(CONCATENATE("'wind'!", $C38, ":", $C38)), wind!$6:$6, H$4) - SUMIFS( INDIRECT(CONCATENATE("offshore!",$D38,":", $D38)), offshore!$4:$4, H$4) -> 0 | I38: =SUMIFS( INDIRECT(CONCATENATE("'wind'!", $C38, ":", $C38)), wind!$6:$6, I$4) - SUMIFS( INDIRECT(CONCATENATE("offshore!",$D38,":", $D38)), offshore!$4:$4, I$4) -> 0 | J38: =SUMIFS( INDIRECT(CONCATENATE("'wind'!", $C38, ":", $C38)), wind!$6:$6, J$4) - SUMIFS( INDIRECT(CONCATENATE("offshore!",$D38,":", $D38)), offshore!$4:$4, J$4) -> 0 | K38: =SUMIFS( INDIRECT(CONCATENATE("'wind'!", $C38, ":", $C38)), wind!$6:$6, K$4) - SUMIFS( INDIRECT(CONCATENATE("offshore!",$D38,":", $D38)), offshore!$4:$4, K$4) -> 0 | L38: =SUMIFS( INDIRECT(CONCATENATE("'wind'!", $C38, ":", $C38)), wind!$6:$6, L$4) - SUMIFS( INDIRECT(CONCATENATE("offshore!",$D38,":", $D38)), offshore!$4:$4, L$4) -> 0 | M38: =SUMIFS( INDIRECT(CONCATENATE("'wind'!", $C38, ":", $C38)), wind!$6:$6, M$4) - SUMIFS( INDIRECT(CONCATENATE("offshore!",$D38,":", $D38)), offshore!$4:$4, M$4) -> 12 | ... AF38: =SUMIFS( INDIRECT(CONCATENATE("'wind'!", $C38, ":", $C38)), wind!$6:$6, AF$4) - SUMIFS( INDIRECT(CONCATENATE("offshore!",$D38,":", $D38)), offshore!$4:$4, AF$4) -> 100 | AG38: =MAX(AVERAGE(TREND($W38:$AF38,$W$4:$AF$4,AG$4), TREND($AB38:$AF38,$AB$4:$AF$4,AG$4)) * AJ38, AF38* 1.03) -> 104.13333 | AH38: =AVERAGE(TREND($W38:$AG38,$W$4:$AG$4,AH$4), TREND($AB38:$AG38,$AB$4:$AG$4,AH$4)) * AK38 -> 123.88947 | AJ38: 1 | AK38: 1
C39: =MATCH($E39, wind!$C:$C, 0) -> 41 | D39: =IFERROR(MATCH($E39, offshore!$D:$D, 0), 1) -> 1 | E39: MK | F39: =SUMIFS( INDIRECT(CONCATENATE("'wind'!", $C39, ":", $C39)), wind!$6:$6, F$4) - SUMIFS( INDIRECT(CONCATENATE("offshore!",$D39,":", $D39)), offshore!$4:$4, F$4) -> 0 | G39: =SUMIFS( INDIRECT(CONCATENATE("'wind'!", $C39, ":", $C39)), wind!$6:$6, G$4) - SUMIFS( INDIRECT(CONCATENATE("offshore!",$D39,":", $D39)), offshore!$4:$4, G$4) -> 0 | H39: =SUMIFS( INDIRECT(CONCATENATE("'wind'!", $C39, ":", $C39)), wind!$6:$6, H$4) - SUMIFS( INDIRECT(CONCATENATE("offshore!",$D39,":", $D39)), offshore!$4:$4, H$4) -> 0 | I39: =SUMIFS( INDIRECT(CONCATENATE("'wind'!", $C39, ":", $C39)), wind!$6:$6, I$4) - SUMIFS( INDIRECT(CONCATENATE("offshore!",$D39,":", $D39)), offshore!$4:$4, I$4) -> 0 | J39: =SUMIFS( INDIRECT(CONCATENATE("'wind'!", $C39, ":", $C39)), wind!$6:$6, J$4) - SUMIFS( INDIRECT(CONCATENATE("offshore!",$D39,":", $D39)), offshore!$4:$4, J$4) -> 0 | K39: =SUMIFS( INDIRECT(CONCATENATE("'wind'!", $C39, ":", $C39)), wind!$6:$6, K$4) - SUMIFS( INDIRECT(CONCATENATE("offshore!",$D39,":", $D39)), offshore!$4:$4, K$4) -> 0 | L39: =SUMIFS( INDIRECT(CONCATENATE("'wind'!", $C39, ":", $C39)), wind!$6:$6, L$4) - SUMIFS( INDIRECT(CONCATENATE("offshore!",$D39,":", $D39)), offshore!$4:$4, L$4) -> 0 | M39: =SUMIFS( INDIRECT(CONCATENATE("'wind'!", $C39, ":", $C39)), wind!$6:$6, M$4) - SUMIFS( INDIRECT(CONCATENATE("offshore!",$D39,":", $D39)), offshore!$4:$4, M$4) -> 0 | ... AF39: =SUMIFS( INDIRECT(CONCATENATE("'wind'!", $C39, ":", $C39)), wind!$6:$6, AF$4) - SUMIFS( INDIRECT(CONCATENATE("offshore!",$D39,":", $D39)), offshore!$4:$4, AF$4) -> 73 | AG39: =MAX(AVERAGE(TREND($W39:$AF39,$W$4:$AF$4,AG$4), TREND($AB39:$AF39,$AB$4:$AF$4,AG$4)) * AJ39, AF39* 1.03) -> 75.19 | AH39: =AVERAGE(TREND($W39:$AG39,$W$4:$AG$4,AH$4), TREND($AB39:$AG39,$AB$4:$AG$4,AH$4)) * AK39 -> 107.21273 | AJ39: 1 | AK39: 1
C40: =MATCH($E40, wind!$C:$C, 0) -> 42 | D40: =IFERROR(MATCH($E40, offshore!$D:$D, 0), 1) -> 1 | E40: FO | F40: =SUMIFS( INDIRECT(CONCATENATE("'wind'!", $C40, ":", $C40)), wind!$6:$6, F$4) - SUMIFS( INDIRECT(CONCATENATE("offshore!",$D40,":", $D40)), offshore!$4:$4, F$4) -> 0 | G40: =SUMIFS( INDIRECT(CONCATENATE("'wind'!", $C40, ":", $C40)), wind!$6:$6, G$4) - SUMIFS( INDIRECT(CONCATENATE("offshore!",$D40,":", $D40)), offshore!$4:$4, G$4) -> 0 | H40: =SUMIFS( INDIRECT(CONCATENATE("'wind'!", $C40, ":", $C40)), wind!$6:$6, H$4) - SUMIFS( INDIRECT(CONCATENATE("offshore!",$D40,":", $D40)), offshore!$4:$4, H$4) -> 0 | I40: =SUMIFS( INDIRECT(CONCATENATE("'wind'!", $C40, ":", $C40)), wind!$6:$6, I$4) - SUMIFS( INDIRECT(CONCATENATE("offshore!",$D40,":", $D40)), offshore!$4:$4, I$4) -> 0 | J40: =SUMIFS( INDIRECT(CONCATENATE("'wind'!", $C40, ":", $C40)), wind!$6:$6, J$4) - SUMIFS( INDIRECT(CONCATENATE("offshore!",$D40,":", $D40)), offshore!$4:$4, J$4) -> 0 | K40: =SUMIFS( INDIRECT(CONCATENATE("'wind'!", $C40, ":", $C40)), wind!$6:$6, K$4) - SUMIFS( INDIRECT(CONCATENATE("offshore!",$D40,":", $D40)), offshore!$4:$4, K$4) -> 0 | L40: =SUMIFS( INDIRECT(CONCATENATE("'wind'!", $C40, ":", $C40)), wind!$6:$6, L$4) - SUMIFS( INDIRECT(CONCATENATE("offshore!",$D40,":", $D40)), offshore!$4:$4, L$4) -> 0 | M40: =SUMIFS( INDIRECT(CONCATENATE("'wind'!", $C40, ":", $C40)), wind!$6:$6, M$4) - SUMIFS( INDIRECT(CONCATENATE("offshore!",$D40,":", $D40)), offshore!$4:$4, M$4) -> 0 | ... AF40: =SUMIFS( INDIRECT(CONCATENATE("'wind'!", $C40, ":", $C40)), wind!$6:$6, AF$4) - SUMIFS( INDIRECT(CONCATENATE("offshore!",$D40,":", $D40)), offshore!$4:$4, AF$4) -> 71 | AG40: =MAX(AVERAGE(TREND($W40:$AF40,$W$4:$AF$4,AG$4), TREND($AB40:$AF40,$AB$4:$AF$4,AG$4)) * AJ40, AF40* 1.03) -> 83.2 | AH40: =AVERAGE(TREND($W40:$AG40,$W$4:$AG$4,AH$4), TREND($AB40:$AG40,$AB$4:$AG$4,AH$4)) * AK40 -> 144.67619 | AJ40: 1 | AK40: 1
C41: =MATCH($E41, wind!$C:$C, 0) -> 43 | D41: =IFERROR(MATCH($E41, offshore!$D:$D, 0), 1) -> 1 | E41: SK | F41: =SUMIFS( INDIRECT(CONCATENATE("'wind'!", $C41, ":", $C41)), wind!$6:$6, F$4) - SUMIFS( INDIRECT(CONCATENATE("offshore!",$D41,":", $D41)), offshore!$4:$4, F$4) -> 0 | G41: =SUMIFS( INDIRECT(CONCATENATE("'wind'!", $C41, ":", $C41)), wind!$6:$6, G$4) - SUMIFS( INDIRECT(CONCATENATE("offshore!",$D41,":", $D41)), offshore!$4:$4, G$4) -> 0 | H41: =SUMIFS( INDIRECT(CONCATENATE("'wind'!", $C41, ":", $C41)), wind!$6:$6, H$4) - SUMIFS( INDIRECT(CONCATENATE("offshore!",$D41,":", $D41)), offshore!$4:$4, H$4) -> 0 | I41: =SUMIFS( INDIRECT(CONCATENATE("'wind'!", $C41, ":", $C41)), wind!$6:$6, I$4) - SUMIFS( INDIRECT(CONCATENATE("offshore!",$D41,":", $D41)), offshore!$4:$4, I$4) -> 0 | J41: =SUMIFS( INDIRECT(CONCATENATE("'wind'!", $C41, ":", $C41)), wind!$6:$6, J$4) - SUMIFS( INDIRECT(CONCATENATE("offshore!",$D41,":", $D41)), offshore!$4:$4, J$4) -> 0 | K41: =SUMIFS( INDIRECT(CONCATENATE("'wind'!", $C41, ":", $C41)), wind!$6:$6, K$4) - SUMIFS( INDIRECT(CONCATENATE("offshore!",$D41,":", $D41)), offshore!$4:$4, K$4) -> 0 | L41: =SUMIFS( INDIRECT(CONCATENATE("'wind'!", $C41, ":", $C41)), wind!$6:$6, L$4) - SUMIFS( INDIRECT(CONCATENATE("offshore!",$D41,":", $D41)), offshore!$4:$4, L$4) -> 0 | M41: =SUMIFS( INDIRECT(CONCATENATE("'wind'!", $C41, ":", $C41)), wind!$6:$6, M$4) - SUMIFS( INDIRECT(CONCATENATE("offshore!",$D41,":", $D41)), offshore!$4:$4, M$4) -> 3 | ... AF41: =SUMIFS( INDIRECT(CONCATENATE("'wind'!", $C41, ":", $C41)), wind!$6:$6, AF$4) - SUMIFS( INDIRECT(CONCATENATE("offshore!",$D41,":", $D41)), offshore!$4:$4, AF$4) -> 4 | AG41: =MAX(AVERAGE(TREND($W41:$AF41,$W$4:$AF$4,AG$4), TREND($AB41:$AF41,$AB$4:$AF$4,AG$4)) * AJ41, AF41* 1.03) -> 4.12 | AH41: =AVERAGE(TREND($W41:$AG41,$W$4:$AG$4,AH$4), TREND($AB41:$AG41,$AB$4:$AG$4,AH$4)) * AK41 -> 4.6308225 | AJ41: 1 | AK41: 1
C42: =MATCH($E42, wind!$C:$C, 0) -> 44 | D42: =IFERROR(MATCH($E42, offshore!$D:$D, 0), 1) -> 1 | E42: BY | F42: =SUMIFS( INDIRECT(CONCATENATE("'wind'!", $C42, ":", $C42)), wind!$6:$6, F$4) - SUMIFS( INDIRECT(CONCATENATE("offshore!",$D42,":", $D42)), offshore!$4:$4, F$4) -> 0 | G42: =SUMIFS( INDIRECT(CONCATENATE("'wind'!", $C42, ":", $C42)), wind!$6:$6, G$4) - SUMIFS( INDIRECT(CONCATENATE("offshore!",$D42,":", $D42)), offshore!$4:$4, G$4) -> 0 | H42: =SUMIFS( INDIRECT(CONCATENATE("'wind'!", $C42, ":", $C42)), wind!$6:$6, H$4) - SUMIFS( INDIRECT(CONCATENATE("offshore!",$D42,":", $D42)), offshore!$4:$4, H$4) -> 0 | I42: =SUMIFS( INDIRECT(CONCATENATE("'wind'!", $C42, ":", $C42)), wind!$6:$6, I$4) - SUMIFS( INDIRECT(CONCATENATE("offshore!",$D42,":", $D42)), offshore!$4:$4, I$4) -> 0 | J42: =SUMIFS( INDIRECT(CONCATENATE("'wind'!", $C42, ":", $C42)), wind!$6:$6, J$4) - SUMIFS( INDIRECT(CONCATENATE("offshore!",$D42,":", $D42)), offshore!$4:$4, J$4) -> 0 | K42: =SUMIFS( INDIRECT(CONCATENATE("'wind'!", $C42, ":", $C42)), wind!$6:$6, K$4) - SUMIFS( INDIRECT(CONCATENATE("offshore!",$D42,":", $D42)), offshore!$4:$4, K$4) -> 0 | L42: =SUMIFS( INDIRECT(CONCATENATE("'wind'!", $C42, ":", $C42)), wind!$6:$6, L$4) - SUMIFS( INDIRECT(CONCATENATE("offshore!",$D42,":", $D42)), offshore!$4:$4, L$4) -> 0 | M42: =SUMIFS( INDIRECT(CONCATENATE("'wind'!", $C42, ":", $C42)), wind!$6:$6, M$4) - SUMIFS( INDIRECT(CONCATENATE("offshore!",$D42,":", $D42)), offshore!$4:$4, M$4) -> 0 | ... AF42: =SUMIFS( INDIRECT(CONCATENATE("'wind'!", $C42, ":", $C42)), wind!$6:$6, AF$4) - SUMIFS( INDIRECT(CONCATENATE("offshore!",$D42,":", $D42)), offshore!$4:$4, AF$4) -> 3 | AG42: =MAX(AVERAGE(TREND($W42:$AF42,$W$4:$AF$4,AG$4), TREND($AB42:$AF42,$AB$4:$AF$4,AG$4)) * AJ42, AF42* 1.03) -> 3.09 | AH42: =AVERAGE(TREND($W42:$AG42,$W$4:$AG$4,AH$4), TREND($AB42:$AG42,$AB$4:$AG$4,AH$4)) * AK42 -> 3.0802597 | AJ42: 1 | AK42: 1
C43: =MATCH($E43, wind!$C:$C, 0) -> 45 | D43: =IFERROR(MATCH($E43, offshore!$D:$D, 0), 1) -> 1 | E43: IS | F43: =SUMIFS( INDIRECT(CONCATENATE("'wind'!", $C43, ":", $C43)), wind!$6:$6, F$4) - SUMIFS( INDIRECT(CONCATENATE("offshore!",$D43,":", $D43)), offshore!$4:$4, F$4) -> 0 | G43: =SUMIFS( INDIRECT(CONCATENATE("'wind'!", $C43, ":", $C43)), wind!$6:$6, G$4) - SUMIFS( INDIRECT(CONCATENATE("offshore!",$D43,":", $D43)), offshore!$4:$4, G$4) -> 0 | H43: =SUMIFS( INDIRECT(CONCATENATE("'wind'!", $C43, ":", $C43)), wind!$6:$6, H$4) - SUMIFS( INDIRECT(CONCATENATE("offshore!",$D43,":", $D43)), offshore!$4:$4, H$4) -> 0 | I43: =SUMIFS( INDIRECT(CONCATENATE("'wind'!", $C43, ":", $C43)), wind!$6:$6, I$4) - SUMIFS( INDIRECT(CONCATENATE("offshore!",$D43,":", $D43)), offshore!$4:$4, I$4) -> 0 | J43: =SUMIFS( INDIRECT(CONCATENATE("'wind'!", $C43, ":", $C43)), wind!$6:$6, J$4) - SUMIFS( INDIRECT(CONCATENATE("offshore!",$D43,":", $D43)), offshore!$4:$4, J$4) -> 0 | K43: =SUMIFS( INDIRECT(CONCATENATE("'wind'!", $C43, ":", $C43)), wind!$6:$6, K$4) - SUMIFS( INDIRECT(CONCATENATE("offshore!",$D43,":", $D43)), offshore!$4:$4, K$4) -> 0 | L43: =SUMIFS( INDIRECT(CONCATENATE("'wind'!", $C43, ":", $C43)), wind!$6:$6, L$4) - SUMIFS( INDIRECT(CONCATENATE("offshore!",$D43,":", $D43)), offshore!$4:$4, L$4) -> 0 | M43: =SUMIFS( INDIRECT(CONCATENATE("'wind'!", $C43, ":", $C43)), wind!$6:$6, M$4) - SUMIFS( INDIRECT(CONCATENATE("offshore!",$D43,":", $D43)), offshore!$4:$4, M$4) -> 0 | ... AF43: =SUMIFS( INDIRECT(CONCATENATE("'wind'!", $C43, ":", $C43)), wind!$6:$6, AF$4) - SUMIFS( INDIRECT(CONCATENATE("offshore!",$D43,":", $D43)), offshore!$4:$4, AF$4) -> 3 | AG43: =MAX(AVERAGE(TREND($W43:$AF43,$W$4:$AF$4,AG$4), TREND($AB43:$AF43,$AB$4:$AF$4,AG$4)) * AJ43, AF43* 1.03) -> 3.09 | AH43: =AVERAGE(TREND($W43:$AG43,$W$4:$AG$4,AH$4), TREND($AB43:$AG43,$AB$4:$AG$4,AH$4)) * AK43 -> 3.0802597 | AJ43: 1 | AK43: 1
C44: =MATCH($E44, wind!$C:$C, 0) -> 46 | D44: =IFERROR(MATCH($E44, offshore!$D:$D, 0), 1) -> 1 | E44: SI | F44: =SUMIFS( INDIRECT(CONCATENATE("'wind'!", $C44, ":", $C44)), wind!$6:$6, F$4) - SUMIFS( INDIRECT(CONCATENATE("offshore!",$D44,":", $D44)), offshore!$4:$4, F$4) -> 0 | G44: =SUMIFS( INDIRECT(CONCATENATE("'wind'!", $C44, ":", $C44)), wind!$6:$6, G$4) - SUMIFS( INDIRECT(CONCATENATE("offshore!",$D44,":", $D44)), offshore!$4:$4, G$4) -> 0 | H44: =SUMIFS( INDIRECT(CONCATENATE("'wind'!", $C44, ":", $C44)), wind!$6:$6, H$4) - SUMIFS( INDIRECT(CONCATENATE("offshore!",$D44,":", $D44)), offshore!$4:$4, H$4) -> 0 | I44: =SUMIFS( INDIRECT(CONCATENATE("'wind'!", $C44, ":", $C44)), wind!$6:$6, I$4) - SUMIFS( INDIRECT(CONCATENATE("offshore!",$D44,":", $D44)), offshore!$4:$4, I$4) -> 0 | J44: =SUMIFS( INDIRECT(CONCATENATE("'wind'!", $C44, ":", $C44)), wind!$6:$6, J$4) - SUMIFS( INDIRECT(CONCATENATE("offshore!",$D44,":", $D44)), offshore!$4:$4, J$4) -> 0 | K44: =SUMIFS( INDIRECT(CONCATENATE("'wind'!", $C44, ":", $C44)), wind!$6:$6, K$4) - SUMIFS( INDIRECT(CONCATENATE("offshore!",$D44,":", $D44)), offshore!$4:$4, K$4) -> 0 | L44: =SUMIFS( INDIRECT(CONCATENATE("'wind'!", $C44, ":", $C44)), wind!$6:$6, L$4) - SUMIFS( INDIRECT(CONCATENATE("offshore!",$D44,":", $D44)), offshore!$4:$4, L$4) -> 0 | M44: =SUMIFS( INDIRECT(CONCATENATE("'wind'!", $C44, ":", $C44)), wind!$6:$6, M$4) - SUMIFS( INDIRECT(CONCATENATE("offshore!",$D44,":", $D44)), offshore!$4:$4, M$4) -> 0 | ... AF44: =SUMIFS( INDIRECT(CONCATENATE("'wind'!", $C44, ":", $C44)), wind!$6:$6, AF$4) - SUMIFS( INDIRECT(CONCATENATE("offshore!",$D44,":", $D44)), offshore!$4:$4, AF$4) -> 3 | AG44: =MAX(AVERAGE(TREND($W44:$AF44,$W$4:$AF$4,AG$4), TREND($AB44:$AF44,$AB$4:$AF$4,AG$4)) * AJ44, AF44* 1.03) -> 3.09 | AH44: =AVERAGE(TREND($W44:$AG44,$W$4:$AG$4,AH$4), TREND($AB44:$AG44,$AB$4:$AG$4,AH$4)) * AK44 -> 2.7166234 | AJ44: 1 | AK44: 1
C45: =MATCH($E45, wind!$C:$C, 0) -> 47 | D45: =IFERROR(MATCH($E45, offshore!$D:$D, 0), 1) -> 1 | E45: MT | F45: =SUMIFS( INDIRECT(CONCATENATE("'wind'!", $C45, ":", $C45)), wind!$6:$6, F$4) - SUMIFS( INDIRECT(CONCATENATE("offshore!",$D45,":", $D45)), offshore!$4:$4, F$4) -> 0 | G45: =SUMIFS( INDIRECT(CONCATENATE("'wind'!", $C45, ":", $C45)), wind!$6:$6, G$4) - SUMIFS( INDIRECT(CONCATENATE("offshore!",$D45,":", $D45)), offshore!$4:$4, G$4) -> 0 | H45: =SUMIFS( INDIRECT(CONCATENATE("'wind'!", $C45, ":", $C45)), wind!$6:$6, H$4) - SUMIFS( INDIRECT(CONCATENATE("offshore!",$D45,":", $D45)), offshore!$4:$4, H$4) -> 0 | I45: =SUMIFS( INDIRECT(CONCATENATE("'wind'!", $C45, ":", $C45)), wind!$6:$6, I$4) - SUMIFS( INDIRECT(CONCATENATE("offshore!",$D45,":", $D45)), offshore!$4:$4, I$4) -> 0 | J45: =SUMIFS( INDIRECT(CONCATENATE("'wind'!", $C45, ":", $C45)), wind!$6:$6, J$4) - SUMIFS( INDIRECT(CONCATENATE("offshore!",$D45,":", $D45)), offshore!$4:$4, J$4) -> 0 | K45: =SUMIFS( INDIRECT(CONCATENATE("'wind'!", $C45, ":", $C45)), wind!$6:$6, K$4) - SUMIFS( INDIRECT(CONCATENATE("offshore!",$D45,":", $D45)), offshore!$4:$4, K$4) -> 0 | L45: =SUMIFS( INDIRECT(CONCATENATE("'wind'!", $C45, ":", $C45)), wind!$6:$6, L$4) - SUMIFS( INDIRECT(CONCATENATE("offshore!",$D45,":", $D45)), offshore!$4:$4, L$4) -> 0 | M45: =SUMIFS( INDIRECT(CONCATENATE("'wind'!", $C45, ":", $C45)), wind!$6:$6, M$4) - SUMIFS( INDIRECT(CONCATENATE("offshore!",$D45,":", $D45)), offshore!$4:$4, M$4) -> 0 | ... AF45: =SUMIFS( INDIRECT(CONCATENATE("'wind'!", $C45, ":", $C45)), wind!$6:$6, AF$4) - SUMIFS( INDIRECT(CONCATENATE("offshore!",$D45,":", $D45)), offshore!$4:$4, AF$4) -> 0 | AG45: =MAX(AVERAGE(TREND($W45:$AF45,$W$4:$AF$4,AG$4), TREND($AB45:$AF45,$AB$4:$AF$4,AG$4)) * AJ45, AF45* 1.03) -> 0 | AH45: =AVERAGE(TREND($W45:$AG45,$W$4:$AG$4,AH$4), TREND($AB45:$AG45,$AB$4:$AG$4,AH$4)) * AK45 -> 0 | AJ45: 1 | AK45: 1
D47: entsoe | E47: share
A48: =LEFT(B48,2) -> DK | B48: DKE1 | C48: wind_onshore | D48: =SUMIFS('VRE-NT2030'!$E:$E,'VRE-NT2030'!$B:$B,$B48, 'VRE-NT2030'!$C:$C,$C48) -> 1561.4 | E48: =D48/SUMIFS($D$48:$D$56,$A$48:$A$56,$A48, $C$48:$C$56,$C48) -> 0.15815329 | F48: =SUMIFS(F$5:F$45, $E$5:$E$45,$A48)*$E48 -> 228.2152 | G48: =SUMIFS(G$5:G$45, $E$5:$E$45,$A48)*$E48 -> 280.08948 | H48: =SUMIFS(H$5:H$45, $E$5:$E$45,$A48)*$E48 -> 382.25651 | I48: =SUMIFS(I$5:I$45, $E$5:$E$45,$A48)*$E48 -> 393.64354 | J48: =SUMIFS(J$5:J$45, $E$5:$E$45,$A48)*$E48 -> 456.90486 | K48: =SUMIFS(K$5:K$45, $E$5:$E$45,$A48)*$E48 -> 492.80566 | L48: =SUMIFS(L$5:L$45, $E$5:$E$45,$A48)*$E48 -> 493.12196 | M48: =SUMIFS(M$5:M$45, $E$5:$E$45,$A48)*$E48 -> 494.7035 | ... AH48: =SUMIFS(AH$5:AH$45, $E$5:$E$45,$A48)*$E48 -> 943.45288
A49: =LEFT(B49,2) -> DK | B49: DKW1 | C49: wind_onshore | D49: =SUMIFS('VRE-NT2030'!$E:$E,'VRE-NT2030'!$B:$B,$B49, 'VRE-NT2030'!$C:$C,$C49) -> 8311.3 | E49: =D49/SUMIFS($D$48:$D$56,$A$48:$A$56,$A49, $C$48:$C$56,$C49) -> 0.84184671 | F49: =SUMIFS(F$5:F$45, $E$5:$E$45,$A49)*$E49 -> 1214.7848 | G49: =SUMIFS(G$5:G$45, $E$5:$E$45,$A49)*$E49 -> 1490.9105 | H49: =SUMIFS(H$5:H$45, $E$5:$E$45,$A49)*$E49 -> 2034.7435 | I49: =SUMIFS(I$5:I$45, $E$5:$E$45,$A49)*$E49 -> 2095.3565 | J49: =SUMIFS(J$5:J$45, $E$5:$E$45,$A49)*$E49 -> 2432.0951 | K49: =SUMIFS(K$5:K$45, $E$5:$E$45,$A49)*$E49 -> 2623.1943 | L49: =SUMIFS(L$5:L$45, $E$5:$E$45,$A49)*$E49 -> 2624.878 | M49: =SUMIFS(M$5:M$45, $E$5:$E$45,$A49)*$E49 -> 2633.2965 | ... AH49: =SUMIFS(AH$5:AH$45, $E$5:$E$45,$A49)*$E49 -> 5021.9802
A50: =LEFT(B50,2) -> NO | B50: NOM1 | C50: wind_onshore | D50: =SUMIFS('VRE-NT2030'!$E:$E,'VRE-NT2030'!$B:$B,$B50, 'VRE-NT2030'!$C:$C,$C50) -> 1950.2 | E50: =D50/SUMIFS($D$48:$D$56,$A$48:$A$56,$A50, $C$48:$C$56,$C50) -> 0.41996684 | F50: =SUMIFS(F$5:F$45, $E$5:$E$45,$A50)*$E50 -> 0 | G50: =SUMIFS(G$5:G$45, $E$5:$E$45,$A50)*$E50 -> 0 | H50: =SUMIFS(H$5:H$45, $E$5:$E$45,$A50)*$E50 -> 0 | I50: =SUMIFS(I$5:I$45, $E$5:$E$45,$A50)*$E50 -> 0 | J50: =SUMIFS(J$5:J$45, $E$5:$E$45,$A50)*$E50 -> 0 | K50: =SUMIFS(K$5:K$45, $E$5:$E$45,$A50)*$E50 -> 42.416651 | L50: =SUMIFS(L$5:L$45, $E$5:$E$45,$A50)*$E50 -> 67.194694 | M50: =SUMIFS(M$5:M$45, $E$5:$E$45,$A50)*$E50 -> 112.13115 | ... AH50: =SUMIFS(AH$5:AH$45, $E$5:$E$45,$A50)*$E50 -> 3479.7817
A51: =LEFT(B51,2) -> NO | B51: NON1 | C51: wind_onshore | D51: =SUMIFS('VRE-NT2030'!$E:$E,'VRE-NT2030'!$B:$B,$B51, 'VRE-NT2030'!$C:$C,$C51) -> 891.3 | E51: =D51/SUMIFS($D$48:$D$56,$A$48:$A$56,$A51, $C$48:$C$56,$C51) -> 0.19193746 | F51: =SUMIFS(F$5:F$45, $E$5:$E$45,$A51)*$E51 -> 0 | G51: =SUMIFS(G$5:G$45, $E$5:$E$45,$A51)*$E51 -> 0 | H51: =SUMIFS(H$5:H$45, $E$5:$E$45,$A51)*$E51 -> 0 | I51: =SUMIFS(I$5:I$45, $E$5:$E$45,$A51)*$E51 -> 0 | J51: =SUMIFS(J$5:J$45, $E$5:$E$45,$A51)*$E51 -> 0 | K51: =SUMIFS(K$5:K$45, $E$5:$E$45,$A51)*$E51 -> 19.385684 | L51: =SUMIFS(L$5:L$45, $E$5:$E$45,$A51)*$E51 -> 30.709994 | M51: =SUMIFS(M$5:M$45, $E$5:$E$45,$A51)*$E51 -> 51.247303 | ... AH51: =SUMIFS(AH$5:AH$45, $E$5:$E$45,$A51)*$E51 -> 1590.3648
A52: =LEFT(B52,2) -> NO | B52: NOS0 | C52: wind_onshore | D52: =SUMIFS('VRE-NT2030'!$E:$E,'VRE-NT2030'!$B:$B,$B52, 'VRE-NT2030'!$C:$C,$C52) -> 1802.2 | E52: =D52/SUMIFS($D$48:$D$56,$A$48:$A$56,$A52, $C$48:$C$56,$C52) -> 0.3880957 | F52: =SUMIFS(F$5:F$45, $E$5:$E$45,$A52)*$E52 -> 0 | G52: =SUMIFS(G$5:G$45, $E$5:$E$45,$A52)*$E52 -> 0 | H52: =SUMIFS(H$5:H$45, $E$5:$E$45,$A52)*$E52 -> 0 | I52: =SUMIFS(I$5:I$45, $E$5:$E$45,$A52)*$E52 -> 0 | J52: =SUMIFS(J$5:J$45, $E$5:$E$45,$A52)*$E52 -> 0 | K52: =SUMIFS(K$5:K$45, $E$5:$E$45,$A52)*$E52 -> 39.197666 | L52: =SUMIFS(L$5:L$45, $E$5:$E$45,$A52)*$E52 -> 62.095312 | M52: =SUMIFS(M$5:M$45, $E$5:$E$45,$A52)*$E52 -> 103.62155 | ... AH52: =SUMIFS(AH$5:AH$45, $E$5:$E$45,$A52)*$E52 -> 3215.7023
A53: =LEFT(B53,2) -> SE | B53: SE01 | C53: wind_onshore | D53: =SUMIFS('VRE-NT2030'!$E:$E,'VRE-NT2030'!$B:$B,$B53, 'VRE-NT2030'!$C:$C,$C53) -> 6413.6 | E53: =D53/SUMIFS($D$48:$D$56,$A$48:$A$56,$A53, $C$48:$C$56,$C53) -> 0.19944895 | F53: =SUMIFS(F$5:F$45, $E$5:$E$45,$A53)*$E53 -> 34.704117 | G53: =SUMIFS(G$5:G$45, $E$5:$E$45,$A53)*$E53 -> 43.878768 | H53: =SUMIFS(H$5:H$45, $E$5:$E$45,$A53)*$E53 -> 46.072707 | I53: =SUMIFS(I$5:I$45, $E$5:$E$45,$A53)*$E53 -> 58.438541 | J53: =SUMIFS(J$5:J$45, $E$5:$E$45,$A53)*$E53 -> 68.809887 | K53: =SUMIFS(K$5:K$45, $E$5:$E$45,$A53)*$E53 -> 79.58013 | L53: =SUMIFS(L$5:L$45, $E$5:$E$45,$A53)*$E53 -> 88.156434 | M53: =SUMIFS(M$5:M$45, $E$5:$E$45,$A53)*$E53 -> 101.51951 | ... AH53: =SUMIFS(AH$5:AH$45, $E$5:$E$45,$A53)*$E53 -> 5288.7939
A54: =LEFT(B54,2) -> SE | B54: SE02 | C54: wind_onshore | D54: =SUMIFS('VRE-NT2030'!$E:$E,'VRE-NT2030'!$B:$B,$B54, 'VRE-NT2030'!$C:$C,$C54) -> 14832.3 | E54: =D54/SUMIFS($D$48:$D$56,$A$48:$A$56,$A54, $C$48:$C$56,$C54) -> 0.46125212 | F54: =SUMIFS(F$5:F$45, $E$5:$E$45,$A54)*$E54 -> 80.257869 | G54: =SUMIFS(G$5:G$45, $E$5:$E$45,$A54)*$E54 -> 101.47547 | H54: =SUMIFS(H$5:H$45, $E$5:$E$45,$A54)*$E54 -> 106.54924 | I54: =SUMIFS(I$5:I$45, $E$5:$E$45,$A54)*$E54 -> 135.14687 | J54: =SUMIFS(J$5:J$45, $E$5:$E$45,$A54)*$E54 -> 159.13198 | K54: =SUMIFS(K$5:K$45, $E$5:$E$45,$A54)*$E54 -> 184.0396 | L54: =SUMIFS(L$5:L$45, $E$5:$E$45,$A54)*$E54 -> 203.87344 | M54: =SUMIFS(M$5:M$45, $E$5:$E$45,$A54)*$E54 -> 234.77733 | ... AH54: =SUMIFS(AH$5:AH$45, $E$5:$E$45,$A54)*$E54 -> 12231.037
A55: =LEFT(B55,2) -> SE | B55: SE03 | C55: wind_onshore | D55: =SUMIFS('VRE-NT2030'!$E:$E,'VRE-NT2030'!$B:$B,$B55, 'VRE-NT2030'!$C:$C,$C55) -> 6928.9 | E55: =D55/SUMIFS($D$48:$D$56,$A$48:$A$56,$A55, $C$48:$C$56,$C55) -> 0.21547365 | F55: =SUMIFS(F$5:F$45, $E$5:$E$45,$A55)*$E55 -> 37.492415 | G55: =SUMIFS(G$5:G$45, $E$5:$E$45,$A55)*$E55 -> 47.404203 | H55: =SUMIFS(H$5:H$45, $E$5:$E$45,$A55)*$E55 -> 49.774413 | I55: =SUMIFS(I$5:I$45, $E$5:$E$45,$A55)*$E55 -> 63.13378 | J55: =SUMIFS(J$5:J$45, $E$5:$E$45,$A55)*$E55 -> 74.33841 | K55: =SUMIFS(K$5:K$45, $E$5:$E$45,$A55)*$E55 -> 85.973987 | L55: =SUMIFS(L$5:L$45, $E$5:$E$45,$A55)*$E55 -> 95.239354 | M55: =SUMIFS(M$5:M$45, $E$5:$E$45,$A55)*$E55 -> 109.67609 | ... AH55: =SUMIFS(AH$5:AH$45, $E$5:$E$45,$A55)*$E55 -> 5713.7215
A56: =LEFT(B56,2) -> SE | B56: SE04 | C56: wind_onshore | D56: =SUMIFS('VRE-NT2030'!$E:$E,'VRE-NT2030'!$B:$B,$B56, 'VRE-NT2030'!$C:$C,$C56) -> 3981.8 | E56: =D56/SUMIFS($D$48:$D$56,$A$48:$A$56,$A56, $C$48:$C$56,$C56) -> 0.12382528 | F56: =SUMIFS(F$5:F$45, $E$5:$E$45,$A56)*$E56 -> 21.545599 | G56: =SUMIFS(G$5:G$45, $E$5:$E$45,$A56)*$E56 -> 27.241562 | H56: =SUMIFS(H$5:H$45, $E$5:$E$45,$A56)*$E56 -> 28.60364 | I56: =SUMIFS(I$5:I$45, $E$5:$E$45,$A56)*$E56 -> 36.280807 | J56: =SUMIFS(J$5:J$45, $E$5:$E$45,$A56)*$E56 -> 42.719722 | K56: =SUMIFS(K$5:K$45, $E$5:$E$45,$A56)*$E56 -> 49.406287 | L56: =SUMIFS(L$5:L$45, $E$5:$E$45,$A56)*$E56 -> 54.730774 | M56: =SUMIFS(M$5:M$45, $E$5:$E$45,$A56)*$E56 -> 63.027068 | ... AH56: =SUMIFS(AH$5:AH$45, $E$5:$E$45,$A56)*$E56 -> 3283.4788

Sheet offshore
B2: Eurobserver | C2: Offshore MW | D2: + | E2: https://en.wikipedia.org/wiki/Offshore_wind_power_in_the_United_Kingdom#List_of_newly_operational_and_proposed_offshore_wind_farms
E3: https://www.thecrownestate.co.uk/our-business/marine/offshore-wind-report-2024
B4: region | C4: Country | F4: 2008 | G4: 2009 | H4: 2010 | I4: 2011 | J4: 2012 | K4: 2013 | L4: 2014 | M4: 2015 | N4: 2016 | O4: 2017 | P4: 2018 | Q4: 2019 | R4: 2020 | S4: 2021 | T4: 2022 | U4: 2023 | V4: 2024 | W4: 2025 | X4: 2030 | Z4: 2025 factor | AA4: 2030 factor
B5: =_xlfn.XLOOKUP(D5,onshore!$E$5:$E$45,onshore!$B$5:$B$45) -> UK00 | C5: United Kingdom | D5: GB | F5: 586 | G5: 688.2 | H5: 1341.2 | I5: 2093.7 | J5: 2995 | K5: 3657 | L5: 4501.3 | M5: 5104.5 | N5: 5293 | O5: 6360.5 | P5: 7427.5 | Q5: 8015.5 | R5: 9947.5 | S5: 9995.5 | T5: 13186.5 | U5: 14326.5 | V5: 15900 | W5: =AVERAGE(TREND($M5:$V5,$M$4:$V$4,W$4), TREND($R5:$V5,$R$4:$V$4,W$4)) * Z5 -> 18646.668 | X5: =AVERAGE(TREND($M5:$W5,$M$4:$W$4,X$4), TREND($R5:$W5,$R$4:$W$4,X$4)) * AA5 -> 27952.152 | Z5: 1.1 | AA5: 1.1
B6: =_xlfn.XLOOKUP(D6,onshore!$E$5:$E$45,onshore!$B$5:$B$45) -> DE00 | C6: Germany | D6: =VLOOKUP($C6, wind!$B$7:$C$47,2,FALSE) -> DE | F6: 12 | G6: 72 | H6: 185.3 | I6: 215.3 | J6: 435 | K6: 903 | L6: 1012.5 | M6: 3294.9 | N6: 4132 | O6: 5407 | P6: 6396 | Q6: 7507 | R6: 7774 | S6: 7774 | T6: 8129 | U6: 8473 | V6: 9215 | W6: =AVERAGE(TREND($M6:$V6,$M$4:$V$4,W$4), TREND($R6:$V6,$R$4:$V$4,W$4)) * Z6 -> 9773.3933 | X6: =AVERAGE(TREND($M6:$W6,$M$4:$W$4,X$4), TREND($R6:$W6,$R$4:$W$4,X$4)) * AA6 -> 13592.477 | Z6: 1 | AA6: 1.1
B7: - | C7: Denmark | D7: =VLOOKUP($C7, wind!$B$7:$C$47,2,FALSE) -> DK | F7: 423.4 | G7: 663.9 | H7: 867.9 | I7: 871.5 | J7: 921.9 | K7: 1271.1 | L7: 1271.1 | M7: 1271.1 | N7: 1271.1 | O7: 1291.8 | P7: 1700.8 | Q7: 1700.8 | R7: 1700.8 | S7: 2305.6 | T7: 2305.6 | U7: 2467.1 | V7: 2641.5 | W7: =AVERAGE(TREND($M7:$V7,$M$4:$V$4,W$4), TREND($R7:$V7,$R$4:$V$4,W$4)) * Z7 -> 2841.1217 | X7: =AVERAGE(TREND($M7:$W7,$M$4:$W$4,X$4), TREND($R7:$W7,$R$4:$W$4,X$4)) * AA7 -> 3750.5135 | Z7: 1 | AA7: 1
B8: =_xlfn.XLOOKUP(D8,onshore!$E$5:$E$45,onshore!$B$5:$B$45) -> NL00 | C8: Netherlands | D8: =VLOOKUP($C8, wind!$B$7:$C$47,2,FALSE) -> NL | F8: 246.8 | G8: 246.8 | H8: 228 | I8: 228 | J8: 228 | K8: 228 | L8: 228 | M8: 357 | N8: 957 | O8: 957 | P8: 957 | Q8: 957 | R8: 2459.5 | S8: 2459.5 | T8: 2571 | U8: 3977.5 | V8: 4748 | W8: =AVERAGE(TREND($M8:$V8,$M$4:$V$4,W$4), TREND($R8:$V8,$R$4:$V$4,W$4)) * Z8 -> 4801.5333 | X8: =AVERAGE(TREND($M8:$W8,$M$4:$W$4,X$4), TREND($R8:$W8,$R$4:$W$4,X$4)) * AA8 -> 7364.2159 | Z8: 1 | AA8: 1
B9: =_xlfn.XLOOKUP(D9,onshore!$E$5:$E$45,onshore!$B$5:$B$45) -> BE00 | C9: Belgium | D9: =VLOOKUP($C9, wind!$B$7:$C$47,2,FALSE) -> BE | F9: 30 | G9: 30 | H9: 195 | I9: 195 | J9: 379.5 | K9: 625.2 | L9: 712.2 | M9: 712.2 | N9: 712.2 | O9: 877 | P9: 1185.9 | Q9: 1548 | R9: 2261.8 | S9: 2261.8 | T9: 2261.8 | U9: 2261.8 | V9: 2261.8 | W9: =AVERAGE(TREND($M9:$V9,$M$4:$V$4,W$4), TREND($R9:$V9,$R$4:$V$4,W$4)) * Z9 -> 2542.4333 | X9: =AVERAGE(TREND($M9:$W9,$M$4:$W$4,X$4), TREND($R9:$W9,$R$4:$W$4,X$4)) * AA9 -> 3179.9118 | Z9: 1 | AA9: 1
B10: - | C10: Sweden | D10: =VLOOKUP($C10, wind!$B$7:$C$47,2,FALSE) -> SE | F10: 133.7 | G10: 163.7 | H10: 163.4 | I10: 163.4 | J10: 163.7 | K10: 211.7 | L10: 211.7 | M10: 201.7 | N10: 201.7 | O10: 201.7 | P10: 203 | Q10: 192.5 | R10: 203 | S10: 203 | T10: 193 | U10: 193 | V10: 193 | W10: =AVERAGE(TREND($M10:$V10,$M$4:$V$4,W$4), TREND($R10:$V10,$R$4:$V$4,W$4)) * Z10 -> 190.41 | X10: =AVERAGE(TREND($M10:$W10,$M$4:$W$4,X$4), TREND($R10:$W10,$R$4:$W$4,X$4)) * AA10 -> 181.13554 | Z10: 1 | AA10: 1
B11: =_xlfn.XLOOKUP(D11,onshore!$E$5:$E$45,onshore!$B$5:$B$45) -> FI00 | C11: Finland | D11: =VLOOKUP($C11, wind!$B$7:$C$47,2,FALSE) -> FI | F11: 24 | G11: 24 | H11: 26 | I11: 26 | J11: 26 | K11: 26 | L11: 28 | M11: 28 | N11: 32 | O11: 72.7 | P11: 72.7 | Q11: 72.7 | R11: 73 | S11: 73 | T11: 73 | U11: 73 | V11: 73 | W11: =AVERAGE(TREND($M11:$V11,$M$4:$V$4,W$4), TREND($R11:$V11,$R$4:$V$4,W$4)) * Z11 -> 80.233333 | X11: =AVERAGE(TREND($M11:$W11,$M$4:$W$4,X$4), TREND($R11:$W11,$R$4:$W$4,X$4)) * AA11 -> 93.264141 | Z11: 1 | AA11: 1
B12: - | C12: Ireland | D12: =VLOOKUP($C12, wind!$B$7:$C$47,2,FALSE) -> IE | F12: 25.2 | G12: 25.2 | H12: 25.2 | I12: 25.2 | J12: 25.2 | K12: 25.2 | L12: 25.2 | M12: 25.2 | N12: 25.2 | O12: 25.2 | P12: 25.2 | Q12: 25.2 | R12: 25.2 | S12: 25.2 | T12: 21.6 | U12: 25 | V12: 25 | W12: =AVERAGE(TREND($M12:$V12,$M$4:$V$4,W$4), TREND($R12:$V12,$R$4:$V$4,W$4)) * Z12 -> 24.156667 | X12: =AVERAGE(TREND($M12:$W12,$M$4:$W$4,X$4), TREND($R12:$W12,$R$4:$W$4,X$4)) * AA12 -> 23.663521 | Z12: 1 | AA12: 1
B13: =_xlfn.XLOOKUP(D13,onshore!$E$5:$E$45,onshore!$B$5:$B$45) -> ES00 | C13: Spain | D13: =VLOOKUP($C13, wind!$B$7:$C$47,2,FALSE) -> ES | H13: 0 | I13: 0 | J13: 0 | K13: 5 | L13: 5 | M13: 5 | N13: 5 | O13: 5 | P13: 5 | Q13: 5 | R13: 0 | S13: 0 | T13: 0 | U13: 5 | V13: 5 | W13: =AVERAGE(TREND($M13:$V13,$M$4:$V$4,W$4), TREND($R13:$V13,$R$4:$V$4,W$4)) * Z13 -> 4.25 | X13: =AVERAGE(TREND($M13:$W13,$M$4:$W$4,X$4), TREND($R13:$W13,$R$4:$W$4,X$4)) * AA13 -> 6.538961 | Z13: 1 | AA13: 1
B14: =_xlfn.XLOOKUP(D14,onshore!$E$5:$E$45,onshore!$B$5:$B$45) -> PT00 | C14: Portugal | D14: =VLOOKUP($C14, wind!$B$7:$C$47,2,FALSE) -> PT | H14: 0 | I14: 2 | J14: 2 | K14: 2 | L14: 2 | M14: 2 | N14: 2 | O14: 8.4 | P14: 8.4 | Q14: 8.4 | R14: 25 | S14: 25 | T14: 25 | U14: 25 | V14: 25 | W14: =AVERAGE(TREND($M14:$V14,$M$4:$V$4,W$4), TREND($R14:$V14,$R$4:$V$4,W$4)) * Z14 -> 28.833333 | X14: =AVERAGE(TREND($M14:$W14,$M$4:$W$4,X$4), TREND($R14:$W14,$R$4:$W$4,X$4)) * AA14 -> 38.000289 | Z14: 1 | AA14: 1
B15: =_xlfn.XLOOKUP(D15,onshore!$E$5:$E$45,onshore!$B$5:$B$45) -> FR00 | C15: France | D15: =VLOOKUP($C15, wind!$B$7:$C$47,2,FALSE) -> FR | K15: 0 | L15: 0 | M15: 0 | N15: 0 | O15: 0 | P15: 0 | Q15: 0 | R15: 0 | S15: 0 | T15: 480 | U15: 1483 | V15: 1508 | W15: =AVERAGE(TREND($M15:$V15,$M$4:$V$4,W$4), TREND($R15:$V15,$R$4:$V$4,W$4)) * Z15 -> 1634.7167 | X15: 3600 | Z15: 1 | AA15: 1
B16: - | C16: Italy | D16: =VLOOKUP($C16, wind!$B$7:$C$47,2,FALSE) -> IT | F16: 0.1 | G16: 0.1 | H16: 0 | I16: 0 | J16: 0 | K16: 0 | L16: 0 | M16: 0 | N16: 0 | O16: 0 | P16: 0 | Q16: 0 | R16: 0 | S16: 0 | T16: 30 | U16: 31 | V16: 31 | W16: =AVERAGE(TREND($M16:$V16,$M$4:$V$4,W$4), TREND($R16:$V16,$R$4:$V$4,W$4)) * Z16 -> 38.516667 | X16: =AVERAGE(TREND($M16:$W16,$M$4:$W$4,X$4), TREND($R16:$W16,$R$4:$W$4,X$4)) * AA16 -> 68.859019 | Z16: 1 | AA16: 1
D18: https://iea-wind.org/wp-content/uploads/2023/10/Norway_2022.pdf
D19: https://www.equinor.com/energy/hywind-tampen
D20: NO | F20: 6 | G20: 6 | H20: 6 | I20: 6 | J20: 6 | K20: 6 | L20: 6 | M20: 6 | N20: 6 | O20: 6 | P20: 6 | Q20: 6 | R20: 6 | S20: 6 | T20: 6 | U20: =11*8.6 -> 94.6 | V20: =U20 -> 94.6 | W20: =AVERAGE(TREND($M20:$V20,$M$4:$V$4,W$4), TREND($R20:$V20,$R$4:$V$4,W$4)) -> 96.076667 | X20: =AVERAGE(TREND($M20:$V20,$M$4:$V$4,X$4), TREND($R20:$V20,$R$4:$V$4,X$4)) -> 184.00545
A23: =LEFT(B23,2) -> DK | B23: DKE1 | C23: wind_offshore | D23: =SUMIFS('VRE-NT2030'!$E:$E,'VRE-NT2030'!$B:$B,$B23, 'VRE-NT2030'!$C:$C,$C23) -> 1545 | E23: =D23/SUMIFS($D$23:$D$31,$A$23:$A$31,$A23, $C$23:$C$31,$C23) -> 0.67004944 | F23: =SUMIFS(F$5:F$20, $D$5:$D$20,$A23)*$E23 -> 283.69893 | G23: =SUMIFS(G$5:G$20, $D$5:$D$20,$A23)*$E23 -> 444.84582 | H23: =SUMIFS(H$5:H$20, $D$5:$D$20,$A23)*$E23 -> 581.53591 | I23: =SUMIFS(I$5:I$20, $D$5:$D$20,$A23)*$E23 -> 583.94809 | J23: =SUMIFS(J$5:J$20, $D$5:$D$20,$A23)*$E23 -> 617.71858 | K23: =SUMIFS(K$5:K$20, $D$5:$D$20,$A23)*$E23 -> 851.69984 | L23: =SUMIFS(L$5:L$20, $D$5:$D$20,$A23)*$E23 -> 851.69984 | M23: =SUMIFS(M$5:M$20, $D$5:$D$20,$A23)*$E23 -> 851.69984 | ... X23: =SUMIFS(X$5:X$20, $D$5:$D$20,$A23)*$E23 -> 2513.0295
A24: =LEFT(B24,2) -> DK | B24: DKW1 | C24: wind_offshore | D24: =SUMIFS('VRE-NT2030'!$E:$E,'VRE-NT2030'!$B:$B,$B24, 'VRE-NT2030'!$C:$C,$C24) -> 760.8 | E24: =D24/SUMIFS($D$23:$D$31,$A$23:$A$31,$A24, $C$23:$C$31,$C24) -> 0.32995056 | F24: =SUMIFS(F$5:F$20, $D$5:$D$20,$A24)*$E24 -> 139.70107 | G24: =SUMIFS(G$5:G$20, $D$5:$D$20,$A24)*$E24 -> 219.05418 | H24: =SUMIFS(H$5:H$20, $D$5:$D$20,$A24)*$E24 -> 286.36409 | I24: =SUMIFS(I$5:I$20, $D$5:$D$20,$A24)*$E24 -> 287.55191 | J24: =SUMIFS(J$5:J$20, $D$5:$D$20,$A24)*$E24 -> 304.18142 | K24: =SUMIFS(K$5:K$20, $D$5:$D$20,$A24)*$E24 -> 419.40016 | L24: =SUMIFS(L$5:L$20, $D$5:$D$20,$A24)*$E24 -> 419.40016 | M24: =SUMIFS(M$5:M$20, $D$5:$D$20,$A24)*$E24 -> 419.40016 | ... X24: =SUMIFS(X$5:X$20, $D$5:$D$20,$A24)*$E24 -> 1237.484
A25: =LEFT(B25,2) -> NO | B25: NOM1 | C25: wind_offshore | D25: =SUMIFS('VRE-NT2030'!$E:$E,'VRE-NT2030'!$B:$B,$B25, 'VRE-NT2030'!$C:$C,$C25) -> 0 | E25: =D25/SUMIFS($D$23:$D$31,$A$23:$A$31,$A25, $C$23:$C$31,$C25) -> 0 | F25: =SUMIFS(F$5:F$20, $D$5:$D$20,$A25)*$E25 -> 0 | G25: =SUMIFS(G$5:G$20, $D$5:$D$20,$A25)*$E25 -> 0 | H25: =SUMIFS(H$5:H$20, $D$5:$D$20,$A25)*$E25 -> 0 | I25: =SUMIFS(I$5:I$20, $D$5:$D$20,$A25)*$E25 -> 0 | J25: =SUMIFS(J$5:J$20, $D$5:$D$20,$A25)*$E25 -> 0 | K25: =SUMIFS(K$5:K$20, $D$5:$D$20,$A25)*$E25 -> 0 | L25: =SUMIFS(L$5:L$20, $D$5:$D$20,$A25)*$E25 -> 0 | M25: =SUMIFS(M$5:M$20, $D$5:$D$20,$A25)*$E25 -> 0 | ... X25: =SUMIFS(X$5:X$20, $D$5:$D$20,$A25)*$E25 -> 0
A26: =LEFT(B26,2) -> NO | B26: NON1 | C26: wind_offshore | D26: =SUMIFS('VRE-NT2030'!$E:$E,'VRE-NT2030'!$B:$B,$B26, 'VRE-NT2030'!$C:$C,$C26) -> 0 | E26: =D26/SUMIFS($D$23:$D$31,$A$23:$A$31,$A26, $C$23:$C$31,$C26) -> 0 | F26: =SUMIFS(F$5:F$20, $D$5:$D$20,$A26)*$E26 -> 0 | G26: =SUMIFS(G$5:G$20, $D$5:$D$20,$A26)*$E26 -> 0 | H26: =SUMIFS(H$5:H$20, $D$5:$D$20,$A26)*$E26 -> 0 | I26: =SUMIFS(I$5:I$20, $D$5:$D$20,$A26)*$E26 -> 0 | J26: =SUMIFS(J$5:J$20, $D$5:$D$20,$A26)*$E26 -> 0 | K26: =SUMIFS(K$5:K$20, $D$5:$D$20,$A26)*$E26 -> 0 | L26: =SUMIFS(L$5:L$20, $D$5:$D$20,$A26)*$E26 -> 0 | M26: =SUMIFS(M$5:M$20, $D$5:$D$20,$A26)*$E26 -> 0 | ... X26: =SUMIFS(X$5:X$20, $D$5:$D$20,$A26)*$E26 -> 0
A27: =LEFT(B27,2) -> NO | B27: NOS0 | C27: wind_offshore | D27: =SUMIFS('VRE-NT2030'!$E:$E,'VRE-NT2030'!$B:$B,$B27, 'VRE-NT2030'!$C:$C,$C27) -> 6.3 | E27: =D27/SUMIFS($D$23:$D$31,$A$23:$A$31,$A27, $C$23:$C$31,$C27) -> 1 | F27: =SUMIFS(F$5:F$20, $D$5:$D$20,$A27)*$E27 -> 6 | G27: =SUMIFS(G$5:G$20, $D$5:$D$20,$A27)*$E27 -> 6 | H27: =SUMIFS(H$5:H$20, $D$5:$D$20,$A27)*$E27 -> 6 | I27: =SUMIFS(I$5:I$20, $D$5:$D$20,$A27)*$E27 -> 6 | J27: =SUMIFS(J$5:J$20, $D$5:$D$20,$A27)*$E27 -> 6 | K27: =SUMIFS(K$5:K$20, $D$5:$D$20,$A27)*$E27 -> 6 | L27: =SUMIFS(L$5:L$20, $D$5:$D$20,$A27)*$E27 -> 6 | M27: =SUMIFS(M$5:M$20, $D$5:$D$20,$A27)*$E27 -> 6 | ... X27: =SUMIFS(X$5:X$20, $D$5:$D$20,$A27)*$E27 -> 184.00545
A28: =LEFT(B28,2) -> SE | B28: SE01 | C28: wind_offshore | D28: =SUMIFS('VRE-NT2030'!$E:$E,'VRE-NT2030'!$B:$B,$B28, 'VRE-NT2030'!$C:$C,$C28) -> 0 | E28: =D28/SUMIFS($D$23:$D$31,$A$23:$A$31,$A28, $C$23:$C$31,$C28) -> 0 | F28: =SUMIFS(F$5:F$20, $D$5:$D$20,$A28)*$E28 -> 0 | G28: =SUMIFS(G$5:G$20, $D$5:$D$20,$A28)*$E28 -> 0 | H28: =SUMIFS(H$5:H$20, $D$5:$D$20,$A28)*$E28 -> 0 | I28: =SUMIFS(I$5:I$20, $D$5:$D$20,$A28)*$E28 -> 0 | J28: =SUMIFS(J$5:J$20, $D$5:$D$20,$A28)*$E28 -> 0 | K28: =SUMIFS(K$5:K$20, $D$5:$D$20,$A28)*$E28 -> 0 | L28: =SUMIFS(L$5:L$20, $D$5:$D$20,$A28)*$E28 -> 0 | M28: =SUMIFS(M$5:M$20, $D$5:$D$20,$A28)*$E28 -> 0 | ... X28: =SUMIFS(X$5:X$20, $D$5:$D$20,$A28)*$E28 -> 0
A29: =LEFT(B29,2) -> SE | B29: SE02 | C29: wind_offshore | D29: =SUMIFS('VRE-NT2030'!$E:$E,'VRE-NT2030'!$B:$B,$B29, 'VRE-NT2030'!$C:$C,$C29) -> 0 | E29: =D29/SUMIFS($D$23:$D$31,$A$23:$A$31,$A29, $C$23:$C$31,$C29) -> 0 | F29: =SUMIFS(F$5:F$20, $D$5:$D$20,$A29)*$E29 -> 0 | G29: =SUMIFS(G$5:G$20, $D$5:$D$20,$A29)*$E29 -> 0 | H29: =SUMIFS(H$5:H$20, $D$5:$D$20,$A29)*$E29 -> 0 | I29: =SUMIFS(I$5:I$20, $D$5:$D$20,$A29)*$E29 -> 0 | J29: =SUMIFS(J$5:J$20, $D$5:$D$20,$A29)*$E29 -> 0 | K29: =SUMIFS(K$5:K$20, $D$5:$D$20,$A29)*$E29 -> 0 | L29: =SUMIFS(L$5:L$20, $D$5:$D$20,$A29)*$E29 -> 0 | M29: =SUMIFS(M$5:M$20, $D$5:$D$20,$A29)*$E29 -> 0 | ... X29: =SUMIFS(X$5:X$20, $D$5:$D$20,$A29)*$E29 -> 0
A30: =LEFT(B30,2) -> SE | B30: SE03 | C30: wind_offshore | D30: =SUMIFS('VRE-NT2030'!$E:$E,'VRE-NT2030'!$B:$B,$B30, 'VRE-NT2030'!$C:$C,$C30) -> 0 | E30: =D30/SUMIFS($D$23:$D$31,$A$23:$A$31,$A30, $C$23:$C$31,$C30) -> 0 | F30: =SUMIFS(F$5:F$20, $D$5:$D$20,$A30)*$E30 -> 0 | G30: =SUMIFS(G$5:G$20, $D$5:$D$20,$A30)*$E30 -> 0 | H30: =SUMIFS(H$5:H$20, $D$5:$D$20,$A30)*$E30 -> 0 | I30: =SUMIFS(I$5:I$20, $D$5:$D$20,$A30)*$E30 -> 0 | J30: =SUMIFS(J$5:J$20, $D$5:$D$20,$A30)*$E30 -> 0 | K30: =SUMIFS(K$5:K$20, $D$5:$D$20,$A30)*$E30 -> 0 | L30: =SUMIFS(L$5:L$20, $D$5:$D$20,$A30)*$E30 -> 0 | M30: =SUMIFS(M$5:M$20, $D$5:$D$20,$A30)*$E30 -> 0 | ... X30: =SUMIFS(X$5:X$20, $D$5:$D$20,$A30)*$E30 -> 0
A31: =LEFT(B31,2) -> SE | B31: SE04 | C31: wind_offshore | D31: =SUMIFS('VRE-NT2030'!$E:$E,'VRE-NT2030'!$B:$B,$B31, 'VRE-NT2030'!$C:$C,$C31) -> 212.8 | E31: =D31/SUMIFS($D$23:$D$31,$A$23:$A$31,$A31, $C$23:$C$31,$C31) -> 1 | F31: =SUMIFS(F$5:F$20, $D$5:$D$20,$A31)*$E31 -> 133.7 | G31: =SUMIFS(G$5:G$20, $D$5:$D$20,$A31)*$E31 -> 163.7 | H31: =SUMIFS(H$5:H$20, $D$5:$D$20,$A31)*$E31 -> 163.4 | I31: =SUMIFS(I$5:I$20, $D$5:$D$20,$A31)*$E31 -> 163.4 | J31: =SUMIFS(J$5:J$20, $D$5:$D$20,$A31)*$E31 -> 163.7 | K31: =SUMIFS(K$5:K$20, $D$5:$D$20,$A31)*$E31 -> 211.7 | L31: =SUMIFS(L$5:L$20, $D$5:$D$20,$A31)*$E31 -> 211.7 | M31: =SUMIFS(M$5:M$20, $D$5:$D$20,$A31)*$E31 -> 201.7 | ... X31: =SUMIFS(X$5:X$20, $D$5:$D$20,$A31)*$E31 -> 181.13554

Sheet PV
B3: PV in the European Union (MWpeak)[10][11][12][13][14][15][16][17]
B4: region | C4: Country | E4: 2030 factor | F4: 2025 factor | G4: 2030 | H4: 2025 | I4: 2024 | J4: 2023 | K4: 2022 | L4: 2021 | M4: 2020 | N4: 2019 | O4: 2018 | P4: 2017 | Q4: 2016 | R4: 2015 | S4: 2014 | T4: 2013 | U4: 2012 | V4: 2011 | W4: 2010 | X4: 2009
B5: =_xlfn.XLOOKUP(D5,onshore!$E$5:$E$45,onshore!$B$5:$B$45) -> DE00 | C5: Germany | D5: =VLOOKUP($C5, wind!$B$7:$C$47,2,FALSE) -> DE | E5: 1.1 | F5: 1.1 | G5: =AVERAGE(TREND($H5:$R5,$H$4:$R$4,G$4), TREND($H5:M5,$H$4:$M$4,G$4)) * E5 -> 151691.13 | H5: =MAX(AVERAGE(TREND($I5:$R5,$I$4:$R$4,H$4), TREND($I5:$M5,$I$4:$M$4,H$4))*F5, I5*1.03) -> 102766.73 | I5: 95000 | J5: 74700 | K5: 68000 | L5: 60036 | M5: 53669 | N5: 48912 | O5: 45156 | P5: 42291 | Q5: 40677 | R5: 39222 | S5: 37898 | T5: 36708 | U5: 32698 | V5: 24875 | W5: 17370 | X5: 9959
B6: =_xlfn.XLOOKUP(D6,onshore!$E$5:$E$45,onshore!$B$5:$B$45) -> ES00 | C6: Spain | D6: =VLOOKUP($C6, wind!$B$7:$C$47,2,FALSE) -> ES | E6: 1 | F6: 1 | G6: =AVERAGE(TREND($H6:$R6,$H$4:$R$4,G$4), TREND($H6:M6,$H$4:$M$4,G$4)) * E6 -> 63683.231 | H6: =MAX(AVERAGE(TREND($I6:$R6,$I$4:$R$4,H$4), TREND($I6:$M6,$I$4:$M$4,H$4))*F6, I6*1.03) -> 38898.383 | I6: 37400 | J6: 29600 | K6: 23311 | L6: 13715 | M6: 10136 | N6: 8807 | O6: 4764 | P6: 4723 | Q6: 4713 | R6: 4704 | S6: 4697 | T6: 4690 | U6: 4516 | V6: 4214 | W6: 3808 | X6: 3438
B7: =_xlfn.XLOOKUP(D7,onshore!$E$5:$E$45,onshore!$B$5:$B$45) -> 0 | C7: Italy | D7: =VLOOKUP($C7, wind!$B$7:$C$47,2,FALSE) -> IT | E7: 1.1 | F7: 1.2 | G7: =AVERAGE(TREND($H7:$R7,$H$4:$R$4,G$4), TREND($H7:M7,$H$4:$M$4,G$4)) * E7 -> 58312.525 | H7: =MAX(AVERAGE(TREND($I7:$R7,$I$4:$R$4,H$4), TREND($I7:$M7,$I$4:$M$4,H$4))*F7, I7*1.03) -> 41827.46 | I7: 36013 | J7: 29789 | K7: 24555 | L7: 22594 | M7: 21650 | N7: 20865 | O7: 20108 | P7: 19682 | Q7: 19283 | R7: 18901 | S7: 18594 | T7: 18185 | U7: 16361 | V7: 12764 | W7: 3478 | X7: 1157
B8: =_xlfn.XLOOKUP(D8,onshore!$E$5:$E$45,onshore!$B$5:$B$45) -> NL00 | C8: Netherlands | D8: =VLOOKUP($C8, wind!$B$7:$C$47,2,FALSE) -> NL | E8: 0.85 | F8: 0.9 | G8: =AVERAGE(TREND($H8:$R8,$H$4:$R$4,G$4), TREND($H8:M8,$H$4:$M$4,G$4)) * E8 -> 34180.327 | H8: =MAX(AVERAGE(TREND($I8:$R8,$I$4:$R$4,H$4), TREND($I8:$M8,$I$4:$M$4,H$4))*F8, I8*1.03) -> 25132 | I8: 24400 | J8: 21300 | K8: 19600 | L8: 14911 | M8: 11108 | N8: 7226 | O8: 4608 | P8: 2911 | Q8: 2135 | R8: 1526 | S8: 1007 | T8: 650 | U8: 321 | V8: 118 | W8: 97 | X8: 68
B9: =_xlfn.XLOOKUP(D9,onshore!$E$5:$E$45,onshore!$B$5:$B$45) -> FR00 | C9: France | D9: =VLOOKUP($C9, wind!$B$7:$C$47,2,FALSE) -> FR | E9: 1.1 | F9: 1.05 | G9: =AVERAGE(TREND($H9:$R9,$H$4:$R$4,G$4), TREND($H9:M9,$H$4:$M$4,G$4)) * E9 -> 41908.849 | H9: =MAX(AVERAGE(TREND($I9:$R9,$I$4:$R$4,H$4), TREND($I9:$M9,$I$4:$M$4,H$4))*F9, I9*1.03) -> 26547.728 | I9: 24900 | J9: 19900 | K9: 17341 | L9: 14603 | M9: 12056 | N9: 11917 | O9: 10729 | P9: 8610 | Q9: 7702 | R9: 7138 | S9: 6034 | T9: 5277 | U9: 4027 | V9: 2831 | W9: 1054 | X9: 335
B10: =_xlfn.XLOOKUP(D10,onshore!$E$5:$E$45,onshore!$B$5:$B$45) -> PL00 | C10: Poland | D10: =VLOOKUP($C10, wind!$B$7:$C$47,2,FALSE) -> PL | E10: 1 | F10: 1 | G10: =AVERAGE(TREND($H10:$R10,$H$4:$R$4,G$4), TREND($H10:M10,$H$4:$M$4,G$4)) * E10 -> 37721.881 | H10: =MAX(AVERAGE(TREND($I10:$R10,$I$4:$R$4,H$4), TREND($I10:$M10,$I$4:$M$4,H$4))*F10, I10*1.03) -> 22158.267 | I10: 20900 | J10: 16600 | K10: 12170 | L10: 7416 | M10: 3955 | N10: 1539 | O10: 562 | P10: 287 | Q10: 187 | R10: 108 | S10: 27 | T10: 2 | U10: 3.4 | V10: 1.8 | W10: 2 | X10: 1
B11: =_xlfn.XLOOKUP(D11,onshore!$E$5:$E$45,onshore!$B$5:$B$45) -> BE00 | C11: Belgium | D11: =VLOOKUP($C11, wind!$B$7:$C$47,2,FALSE) -> BE | E11: 1 | F11: 1 | G11: =AVERAGE(TREND($H11:$R11,$H$4:$R$4,G$4), TREND($H11:M11,$H$4:$M$4,G$4)) * E11 -> 13432.223 | H11: =MAX(AVERAGE(TREND($I11:$R11,$I$4:$R$4,H$4), TREND($I11:$M11,$I$4:$M$4,H$4))*F11, I11*1.03) -> 9551 | I11: 9100 | J11: 8300 | K11: 6756 | L11: 6012 | M11: 5573 | N11: 4637 | O11: 4000 | P11: 3621 | Q11: 3329 | R11: 3132 | S11: 3015 | T11: 2902 | U11: 2649 | V11: 1812 | W11: 787 | X11: 574
B12: =_xlfn.XLOOKUP(D12,onshore!$E$5:$E$45,onshore!$B$5:$B$45) -> 0 | C12: Greece | D12: =VLOOKUP($C12, wind!$B$7:$C$47,2,FALSE) -> GR | E12: 1 | F12: 1.15 | G12: =AVERAGE(TREND($H12:$R12,$H$4:$R$4,G$4), TREND($H12:M12,$H$4:$M$4,G$4)) * E12 -> 15008.579 | H12: =MAX(AVERAGE(TREND($I12:$R12,$I$4:$R$4,H$4), TREND($I12:$M12,$I$4:$M$4,H$4))*F12, I12*1.03) -> 10314.484 | I12: 9269 | J12: 6700 | K12: 5430 | L12: 4277 | M12: 3288 | N12: 2834 | O12: 2652 | P12: 2606 | Q12: 2604 | R12: 2604 | S12: 2596 | T12: 2579 | U12: 1543 | V12: 631 | W12: 205 | X12: 55
B13: =_xlfn.XLOOKUP(D13,onshore!$E$5:$E$45,onshore!$B$5:$B$45) -> AT00 | C13: Austria | D13: =VLOOKUP($C13, wind!$B$7:$C$47,2,FALSE) -> AT | E13: 1 | F13: 1 | G13: =AVERAGE(TREND($H13:$R13,$H$4:$R$4,G$4), TREND($H13:M13,$H$4:$M$4,G$4)) * E13 -> 14217.524 | H13: =MAX(AVERAGE(TREND($I13:$R13,$I$4:$R$4,H$4), TREND($I13:$M13,$I$4:$M$4,H$4))*F13, I13*1.03) -> 8735.43 | I13: 8481 | J13: 6400 | K13: 3792 | L13: 2783 | M13: 2043 | N13: 1702 | O13: 1455 | P13: 1269 | Q13: 1096 | R13: 937 | S13: 785 | T13: 626 | U13: 421 | V13: 173 | W13: 103 | X13: 53
B14: =_xlfn.XLOOKUP(D14,onshore!$E$5:$E$45,onshore!$B$5:$B$45) -> 0 | C14: Hungary | D14: =VLOOKUP($C14, wind!$B$7:$C$47,2,FALSE) -> HU | E14: 1 | F14: 1 | G14: =AVERAGE(TREND($H14:$R14,$H$4:$R$4,G$4), TREND($H14:M14,$H$4:$M$4,G$4)) * E14 -> 13155.097 | H14: =MAX(AVERAGE(TREND($I14:$R14,$I$4:$R$4,H$4), TREND($I14:$M14,$I$4:$M$4,H$4))*F14, I14*1.03) -> 7929.97 | I14: 7699 | J14: 5835 | K14: 4235 | L14: 2968 | M14: 2131 | N14: 1400 | O14: 728 | P14: 344 | Q14: 235 | R14: 172 | S14: 89 | T14: 35 | U14: 3.7 | V14: 4.1 | W14: 2 | X14: 0.7
B15: =_xlfn.XLOOKUP(D15,onshore!$E$5:$E$45,onshore!$B$5:$B$45) -> PT00 | C15: Portugal | D15: =VLOOKUP($C15, wind!$B$7:$C$47,2,FALSE) -> PT | E15: 1 | F15: 1 | G15: =AVERAGE(TREND($H15:$R15,$H$4:$R$4,G$4), TREND($H15:M15,$H$4:$M$4,G$4)) * E15 -> 9816.9759 | H15: =MAX(AVERAGE(TREND($I15:$R15,$I$4:$R$4,H$4), TREND($I15:$M15,$I$4:$M$4,H$4))*F15, I15*1.03) -> 5982.24 | I15: 5808 | J15: 3876 | K15: 2646 | L15: 1646 | M15: 1100 | N15: 901 | O15: 667 | P15: 579 | Q15: 513 | R15: 477 | S15: 415 | T15: 296 | U15: 228 | V15: 143 | W15: 131 | X15: 102
B16: =_xlfn.XLOOKUP(D16,onshore!$E$5:$E$45,onshore!$B$5:$B$45) -> 0 | C16: Sweden | D16: =VLOOKUP($C16, wind!$B$7:$C$47,2,FALSE) -> SE | E16: 1 | F16: 1.05 | G16: =AVERAGE(TREND($H16:$R16,$H$4:$R$4,G$4), TREND($H16:M16,$H$4:$M$4,G$4)) * E16 -> 8539.1296 | H16: =MAX(AVERAGE(TREND($I16:$R16,$I$4:$R$4,H$4), TREND($I16:$M16,$I$4:$M$4,H$4))*F16, I16*1.03) -> 5161.905 | I16: 4963 | J16: 3488 | K16: 2388 | L16: 1606 | M16: 1107 | N16: 714 | O16: 428 | P16: 244 | Q16: 153 | R16: 104 | S16: 60 | T16: 43 | U16: 23 | V16: 18 | W16: 10 | X16: 9
B17: =_xlfn.XLOOKUP(D17,onshore!$E$5:$E$45,onshore!$B$5:$B$45) -> 0 | C17: Romania | D17: =VLOOKUP($C17, wind!$B$7:$C$47,2,FALSE) -> RO | E17: 1 | F17: 1 | G17: =AVERAGE(TREND($H17:$R17,$H$4:$R$4,G$4), TREND($H17:M17,$H$4:$M$4,G$4)) * E17 -> 7168.2547 | H17: =MAX(AVERAGE(TREND($I17:$R17,$I$4:$R$4,H$4), TREND($I17:$M17,$I$4:$M$4,H$4))*F17, I17*1.03) -> 4828.64 | I17: 4688 | J17: 2900 | K17: 1809 | L17: 1394 | M17: 1383 | N17: 1398 | O17: 1386 | P17: 1374 | Q17: 1372 | R17: 1326 | S17: 1293 | T17: 761 | U17: 49 | V17: 2.9 | W17: 2 | X17: 0.6
B18: =_xlfn.XLOOKUP(D18,onshore!$E$5:$E$45,onshore!$B$5:$B$45) -> 0 | C18: Czech | D18: CZ | E18: 1 | F18: 1 | G18: =AVERAGE(TREND($H18:$R18,$H$4:$R$4,G$4), TREND($H18:M18,$H$4:$M$4,G$4)) * E18 -> 5494.6109 | H18: =MAX(AVERAGE(TREND($I18:$R18,$I$4:$R$4,H$4), TREND($I18:$M18,$I$4:$M$4,H$4))*F18, I18*1.03) -> 4283.77 | I18: 4159 | J18: 2499 | K18: 2420 | L18: 2246 | M18: 2172 | N18: 2111 | O18: 2081 | P18: 2075 | Q18: 2068 | R18: 2075 | S18: 2067 | T18: 2064 | U18: 2022 | V18: 1959 | W18: 1953 | X18: 463
B19: =_xlfn.XLOOKUP(D19,onshore!$E$5:$E$45,onshore!$B$5:$B$45) -> 0 | C19: Denmark | D19: =VLOOKUP($C19, wind!$B$7:$C$47,2,FALSE) -> DK | E19: 1.1 | F19: 1 | G19: =AVERAGE(TREND($H19:$R19,$H$4:$R$4,G$4), TREND($H19:M19,$H$4:$M$4,G$4)) * E19 -> 7537.2486 | H19: =MAX(AVERAGE(TREND($I19:$R19,$I$4:$R$4,H$4), TREND($I19:$M19,$I$4:$M$4,H$4))*F19, I19*1.03) -> 4335.95 | I19: 3945 | J19: 3529 | K19: 3070 | L19: 1704 | M19: 1304 | N19: 1080 | O19: 998 | P19: 906 | Q19: 851 | R19: 782 | S19: 607 | T19: 571 | U19: 391 | V19: 16 | W19: 7 | X19: 5
B20: =_xlfn.XLOOKUP(D20,onshore!$E$5:$E$45,onshore!$B$5:$B$45) -> 0 | C20: Bulgaria | D20: =VLOOKUP($C20, wind!$B$7:$C$47,2,FALSE) -> BG | E20: 1 | F20: 1 | G20: =AVERAGE(TREND($H20:$R20,$H$4:$R$4,G$4), TREND($H20:M20,$H$4:$M$4,G$4)) * E20 -> 6245.2075 | H20: =MAX(AVERAGE(TREND($I20:$R20,$I$4:$R$4,H$4), TREND($I20:$M20,$I$4:$M$4,H$4))*F20, I20*1.03) -> 4025.24 | I20: 3908 | J20: 2937 | K20: 1737 | L20: 1275 | M20: 1100 | N20: 1044 | O20: 1033 | P20: 1031 | Q20: 1030 | R20: 1028 | S20: 1029 | T20: 1019 | U20: 933 | V20: 132 | W20: 17 | X20: 6
B21: =_xlfn.XLOOKUP(D21,onshore!$E$5:$E$45,onshore!$B$5:$B$45) -> LT00 | C21: Lithuania | D21: =VLOOKUP($C21, wind!$B$7:$C$47,2,FALSE) -> LT | E21: 1 | F21: 1.3 | G21: =AVERAGE(TREND($H21:$R21,$H$4:$R$4,G$4), TREND($H21:M21,$H$4:$M$4,G$4)) * E21 -> 4242.1941 | H21: =MAX(AVERAGE(TREND($I21:$R21,$I$4:$R$4,H$4), TREND($I21:$M21,$I$4:$M$4,H$4))*F21, I21*1.03) -> 2650.9167 | I21: 2400 | J21: 1165 | K21: 572 | L21: 255 | M21: 164 | N21: 103 | O21: 82 | P21: 74 | Q21: 70 | R21: 69 | S21: 69 | T21: 68 | U21: 6.1 | V21: 0.1 | W21: 0.1 | X21: <0.1
B22: =_xlfn.XLOOKUP(D22,onshore!$E$5:$E$45,onshore!$B$5:$B$45) -> 0 | C22: Ireland | D22: =VLOOKUP($C22, wind!$B$7:$C$47,2,FALSE) -> IE | E22: 1 | F22: 1 | G22: =AVERAGE(TREND($H22:$R22,$H$4:$R$4,G$4), TREND($H22:M22,$H$4:$M$4,G$4)) * E22 -> 2282.1697 | H22: =MAX(AVERAGE(TREND($I22:$R22,$I$4:$R$4,H$4), TREND($I22:$M22,$I$4:$M$4,H$4))*F22, I22*1.03) -> 1380.2 | I22: 1340 | J22: 738 | K22: 289 | L22: 228 | M22: 152 | N22: 96 | O22: 53 | P22: 29 | Q22: 11 | R22: 5 | S22: 3 | T22: 1 | U22: 0.7 | V22: 0.7 | W22: 0.6 | X22: 0.6
B23: =_xlfn.XLOOKUP(D23,onshore!$E$5:$E$45,onshore!$B$5:$B$45) -> EE00 | C23: Estonia | D23: =VLOOKUP($C23, wind!$B$7:$C$47,2,FALSE) -> EE | E23: 1 | F23: 1.2 | G23: =AVERAGE(TREND($H23:$R23,$H$4:$R$4,G$4), TREND($H23:M23,$H$4:$M$4,G$4)) * E23 -> 2225.5745 | H23: =MAX(AVERAGE(TREND($I23:$R23,$I$4:$R$4,H$4), TREND($I23:$M23,$I$4:$M$4,H$4))*F23, I23*1.03) -> 1407.62 | I23: 1200 | J23: 810 | K23: 520 | L23: 395 | M23: 208 | N23: 121 | O23: 32 | P23: 15 | Q23: 10 | R23: 7 | S23: 3 | T23: 2 | U23: 0.2 | V23: 0.2 | W23: <0.1 | X23: <0.1
B24: =_xlfn.XLOOKUP(D24,onshore!$E$5:$E$45,onshore!$B$5:$B$45) -> 0 | C24: Slovenia | D24: =VLOOKUP($C24, wind!$B$7:$C$47,2,FALSE) -> SI | E24: 1 | F24: 1 | G24: =AVERAGE(TREND($H24:$R24,$H$4:$R$4,G$4), TREND($H24:M24,$H$4:$M$4,G$4)) * E24 -> 2157.9551 | H24: =MAX(AVERAGE(TREND($I24:$R24,$I$4:$R$4,H$4), TREND($I24:$M24,$I$4:$M$4,H$4))*F24, I24*1.03) -> 1348.27 | I24: 1309 | J24: 1034 | K24: 626 | L24: 461 | M24: 370 | N24: 278 | O24: 247 | P24: 247 | Q24: 233 | R24: 238 | S24: 223 | T24: 187 | U24: 217 | V24: 90 | W24: 36 | X24: 9
B25: =_xlfn.XLOOKUP(D25,onshore!$E$5:$E$45,onshore!$B$5:$B$45) -> FI00 | C25: Finland | D25: =VLOOKUP($C25, wind!$B$7:$C$47,2,FALSE) -> FI | E25: 1 | F25: 1.05 | G25: =AVERAGE(TREND($H25:$R25,$H$4:$R$4,G$4), TREND($H25:M25,$H$4:$M$4,G$4)) * E25 -> 2108.5714 | H25: =MAX(AVERAGE(TREND($I25:$R25,$I$4:$R$4,H$4), TREND($I25:$M25,$I$4:$M$4,H$4))*F25, I25*1.03) -> 1292.4975 | I25: 1203 | J25: 900 | K25: 664 | L25: 425 | M25: 318 | N25: 222 | O25: 140 | P25: 82 | Q25: 39 | R25: 17 | S25: 11 | T25: 11 | U25: 11 | V25: 11 | W25: 10 | X25: 8
B26: =_xlfn.XLOOKUP(D26,onshore!$E$5:$E$45,onshore!$B$5:$B$45) -> 0 | C26: Slovakia | D26: =VLOOKUP($C26, wind!$B$7:$C$47,2,FALSE) -> SK | E26: 1 | F26: 1 | G26: =AVERAGE(TREND($H26:$R26,$H$4:$R$4,G$4), TREND($H26:M26,$H$4:$M$4,G$4)) * E26 -> 1105.2578 | H26: =MAX(AVERAGE(TREND($I26:$R26,$I$4:$R$4,H$4), TREND($I26:$M26,$I$4:$M$4,H$4))*F26, I26*1.03) -> 893.01 | I26: 867 | J26: 631 | K26: 549 | L26: 537 | M26: 535 | N26: 490 | O26: 472 | P26: 528 | Q26: 533 | R26: 533 | S26: 533 | T26: 533 | U26: 517 | V26: 488 | W26: 144 | X26: 0.2
B27: =_xlfn.XLOOKUP(D27,onshore!$E$5:$E$45,onshore!$B$5:$B$45) -> 0 | C27: Croatia | D27: =VLOOKUP($C27, wind!$B$7:$C$47,2,FALSE) -> HR | E27: 1 | F27: 1 | G27: =AVERAGE(TREND($H27:$R27,$H$4:$R$4,G$4), TREND($H27:M27,$H$4:$M$4,G$4)) * E27 -> 1440.5229 | H27: =MAX(AVERAGE(TREND($I27:$R27,$I$4:$R$4,H$4), TREND($I27:$M27,$I$4:$M$4,H$4))*F27, I27*1.03) -> 885.8 | I27: 860 | J27: 461 | K27: 222 | L27: 138 | M27: 109 | N27: 85 | O27: 68 | P27: 60 | Q27: 56 | R27: 48 | S27: 33 | T27: 19 | U27: 20 | V27: 16 | W27: 16 | X27: 12
B28: =_xlfn.XLOOKUP(D28,onshore!$E$5:$E$45,onshore!$B$5:$B$45) -> 0 | C28: Cyprus | D28: =VLOOKUP($C28, wind!$B$7:$C$47,2,FALSE) -> CY | E28: 1 | F28: 1 | G28: =AVERAGE(TREND($H28:$R28,$H$4:$R$4,G$4), TREND($H28:M28,$H$4:$M$4,G$4)) * E28 -> 1227.7906 | H28: =MAX(AVERAGE(TREND($I28:$R28,$I$4:$R$4,H$4), TREND($I28:$M28,$I$4:$M$4,H$4))*F28, I28*1.03) -> 759.21667 | I28: 724 | J28: 606 | K28: 424 | L28: 315 | M28: 229 | N28: 151 | O28: 118 | P28: 110 | Q28: 84 | R28: 76 | S28: 64 | T28: 35 | U28: 17 | V28: 10 | W28: 6 | X28: 3
B29: =_xlfn.XLOOKUP(D29,onshore!$E$5:$E$45,onshore!$B$5:$B$45) -> 0 | C29: Luxembourg | D29: =VLOOKUP($C29, wind!$B$7:$C$47,2,FALSE) -> LU | E29: 1 | F29: 1 | G29: =AVERAGE(TREND($H29:$R29,$H$4:$R$4,G$4), TREND($H29:M29,$H$4:$M$4,G$4)) * E29 -> 835.27117 | H29: =MAX(AVERAGE(TREND($I29:$R29,$I$4:$R$4,H$4), TREND($I29:$M29,$I$4:$M$4,H$4))*F29, I29*1.03) -> 538.69 | I29: 523 | J29: 432 | K29: 317 | L29: 277 | M29: 187 | N29: 160 | O29: 131 | P29: 128 | Q29: 122 | R29: 116 | S29: 110 | T29: 95 | U29: 76 | V29: 30 | W29: 27 | X29: 26
B30: =_xlfn.XLOOKUP(D30,onshore!$E$5:$E$45,onshore!$B$5:$B$45) -> LV00 | C30: Latvia | D30: =VLOOKUP($C30, wind!$B$7:$C$47,2,FALSE) -> LV | E30: 1 | F30: 1.3 | G30: =AVERAGE(TREND($H30:$R30,$H$4:$R$4,G$4), TREND($H30:M30,$H$4:$M$4,G$4)) * E30 -> 1189.0259 | H30: =MAX(AVERAGE(TREND($I30:$R30,$I$4:$R$4,H$4), TREND($I30:$M30,$I$4:$M$4,H$4))*F30, I30*1.03) -> 721.80333 | I30: 660 | J30: 320 | K30: 113 | L30: 7 | M30: 5 | N30: 3 | O30: 2 | P30: 1 | Q30: 1 | R30: 1.5 | S30: 1.5 | T30: 1.5 | U30: 1.5 | V30: 1.5 | W30: <0.1 | X30: <0.1
B31: =_xlfn.XLOOKUP(D31,onshore!$E$5:$E$45,onshore!$B$5:$B$45) -> 0 | C31: Malta | D31: =VLOOKUP($C31, wind!$B$7:$C$47,2,FALSE) -> MT | E31: 1 | F31: 1 | G31: =AVERAGE(TREND($H31:$R31,$H$4:$R$4,G$4), TREND($H31:M31,$H$4:$M$4,G$4)) * E31 -> 341.3062 | H31: =MAX(AVERAGE(TREND($I31:$R31,$I$4:$R$4,H$4), TREND($I31:$M31,$I$4:$M$4,H$4))*F31, I31*1.03) -> 260.56667 | I31: 233 | J31: 231 | K31: 222 | L31: 205 | M31: 188 | N31: 151 | O31: 132 | P31: 112 | Q31: 94 | R31: 75 | S31: 55 | T31: 29 | U31: 18 | V31: 11 | W31: 2 | X31: 2
B32: =_xlfn.XLOOKUP(D32,onshore!$E$5:$E$45,onshore!$B$5:$B$45) -> UK00 | C32: United Kingdom | D32: GB | E32: 1.1 | F32: 1.15 | G32: =AVERAGE(TREND($H32:$R32,$H$4:$R$4,G$4), TREND($H32:M32,$H$4:$M$4,G$4)) * E32 -> 27943.296 | H32: =MAX(AVERAGE(TREND($I32:$R32,$I$4:$R$4,H$4), TREND($I32:$M32,$I$4:$M$4,H$4))*F32, I32*1.03) -> 21185.722 | I32: 17603 | J32: 16800 | K32: =J32-($J32-$N32)/3 -> 15608 | L32: =K32-($J32-$N32)/3 -> 14416 | M32: =L32-($J32-$N32)/3 -> 13224 | N32: 13224 | O32: 13059 | P32: 12760 | Q32: 11914 | R32: 9601 | S32: 5528 | T32: 2937 | U32: 1657 | V32: 1014 | W32: 75 | X32: 30
B33: EU + UK (GWp) | I33: 304.93 | J33: 251.73 | K33: 203.26 | L33: 162.43 | M33: 136.24 | N33: 131.02 | O33: 114.81 | P33: 106.69 | Q33: 101.11 | R33: 95.02 | S33: 86.85 | T33: 80.33 | U33: 68.64 | V33: 51.36 | W33: 29.33 | X33: 15.86
D38: https://www.pvknowhow.com/news/norway-solar-deployment-impressive-763-mw-total-in-2025/
D39: https://www.theglobaleconomy.com/Norway/solar_electricity_capacity/
G40: 2030 | H40: 2025 | I40: 2024 | J40: 2023 | K40: 2022 | L40: 2021 | M40: 2020 | N40: 2019 | O40: 2018 | P40: 2017 | Q40: 2016 | R40: 2015 | S40: 2014 | T40: 2013 | U40: 2012 | V40: 2011 | W40: 2010 | X40: 2009
B41: =_xlfn.XLOOKUP(D41,onshore!$E$5:$E$45,onshore!$B$5:$B$45) -> 0 | D41: NO | G41: =AVERAGE(TREND($I41:$R41,$I$4:$R$4,G$4), TREND($I41:$M41,$I$4:$M$4,G$4)) -> 1368.2182 | H41: =AVERAGE(TREND($I41:$R41,$I$4:$R$4,H$4), TREND($I41:$M41,$I$4:$M$4,H$4)) -> 781.73333 | I41: =763-49 -> 714 | J41: 670 | K41: 370 | L41: 210 | M41: 160 | N41: 120 | O41: 70 | P41: 40 | Q41: 30 | R41: 20 | S41: 10
D43: https://en.wikipedia.org/wiki/Solar_power_in_Switzerland
G44: 2030 | H44: 2025 | I44: 2024 | J44: 2023 | K44: 2022 | L44: 2021 | M44: 2020 | N44: 2019 | O44: 2018 | P44: 2017 | Q44: 2016 | R44: 2015 | S44: 2014 | T44: 2013 | U44: 2012 | V44: 2011 | W44: 2010 | X44: 2009
B45: =_xlfn.XLOOKUP(D45,onshore!$E$5:$E$45,onshore!$B$5:$B$45) -> CH00 | D45: CH | G45: =AVERAGE(TREND($I45:$R45,$I$4:$R$4,G$4), TREND($I45:$M45,$I$4:$M$4,G$4)) -> 13189.245 | H45: =AVERAGE(TREND($I45:$R45,$I$4:$R$4,H$4), TREND($I45:$M45,$I$4:$M$4,H$4)) -> 8209.2 | I45: 8150 | J45: 6379 | K45: 4738 | L45: 3655 | M45: 2973 | N45: 2498 | O45: 2171 | P45: 1906 | Q45: 1664 | R45: 1394 | S45: 1076 | T45: 756 | U45: 437 | V45: 211 | W45: 110 | X45: 74
A48: =LEFT(B48,2) -> DK | B48: DKE1 | C48: PV | D48: =SUMIFS('VRE-NT2030'!$E:$E,'VRE-NT2030'!$B:$B,$B48, 'VRE-NT2030'!$C:$C,$C48) -> 634.6 | E48: =D48/SUMIFS($D$48:$D$56,$A$48:$A$56,$A48, $C$48:$C$56,$C48) -> 0.27529065 | G48: =SUMIFS(G$5:G$45,$D$5:$D$45,$A48)*$E48 -> 2074.934 | H48: =SUMIFS(H$5:H$45,$D$5:$D$45,$A48)*$E48 -> 1193.6465 | I48: =SUMIFS(I$5:I$45,$D$5:$D$45,$A48)*$E48 -> 1086.0216 | J48: =SUMIFS(J$5:J$45,$D$5:$D$45,$A48)*$E48 -> 971.50069 | K48: =SUMIFS(K$5:K$45,$D$5:$D$45,$A48)*$E48 -> 845.14229 | L48: =SUMIFS(L$5:L$45,$D$5:$D$45,$A48)*$E48 -> 469.09526 | M48: =SUMIFS(M$5:M$45,$D$5:$D$45,$A48)*$E48 -> 358.979 | N48: =SUMIFS(N$5:N$45,$D$5:$D$45,$A48)*$E48 -> 297.3139 | ... X48: =SUMIFS(X$5:X$45,$D$5:$D$45,$A48)*$E48 -> 1.3764532
A49: =LEFT(B49,2) -> DK | B49: DKW1 | C49: PV | D49: =SUMIFS('VRE-NT2030'!$E:$E,'VRE-NT2030'!$B:$B,$B49, 'VRE-NT2030'!$C:$C,$C49) -> 1670.6 | E49: =D49/SUMIFS($D$48:$D$56,$A$48:$A$56,$A49, $C$48:$C$56,$C49) -> 0.72470935 | G49: =SUMIFS(G$5:G$45,$D$5:$D$45,$A49)*$E49 -> 5462.3145 | H49: =SUMIFS(H$5:H$45,$D$5:$D$45,$A49)*$E49 -> 3142.3035 | I49: =SUMIFS(I$5:I$45,$D$5:$D$45,$A49)*$E49 -> 2858.9784 | J49: =SUMIFS(J$5:J$45,$D$5:$D$45,$A49)*$E49 -> 2557.4993 | K49: =SUMIFS(K$5:K$45,$D$5:$D$45,$A49)*$E49 -> 2224.8577 | L49: =SUMIFS(L$5:L$45,$D$5:$D$45,$A49)*$E49 -> 1234.9047 | M49: =SUMIFS(M$5:M$45,$D$5:$D$45,$A49)*$E49 -> 945.021 | N49: =SUMIFS(N$5:N$45,$D$5:$D$45,$A49)*$E49 -> 782.6861 | ... X49: =SUMIFS(X$5:X$45,$D$5:$D$45,$A49)*$E49 -> 3.6235468
A50: =LEFT(B50,2) -> NO | B50: NOM1 | C50: PV | D50: =SUMIFS('VRE-NT2030'!$E:$E,'VRE-NT2030'!$B:$B,$B50, 'VRE-NT2030'!$C:$C,$C50) -> 38 | E50: =D50/SUMIFS($D$48:$D$56,$A$48:$A$56,$A50, $C$48:$C$56,$C50) -> 0.2345679 | G50: =SUMIFS(G$5:G$45,$D$5:$D$45,$A50)*$E50 -> 320.94007 | H50: =SUMIFS(H$5:H$45,$D$5:$D$45,$A50)*$E50 -> 183.36955 | I50: =SUMIFS(I$5:I$45,$D$5:$D$45,$A50)*$E50 -> 167.48148 | J50: =SUMIFS(J$5:J$45,$D$5:$D$45,$A50)*$E50 -> 157.16049 | K50: =SUMIFS(K$5:K$45,$D$5:$D$45,$A50)*$E50 -> 86.790123 | L50: =SUMIFS(L$5:L$45,$D$5:$D$45,$A50)*$E50 -> 49.259259 | M50: =SUMIFS(M$5:M$45,$D$5:$D$45,$A50)*$E50 -> 37.530864 | N50: =SUMIFS(N$5:N$45,$D$5:$D$45,$A50)*$E50 -> 28.148148 | ... X50: =SUMIFS(X$5:X$45,$D$5:$D$45,$A50)*$E50 -> 0
A51: =LEFT(B51,2) -> NO | B51: NON1 | C51: PV | D51: 10 | E51: =D51/SUMIFS($D$48:$D$56,$A$48:$A$56,$A51, $C$48:$C$56,$C51) -> 0.061728395 | G51: =SUMIFS(G$5:G$45,$D$5:$D$45,$A51)*$E51 -> 84.457912 | H51: =SUMIFS(H$5:H$45,$D$5:$D$45,$A51)*$E51 -> 48.255144 | I51: =SUMIFS(I$5:I$45,$D$5:$D$45,$A51)*$E51 -> 44.074074 | J51: =SUMIFS(J$5:J$45,$D$5:$D$45,$A51)*$E51 -> 41.358025 | K51: =SUMIFS(K$5:K$45,$D$5:$D$45,$A51)*$E51 -> 22.839506 | L51: =SUMIFS(L$5:L$45,$D$5:$D$45,$A51)*$E51 -> 12.962963 | M51: =SUMIFS(M$5:M$45,$D$5:$D$45,$A51)*$E51 -> 9.8765432 | N51: =SUMIFS(N$5:N$45,$D$5:$D$45,$A51)*$E51 -> 7.4074074 | ... X51: =SUMIFS(X$5:X$45,$D$5:$D$45,$A51)*$E51 -> 0
A52: =LEFT(B52,2) -> NO | B52: NOS0 | C52: PV | D52: =SUMIFS('VRE-NT2030'!$E:$E,'VRE-NT2030'!$B:$B,$B52, 'VRE-NT2030'!$C:$C,$C52) -> 114 | E52: =D52/SUMIFS($D$48:$D$56,$A$48:$A$56,$A52, $C$48:$C$56,$C52) -> 0.7037037 | G52: =SUMIFS(G$5:G$45,$D$5:$D$45,$A52)*$E52 -> 962.8202 | H52: =SUMIFS(H$5:H$45,$D$5:$D$45,$A52)*$E52 -> 550.10864 | I52: =SUMIFS(I$5:I$45,$D$5:$D$45,$A52)*$E52 -> 502.44444 | J52: =SUMIFS(J$5:J$45,$D$5:$D$45,$A52)*$E52 -> 471.48148 | K52: =SUMIFS(K$5:K$45,$D$5:$D$45,$A52)*$E52 -> 260.37037 | L52: =SUMIFS(L$5:L$45,$D$5:$D$45,$A52)*$E52 -> 147.77778 | M52: =SUMIFS(M$5:M$45,$D$5:$D$45,$A52)*$E52 -> 112.59259 | N52: =SUMIFS(N$5:N$45,$D$5:$D$45,$A52)*$E52 -> 84.444444 | ... X52: =SUMIFS(X$5:X$45,$D$5:$D$45,$A52)*$E52 -> 0
A53: =LEFT(B53,2) -> SE | B53: SE01 | C53: PV | D53: 20 | E53: =D53/SUMIFS($D$48:$D$56,$A$48:$A$56,$A53, $C$48:$C$56,$C53) -> 0.012521913 | G53: =SUMIFS(G$5:G$45,$D$5:$D$45,$A53)*$E53 -> 106.92624 | H53: =SUMIFS(H$5:H$45,$D$5:$D$45,$A53)*$E53 -> 64.636927 | I53: =SUMIFS(I$5:I$45,$D$5:$D$45,$A53)*$E53 -> 62.146256 | J53: =SUMIFS(J$5:J$45,$D$5:$D$45,$A53)*$E53 -> 43.676434 | K53: =SUMIFS(K$5:K$45,$D$5:$D$45,$A53)*$E53 -> 29.902329 | L53: =SUMIFS(L$5:L$45,$D$5:$D$45,$A53)*$E53 -> 20.110193 | M53: =SUMIFS(M$5:M$45,$D$5:$D$45,$A53)*$E53 -> 13.861758 | N53: =SUMIFS(N$5:N$45,$D$5:$D$45,$A53)*$E53 -> 8.9406461 | ... X53: =SUMIFS(X$5:X$45,$D$5:$D$45,$A53)*$E53 -> 0.11269722
A54: =LEFT(B54,2) -> SE | B54: SE02 | C54: PV | D54: =SUMIFS('VRE-NT2030'!$E:$E,'VRE-NT2030'!$B:$B,$B54, 'VRE-NT2030'!$C:$C,$C54) -> 72.1 | E54: =D54/SUMIFS($D$48:$D$56,$A$48:$A$56,$A54, $C$48:$C$56,$C54) -> 0.045141498 | G54: =SUMIFS(G$5:G$45,$D$5:$D$45,$A54)*$E54 -> 385.4691 | H54: =SUMIFS(H$5:H$45,$D$5:$D$45,$A54)*$E54 -> 233.01612 | I54: =SUMIFS(I$5:I$45,$D$5:$D$45,$A54)*$E54 -> 224.03725 | J54: =SUMIFS(J$5:J$45,$D$5:$D$45,$A54)*$E54 -> 157.45354 | K54: =SUMIFS(K$5:K$45,$D$5:$D$45,$A54)*$E54 -> 107.7979 | L54: =SUMIFS(L$5:L$45,$D$5:$D$45,$A54)*$E54 -> 72.497245 | M54: =SUMIFS(M$5:M$45,$D$5:$D$45,$A54)*$E54 -> 49.971638 | N54: =SUMIFS(N$5:N$45,$D$5:$D$45,$A54)*$E54 -> 32.231029 | ... X54: =SUMIFS(X$5:X$45,$D$5:$D$45,$A54)*$E54 -> 0.40627348
A55: =LEFT(B55,2) -> SE | B55: SE03 | C55: PV | D55: =SUMIFS('VRE-NT2030'!$E:$E,'VRE-NT2030'!$B:$B,$B55, 'VRE-NT2030'!$C:$C,$C55) -> 1048 | E55: =D55/SUMIFS($D$48:$D$56,$A$48:$A$56,$A55, $C$48:$C$56,$C55) -> 0.65614826 | G55: =SUMIFS(G$5:G$45,$D$5:$D$45,$A55)*$E55 -> 5602.935 | H55: =SUMIFS(H$5:H$45,$D$5:$D$45,$A55)*$E55 -> 3386.975 | I55: =SUMIFS(I$5:I$45,$D$5:$D$45,$A55)*$E55 -> 3256.4638 | J55: =SUMIFS(J$5:J$45,$D$5:$D$45,$A55)*$E55 -> 2288.6451 | K55: =SUMIFS(K$5:K$45,$D$5:$D$45,$A55)*$E55 -> 1566.882 | L55: =SUMIFS(L$5:L$45,$D$5:$D$45,$A55)*$E55 -> 1053.7741 | M55: =SUMIFS(M$5:M$45,$D$5:$D$45,$A55)*$E55 -> 726.35612 | N55: =SUMIFS(N$5:N$45,$D$5:$D$45,$A55)*$E55 -> 468.48986 | ... X55: =SUMIFS(X$5:X$45,$D$5:$D$45,$A55)*$E55 -> 5.9053343
A56: =LEFT(B56,2) -> SE | B56: SE04 | C56: PV | D56: =SUMIFS('VRE-NT2030'!$E:$E,'VRE-NT2030'!$B:$B,$B56, 'VRE-NT2030'!$C:$C,$C56) -> 457.1 | E56: =D56/SUMIFS($D$48:$D$56,$A$48:$A$56,$A56, $C$48:$C$56,$C56) -> 0.28618833 | G56: =SUMIFS(G$5:G$45,$D$5:$D$45,$A56)*$E56 -> 2443.7992 | H56: =SUMIFS(H$5:H$45,$D$5:$D$45,$A56)*$E56 -> 1477.277 | I56: =SUMIFS(I$5:I$45,$D$5:$D$45,$A56)*$E56 -> 1420.3527 | J56: =SUMIFS(J$5:J$45,$D$5:$D$45,$A56)*$E56 -> 998.22489 | K56: =SUMIFS(K$5:K$45,$D$5:$D$45,$A56)*$E56 -> 683.41773 | L56: =SUMIFS(L$5:L$45,$D$5:$D$45,$A56)*$E56 -> 459.61846 | M56: =SUMIFS(M$5:M$45,$D$5:$D$45,$A56)*$E56 -> 316.81048 | N56: =SUMIFS(N$5:N$45,$D$5:$D$45,$A56)*$E56 -> 204.33847 | ... X56: =SUMIFS(X$5:X$45,$D$5:$D$45,$A56)*$E56 -> 2.575695

Sheet VRE summary
B1: region | C1: techname | D1: 2000 | E1: 2001 | F1: 2002 | G1: 2003 | H1: 2004 | I1: 2005 | J1: 2006 | K1: 2007 | L1: 2008 | M1: 2009 | N1: 2010 | O1: 2011 | P1: 2012 | Q1: 2013 | R1: 2014 | S1: 2015 | T1: 2016 | U1: 2017 | V1: 2018 | W1: 2019 | X1: 2020 | Y1: 2021 | Z1: 2022 | AA1: 2023 | AB1: 2024 | AC1: 2025 | AD1: 2030
A2: =IFERROR(MATCH($B2, INDIRECT(CONCATENATE($C2, "!$B:$B")),0), 1) -> 13 | B2: AT00 | C2: PV | D2: =SUMIFS( INDIRECT(CONCATENATE($C2,"!", $A2, ":", $A2)), INDIRECT(CONCATENATE($C2, "!$4:$4")), D$1) -> 0 | E2: =SUMIFS( INDIRECT(CONCATENATE($C2,"!", $A2, ":", $A2)), INDIRECT(CONCATENATE($C2, "!$4:$4")), E$1) -> 0 | F2: =SUMIFS( INDIRECT(CONCATENATE($C2,"!", $A2, ":", $A2)), INDIRECT(CONCATENATE($C2, "!$4:$4")), F$1) -> 0 | G2: =SUMIFS( INDIRECT(CONCATENATE($C2,"!", $A2, ":", $A2)), INDIRECT(CONCATENATE($C2, "!$4:$4")), G$1) -> 0 | H2: =SUMIFS( INDIRECT(CONCATENATE($C2,"!", $A2, ":", $A2)), INDIRECT(CONCATENATE($C2, "!$4:$4")), H$1) -> 0 | I2: =SUMIFS( INDIRECT(CONCATENATE($C2,"!", $A2, ":", $A2)), INDIRECT(CONCATENATE($C2, "!$4:$4")), I$1) -> 0 | J2: =SUMIFS( INDIRECT(CONCATENATE($C2,"!", $A2, ":", $A2)), INDIRECT(CONCATENATE($C2, "!$4:$4")), J$1) -> 0 | K2: =SUMIFS( INDIRECT(CONCATENATE($C2,"!", $A2, ":", $A2)), INDIRECT(CONCATENATE($C2, "!$4:$4")), K$1) -> 0 | ... AD2: =SUMIFS( INDIRECT(CONCATENATE($C2,"!", $A2, ":", $A2)), INDIRECT(CONCATENATE($C2, "!$4:$4")), AD$1) -> 14217.524
A3: =IFERROR(MATCH($B3, INDIRECT(CONCATENATE($C3, "!$B:$B")),0), 1) -> 11 | B3: BE00 | C3: PV | D3: =SUMIFS( INDIRECT(CONCATENATE($C3,"!", $A3, ":", $A3)), INDIRECT(CONCATENATE($C3, "!$4:$4")), D$1) -> 0 | E3: =SUMIFS( INDIRECT(CONCATENATE($C3,"!", $A3, ":", $A3)), INDIRECT(CONCATENATE($C3, "!$4:$4")), E$1) -> 0 | F3: =SUMIFS( INDIRECT(CONCATENATE($C3,"!", $A3, ":", $A3)), INDIRECT(CONCATENATE($C3, "!$4:$4")), F$1) -> 0 | G3: =SUMIFS( INDIRECT(CONCATENATE($C3,"!", $A3, ":", $A3)), INDIRECT(CONCATENATE($C3, "!$4:$4")), G$1) -> 0 | H3: =SUMIFS( INDIRECT(CONCATENATE($C3,"!", $A3, ":", $A3)), INDIRECT(CONCATENATE($C3, "!$4:$4")), H$1) -> 0 | I3: =SUMIFS( INDIRECT(CONCATENATE($C3,"!", $A3, ":", $A3)), INDIRECT(CONCATENATE($C3, "!$4:$4")), I$1) -> 0 | J3: =SUMIFS( INDIRECT(CONCATENATE($C3,"!", $A3, ":", $A3)), INDIRECT(CONCATENATE($C3, "!$4:$4")), J$1) -> 0 | K3: =SUMIFS( INDIRECT(CONCATENATE($C3,"!", $A3, ":", $A3)), INDIRECT(CONCATENATE($C3, "!$4:$4")), K$1) -> 0 | ... AD3: =SUMIFS( INDIRECT(CONCATENATE($C3,"!", $A3, ":", $A3)), INDIRECT(CONCATENATE($C3, "!$4:$4")), AD$1) -> 13432.223
A4: =IFERROR(MATCH($B4, INDIRECT(CONCATENATE($C4, "!$B:$B")),0), 1) -> 45 | B4: CH00 | C4: PV | D4: =SUMIFS( INDIRECT(CONCATENATE($C4,"!", $A4, ":", $A4)), INDIRECT(CONCATENATE($C4, "!$4:$4")), D$1) -> 0 | E4: =SUMIFS( INDIRECT(CONCATENATE($C4,"!", $A4, ":", $A4)), INDIRECT(CONCATENATE($C4, "!$4:$4")), E$1) -> 0 | F4: =SUMIFS( INDIRECT(CONCATENATE($C4,"!", $A4, ":", $A4)), INDIRECT(CONCATENATE($C4, "!$4:$4")), F$1) -> 0 | G4: =SUMIFS( INDIRECT(CONCATENATE($C4,"!", $A4, ":", $A4)), INDIRECT(CONCATENATE($C4, "!$4:$4")), G$1) -> 0 | H4: =SUMIFS( INDIRECT(CONCATENATE($C4,"!", $A4, ":", $A4)), INDIRECT(CONCATENATE($C4, "!$4:$4")), H$1) -> 0 | I4: =SUMIFS( INDIRECT(CONCATENATE($C4,"!", $A4, ":", $A4)), INDIRECT(CONCATENATE($C4, "!$4:$4")), I$1) -> 0 | J4: =SUMIFS( INDIRECT(CONCATENATE($C4,"!", $A4, ":", $A4)), INDIRECT(CONCATENATE($C4, "!$4:$4")), J$1) -> 0 | K4: =SUMIFS( INDIRECT(CONCATENATE($C4,"!", $A4, ":", $A4)), INDIRECT(CONCATENATE($C4, "!$4:$4")), K$1) -> 0 | ... AD4: =SUMIFS( INDIRECT(CONCATENATE($C4,"!", $A4, ":", $A4)), INDIRECT(CONCATENATE($C4, "!$4:$4")), AD$1) -> 13189.245
A5: =IFERROR(MATCH($B5, INDIRECT(CONCATENATE($C5, "!$B:$B")),0), 1) -> 5 | B5: DE00 | C5: PV | D5: =SUMIFS( INDIRECT(CONCATENATE($C5,"!", $A5, ":", $A5)), INDIRECT(CONCATENATE($C5, "!$4:$4")), D$1) -> 0 | E5: =SUMIFS( INDIRECT(CONCATENATE($C5,"!", $A5, ":", $A5)), INDIRECT(CONCATENATE($C5, "!$4:$4")), E$1) -> 0 | F5: =SUMIFS( INDIRECT(CONCATENATE($C5,"!", $A5, ":", $A5)), INDIRECT(CONCATENATE($C5, "!$4:$4")), F$1) -> 0 | G5: =SUMIFS( INDIRECT(CONCATENATE($C5,"!", $A5, ":", $A5)), INDIRECT(CONCATENATE($C5, "!$4:$4")), G$1) -> 0 | H5: =SUMIFS( INDIRECT(CONCATENATE($C5,"!", $A5, ":", $A5)), INDIRECT(CONCATENATE($C5, "!$4:$4")), H$1) -> 0 | I5: =SUMIFS( INDIRECT(CONCATENATE($C5,"!", $A5, ":", $A5)), INDIRECT(CONCATENATE($C5, "!$4:$4")), I$1) -> 0 | J5: =SUMIFS( INDIRECT(CONCATENATE($C5,"!", $A5, ":", $A5)), INDIRECT(CONCATENATE($C5, "!$4:$4")), J$1) -> 0 | K5: =SUMIFS( INDIRECT(CONCATENATE($C5,"!", $A5, ":", $A5)), INDIRECT(CONCATENATE($C5, "!$4:$4")), K$1) -> 0 | ... AD5: =SUMIFS( INDIRECT(CONCATENATE($C5,"!", $A5, ":", $A5)), INDIRECT(CONCATENATE($C5, "!$4:$4")), AD$1) -> 151691.13
A6: =IFERROR(MATCH($B6, INDIRECT(CONCATENATE($C6, "!$B:$B")),0), 1) -> 48 | B6: DKE1 | C6: PV | D6: =SUMIFS( INDIRECT(CONCATENATE($C6,"!", $A6, ":", $A6)), INDIRECT(CONCATENATE($C6, "!$4:$4")), D$1) -> 0 | E6: =SUMIFS( INDIRECT(CONCATENATE($C6,"!", $A6, ":", $A6)), INDIRECT(CONCATENATE($C6, "!$4:$4")), E$1) -> 0 | F6: =SUMIFS( INDIRECT(CONCATENATE($C6,"!", $A6, ":", $A6)), INDIRECT(CONCATENATE($C6, "!$4:$4")), F$1) -> 0 | G6: =SUMIFS( INDIRECT(CONCATENATE($C6,"!", $A6, ":", $A6)), INDIRECT(CONCATENATE($C6, "!$4:$4")), G$1) -> 0 | H6: =SUMIFS( INDIRECT(CONCATENATE($C6,"!", $A6, ":", $A6)), INDIRECT(CONCATENATE($C6, "!$4:$4")), H$1) -> 0 | I6: =SUMIFS( INDIRECT(CONCATENATE($C6,"!", $A6, ":", $A6)), INDIRECT(CONCATENATE($C6, "!$4:$4")), I$1) -> 0 | J6: =SUMIFS( INDIRECT(CONCATENATE($C6,"!", $A6, ":", $A6)), INDIRECT(CONCATENATE($C6, "!$4:$4")), J$1) -> 0 | K6: =SUMIFS( INDIRECT(CONCATENATE($C6,"!", $A6, ":", $A6)), INDIRECT(CONCATENATE($C6, "!$4:$4")), K$1) -> 0 | ... AD6: =SUMIFS( INDIRECT(CONCATENATE($C6,"!", $A6, ":", $A6)), INDIRECT(CONCATENATE($C6, "!$4:$4")), AD$1) -> 2074.934
A7: =IFERROR(MATCH($B7, INDIRECT(CONCATENATE($C7, "!$B:$B")),0), 1) -> 49 | B7: DKW1 | C7: PV | D7: =SUMIFS( INDIRECT(CONCATENATE($C7,"!", $A7, ":", $A7)), INDIRECT(CONCATENATE($C7, "!$4:$4")), D$1) -> 0 | E7: =SUMIFS( INDIRECT(CONCATENATE($C7,"!", $A7, ":", $A7)), INDIRECT(CONCATENATE($C7, "!$4:$4")), E$1) -> 0 | F7: =SUMIFS( INDIRECT(CONCATENATE($C7,"!", $A7, ":", $A7)), INDIRECT(CONCATENATE($C7, "!$4:$4")), F$1) -> 0 | G7: =SUMIFS( INDIRECT(CONCATENATE($C7,"!", $A7, ":", $A7)), INDIRECT(CONCATENATE($C7, "!$4:$4")), G$1) -> 0 | H7: =SUMIFS( INDIRECT(CONCATENATE($C7,"!", $A7, ":", $A7)), INDIRECT(CONCATENATE($C7, "!$4:$4")), H$1) -> 0 | I7: =SUMIFS( INDIRECT(CONCATENATE($C7,"!", $A7, ":", $A7)), INDIRECT(CONCATENATE($C7, "!$4:$4")), I$1) -> 0 | J7: =SUMIFS( INDIRECT(CONCATENATE($C7,"!", $A7, ":", $A7)), INDIRECT(CONCATENATE($C7, "!$4:$4")), J$1) -> 0 | K7: =SUMIFS( INDIRECT(CONCATENATE($C7,"!", $A7, ":", $A7)), INDIRECT(CONCATENATE($C7, "!$4:$4")), K$1) -> 0 | ... AD7: =SUMIFS( INDIRECT(CONCATENATE($C7,"!", $A7, ":", $A7)), INDIRECT(CONCATENATE($C7, "!$4:$4")), AD$1) -> 5462.3145
A8: =IFERROR(MATCH($B8, INDIRECT(CONCATENATE($C8, "!$B:$B")),0), 1) -> 23 | B8: EE00 | C8: PV | D8: =SUMIFS( INDIRECT(CONCATENATE($C8,"!", $A8, ":", $A8)), INDIRECT(CONCATENATE($C8, "!$4:$4")), D$1) -> 0 | E8: =SUMIFS( INDIRECT(CONCATENATE($C8,"!", $A8, ":", $A8)), INDIRECT(CONCATENATE($C8, "!$4:$4")), E$1) -> 0 | F8: =SUMIFS( INDIRECT(CONCATENATE($C8,"!", $A8, ":", $A8)), INDIRECT(CONCATENATE($C8, "!$4:$4")), F$1) -> 0 | G8: =SUMIFS( INDIRECT(CONCATENATE($C8,"!", $A8, ":", $A8)), INDIRECT(CONCATENATE($C8, "!$4:$4")), G$1) -> 0 | H8: =SUMIFS( INDIRECT(CONCATENATE($C8,"!", $A8, ":", $A8)), INDIRECT(CONCATENATE($C8, "!$4:$4")), H$1) -> 0 | I8: =SUMIFS( INDIRECT(CONCATENATE($C8,"!", $A8, ":", $A8)), INDIRECT(CONCATENATE($C8, "!$4:$4")), I$1) -> 0 | J8: =SUMIFS( INDIRECT(CONCATENATE($C8,"!", $A8, ":", $A8)), INDIRECT(CONCATENATE($C8, "!$4:$4")), J$1) -> 0 | K8: =SUMIFS( INDIRECT(CONCATENATE($C8,"!", $A8, ":", $A8)), INDIRECT(CONCATENATE($C8, "!$4:$4")), K$1) -> 0 | ... AD8: =SUMIFS( INDIRECT(CONCATENATE($C8,"!", $A8, ":", $A8)), INDIRECT(CONCATENATE($C8, "!$4:$4")), AD$1) -> 2225.5745
A9: =IFERROR(MATCH($B9, INDIRECT(CONCATENATE($C9, "!$B:$B")),0), 1) -> 6 | B9: ES00 | C9: PV | D9: =SUMIFS( INDIRECT(CONCATENATE($C9,"!", $A9, ":", $A9)), INDIRECT(CONCATENATE($C9, "!$4:$4")), D$1) -> 0 | E9: =SUMIFS( INDIRECT(CONCATENATE($C9,"!", $A9, ":", $A9)), INDIRECT(CONCATENATE($C9, "!$4:$4")), E$1) -> 0 | F9: =SUMIFS( INDIRECT(CONCATENATE($C9,"!", $A9, ":", $A9)), INDIRECT(CONCATENATE($C9, "!$4:$4")), F$1) -> 0 | G9: =SUMIFS( INDIRECT(CONCATENATE($C9,"!", $A9, ":", $A9)), INDIRECT(CONCATENATE($C9, "!$4:$4")), G$1) -> 0 | H9: =SUMIFS( INDIRECT(CONCATENATE($C9,"!", $A9, ":", $A9)), INDIRECT(CONCATENATE($C9, "!$4:$4")), H$1) -> 0 | I9: =SUMIFS( INDIRECT(CONCATENATE($C9,"!", $A9, ":", $A9)), INDIRECT(CONCATENATE($C9, "!$4:$4")), I$1) -> 0 | J9: =SUMIFS( INDIRECT(CONCATENATE($C9,"!", $A9, ":", $A9)), INDIRECT(CONCATENATE($C9, "!$4:$4")), J$1) -> 0 | K9: =SUMIFS( INDIRECT(CONCATENATE($C9,"!", $A9, ":", $A9)), INDIRECT(CONCATENATE($C9, "!$4:$4")), K$1) -> 0 | ... AD9: =SUMIFS( INDIRECT(CONCATENATE($C9,"!", $A9, ":", $A9)), INDIRECT(CONCATENATE($C9, "!$4:$4")), AD$1) -> 63683.231
A10: =IFERROR(MATCH($B10, INDIRECT(CONCATENATE($C10, "!$B:$B")),0), 1) -> 25 | B10: FI00 | C10: PV | D10: =SUMIFS( INDIRECT(CONCATENATE($C10,"!", $A10, ":", $A10)), INDIRECT(CONCATENATE($C10, "!$4:$4")), D$1) -> 0 | E10: =SUMIFS( INDIRECT(CONCATENATE($C10,"!", $A10, ":", $A10)), INDIRECT(CONCATENATE($C10, "!$4:$4")), E$1) -> 0 | F10: =SUMIFS( INDIRECT(CONCATENATE($C10,"!", $A10, ":", $A10)), INDIRECT(CONCATENATE($C10, "!$4:$4")), F$1) -> 0 | G10: =SUMIFS( INDIRECT(CONCATENATE($C10,"!", $A10, ":", $A10)), INDIRECT(CONCATENATE($C10, "!$4:$4")), G$1) -> 0 | H10: =SUMIFS( INDIRECT(CONCATENATE($C10,"!", $A10, ":", $A10)), INDIRECT(CONCATENATE($C10, "!$4:$4")), H$1) -> 0 | I10: =SUMIFS( INDIRECT(CONCATENATE($C10,"!", $A10, ":", $A10)), INDIRECT(CONCATENATE($C10, "!$4:$4")), I$1) -> 0 | J10: =SUMIFS( INDIRECT(CONCATENATE($C10,"!", $A10, ":", $A10)), INDIRECT(CONCATENATE($C10, "!$4:$4")), J$1) -> 0 | K10: =SUMIFS( INDIRECT(CONCATENATE($C10,"!", $A10, ":", $A10)), INDIRECT(CONCATENATE($C10, "!$4:$4")), K$1) -> 0 | ... AD10: =SUMIFS( INDIRECT(CONCATENATE($C10,"!", $A10, ":", $A10)), INDIRECT(CONCATENATE($C10, "!$4:$4")), AD$1) -> 2108.5714
A11: =IFERROR(MATCH($B11, INDIRECT(CONCATENATE($C11, "!$B:$B")),0), 1) -> 9 | B11: FR00 | C11: PV | D11: =SUMIFS( INDIRECT(CONCATENATE($C11,"!", $A11, ":", $A11)), INDIRECT(CONCATENATE($C11, "!$4:$4")), D$1) -> 0 | E11: =SUMIFS( INDIRECT(CONCATENATE($C11,"!", $A11, ":", $A11)), INDIRECT(CONCATENATE($C11, "!$4:$4")), E$1) -> 0 | F11: =SUMIFS( INDIRECT(CONCATENATE($C11,"!", $A11, ":", $A11)), INDIRECT(CONCATENATE($C11, "!$4:$4")), F$1) -> 0 | G11: =SUMIFS( INDIRECT(CONCATENATE($C11,"!", $A11, ":", $A11)), INDIRECT(CONCATENATE($C11, "!$4:$4")), G$1) -> 0 | H11: =SUMIFS( INDIRECT(CONCATENATE($C11,"!", $A11, ":", $A11)), INDIRECT(CONCATENATE($C11, "!$4:$4")), H$1) -> 0 | I11: =SUMIFS( INDIRECT(CONCATENATE($C11,"!", $A11, ":", $A11)), INDIRECT(CONCATENATE($C11, "!$4:$4")), I$1) -> 0 | J11: =SUMIFS( INDIRECT(CONCATENATE($C11,"!", $A11, ":", $A11)), INDIRECT(CONCATENATE($C11, "!$4:$4")), J$1) -> 0 | K11: =SUMIFS( INDIRECT(CONCATENATE($C11,"!", $A11, ":", $A11)), INDIRECT(CONCATENATE($C11, "!$4:$4")), K$1) -> 0 | ... AD11: =SUMIFS( INDIRECT(CONCATENATE($C11,"!", $A11, ":", $A11)), INDIRECT(CONCATENATE($C11, "!$4:$4")), AD$1) -> 41908.849
A12: =IFERROR(MATCH($B12, INDIRECT(CONCATENATE($C12, "!$B:$B")),0), 1) -> 21 | B12: LT00 | C12: PV | D12: =SUMIFS( INDIRECT(CONCATENATE($C12,"!", $A12, ":", $A12)), INDIRECT(CONCATENATE($C12, "!$4:$4")), D$1) -> 0 | E12: =SUMIFS( INDIRECT(CONCATENATE($C12,"!", $A12, ":", $A12)), INDIRECT(CONCATENATE($C12, "!$4:$4")), E$1) -> 0 | F12: =SUMIFS( INDIRECT(CONCATENATE($C12,"!", $A12, ":", $A12)), INDIRECT(CONCATENATE($C12, "!$4:$4")), F$1) -> 0 | G12: =SUMIFS( INDIRECT(CONCATENATE($C12,"!", $A12, ":", $A12)), INDIRECT(CONCATENATE($C12, "!$4:$4")), G$1) -> 0 | H12: =SUMIFS( INDIRECT(CONCATENATE($C12,"!", $A12, ":", $A12)), INDIRECT(CONCATENATE($C12, "!$4:$4")), H$1) -> 0 | I12: =SUMIFS( INDIRECT(CONCATENATE($C12,"!", $A12, ":", $A12)), INDIRECT(CONCATENATE($C12, "!$4:$4")), I$1) -> 0 | J12: =SUMIFS( INDIRECT(CONCATENATE($C12,"!", $A12, ":", $A12)), INDIRECT(CONCATENATE($C12, "!$4:$4")), J$1) -> 0 | K12: =SUMIFS( INDIRECT(CONCATENATE($C12,"!", $A12, ":", $A12)), INDIRECT(CONCATENATE($C12, "!$4:$4")), K$1) -> 0 | ... AD12: =SUMIFS( INDIRECT(CONCATENATE($C12,"!", $A12, ":", $A12)), INDIRECT(CONCATENATE($C12, "!$4:$4")), AD$1) -> 4242.1941
A13: =IFERROR(MATCH($B13, INDIRECT(CONCATENATE($C13, "!$B:$B")),0), 1) -> 30 | B13: LV00 | C13: PV | D13: =SUMIFS( INDIRECT(CONCATENATE($C13,"!", $A13, ":", $A13)), INDIRECT(CONCATENATE($C13, "!$4:$4")), D$1) -> 0 | E13: =SUMIFS( INDIRECT(CONCATENATE($C13,"!", $A13, ":", $A13)), INDIRECT(CONCATENATE($C13, "!$4:$4")), E$1) -> 0 | F13: =SUMIFS( INDIRECT(CONCATENATE($C13,"!", $A13, ":", $A13)), INDIRECT(CONCATENATE($C13, "!$4:$4")), F$1) -> 0 | G13: =SUMIFS( INDIRECT(CONCATENATE($C13,"!", $A13, ":", $A13)), INDIRECT(CONCATENATE($C13, "!$4:$4")), G$1) -> 0 | H13: =SUMIFS( INDIRECT(CONCATENATE($C13,"!", $A13, ":", $A13)), INDIRECT(CONCATENATE($C13, "!$4:$4")), H$1) -> 0 | I13: =SUMIFS( INDIRECT(CONCATENATE($C13,"!", $A13, ":", $A13)), INDIRECT(CONCATENATE($C13, "!$4:$4")), I$1) -> 0 | J13: =SUMIFS( INDIRECT(CONCATENATE($C13,"!", $A13, ":", $A13)), INDIRECT(CONCATENATE($C13, "!$4:$4")), J$1) -> 0 | K13: =SUMIFS( INDIRECT(CONCATENATE($C13,"!", $A13, ":", $A13)), INDIRECT(CONCATENATE($C13, "!$4:$4")), K$1) -> 0 | ... AD13: =SUMIFS( INDIRECT(CONCATENATE($C13,"!", $A13, ":", $A13)), INDIRECT(CONCATENATE($C13, "!$4:$4")), AD$1) -> 1189.0259
... A69: =IFERROR(MATCH($B69, INDIRECT(CONCATENATE($C69, "!$B:$B")),0), 1) -> 5 | B69: UK00 | C69: offshore | D69: =SUMIFS( INDIRECT(CONCATENATE($C69,"!", $A69, ":", $A69)), INDIRECT(CONCATENATE($C69, "!$4:$4")), D$1) -> 0 | E69: =SUMIFS( INDIRECT(CONCATENATE($C69,"!", $A69, ":", $A69)), INDIRECT(CONCATENATE($C69, "!$4:$4")), E$1) -> 0 | F69: =SUMIFS( INDIRECT(CONCATENATE($C69,"!", $A69, ":", $A69)), INDIRECT(CONCATENATE($C69, "!$4:$4")), F$1) -> 0 | G69: =SUMIFS( INDIRECT(CONCATENATE($C69,"!", $A69, ":", $A69)), INDIRECT(CONCATENATE($C69, "!$4:$4")), G$1) -> 0 | H69: =SUMIFS( INDIRECT(CONCATENATE($C69,"!", $A69, ":", $A69)), INDIRECT(CONCATENATE($C69, "!$4:$4")), H$1) -> 0 | I69: =SUMIFS( INDIRECT(CONCATENATE($C69,"!", $A69, ":", $A69)), INDIRECT(CONCATENATE($C69, "!$4:$4")), I$1) -> 0 | J69: =SUMIFS( INDIRECT(CONCATENATE($C69,"!", $A69, ":", $A69)), INDIRECT(CONCATENATE($C69, "!$4:$4")), J$1) -> 0 | K69: =SUMIFS( INDIRECT(CONCATENATE($C69,"!", $A69, ":", $A69)), INDIRECT(CONCATENATE($C69, "!$4:$4")), K$1) -> 0 | ... AD69: =SUMIFS( INDIRECT(CONCATENATE($C69,"!", $A69, ":", $A69)), INDIRECT(CONCATENATE($C69, "!$4:$4")), AD$1) -> 27952.152
O73: =SUM(O25:O69) -> 77825 | P73: =SUM(P25:P69) -> 86410 | Q73: =SUM(Q25:Q69) -> 95781 | R73: =SUM(R25:R69) -> 106433 | S73: =SUM(S25:S69) -> 119029 | T73: =SUM(T25:T69) -> 129158 | U73: =SUM(U25:U69) -> 144104 | V73: =SUM(V25:V69) -> 153134 | ... AD73: =SUM(AD25:AD69) -> 326116.03
O74: =SUM(O2:O23) -> 35296.6 | P74: =SUM(P2:P23) -> 47162.2 | Q74: =SUM(Q2:Q23) -> 55244.5 | R74: =SUM(R2:R23) -> 60828.5 | S74: =SUM(S2:S23) -> 68762.5 | T74: =SUM(T2:T23) -> 74571 | U74: =SUM(U2:U23) -> 79740 | V74: =SUM(V2:V23) -> 88256 | ... AD74: =SUM(AD2:AD23) -> 425177.67

Sheet unitdata_VRE
A1: Country | B1: unittype | C1: Scenario | D1: Year | E1: capacity_output1 | F1: vomCosts | G1: method | L1: ## | M1: ##
A2: ## PV
A3: AT00 | B3: solarPV | C3: Observed Trends | D3: 2015 | E3: =ROUND(VLOOKUP($A3, 'VRE summary'!$B$2:$AD$23, MATCH($D3, 'VRE summary'!$B$1:$AD$1, 0), FALSE), 0) -> 937 | F3: =ROUND( VLOOKUP($B3,$L$5:$M$7, 2, FALSE) * (1+ VLOOKUP($A3,'vomcost mult'!$N$10:$R$32,5, FALSE)), 2) -> 1.69 | G3: =IF(E3<50, "remove", "")
A4: BE00 | B4: solarPV | C4: Observed Trends | D4: 2015 | E4: =ROUND(VLOOKUP($A4, 'VRE summary'!$B$2:$AD$23, MATCH($D4, 'VRE summary'!$B$1:$AD$1, 0), FALSE), 0) -> 3132 | F4: =ROUND( VLOOKUP($B4,$L$5:$M$7, 2, FALSE) * (1+ VLOOKUP($A4,'vomcost mult'!$N$10:$R$32,5, FALSE)), 2) -> 1.68 | G4: =IF(E4<50, "remove", "") | M4: vomCosts
A5: CH00 | B5: solarPV | C5: Observed Trends | D5: 2015 | E5: =ROUND(VLOOKUP($A5, 'VRE summary'!$B$2:$AD$23, MATCH($D5, 'VRE summary'!$B$1:$AD$1, 0), FALSE), 0) -> 1394 | F5: =ROUND( VLOOKUP($B5,$L$5:$M$7, 2, FALSE) * (1+ VLOOKUP($A5,'vomcost mult'!$N$10:$R$32,5, FALSE)), 2) -> 2.18 | G5: =IF(E5<50, "remove", "") | L5: windOnshore | M5: =SUMIFS([1]unittypedata!$S:$S,[1]unittypedata!$D:$D,L5) -> 1.75
A6: DE00 | B6: solarPV | C6: Observed Trends | D6: 2015 | E6: =ROUND(VLOOKUP($A6, 'VRE summary'!$B$2:$AD$23, MATCH($D6, 'VRE summary'!$B$1:$AD$1, 0), FALSE), 0) -> 39222 | F6: =ROUND( VLOOKUP($B6,$L$5:$M$7, 2, FALSE) * (1+ VLOOKUP($A6,'vomcost mult'!$N$10:$R$32,5, FALSE)), 2) -> 1.66 | G6: =IF(E6<50, "remove", "") | L6: windOffshore | M6: =SUMIFS([1]unittypedata!$S:$S,[1]unittypedata!$D:$D,L6) -> 2
A7: DKE1 | B7: solarPV | C7: Observed Trends | D7: 2015 | E7: =ROUND(VLOOKUP($A7, 'VRE summary'!$B$2:$AD$23, MATCH($D7, 'VRE summary'!$B$1:$AD$1, 0), FALSE), 0) -> 215 | F7: =ROUND( VLOOKUP($B7,$L$5:$M$7, 2, FALSE) * (1+ VLOOKUP($A7,'vomcost mult'!$N$10:$R$32,5, FALSE)), 2) -> 1.88 | G7: =IF(E7<50, "remove", "") | L7: solarPV | M7: =SUMIFS([1]unittypedata!$S:$S,[1]unittypedata!$D:$D,L7) -> 1.5
A8: DKW1 | B8: solarPV | C8: Observed Trends | D8: 2015 | E8: =ROUND(VLOOKUP($A8, 'VRE summary'!$B$2:$AD$23, MATCH($D8, 'VRE summary'!$B$1:$AD$1, 0), FALSE), 0) -> 567 | F8: =ROUND( VLOOKUP($B8,$L$5:$M$7, 2, FALSE) * (1+ VLOOKUP($A8,'vomcost mult'!$N$10:$R$32,5, FALSE)), 2) -> 1.86 | G8: =IF(E8<50, "remove", "")
A9: EE00 | B9: solarPV | C9: Observed Trends | D9: 2015 | E9: =ROUND(VLOOKUP($A9, 'VRE summary'!$B$2:$AD$23, MATCH($D9, 'VRE summary'!$B$1:$AD$1, 0), FALSE), 0) -> 7 | F9: =ROUND( VLOOKUP($B9,$L$5:$M$7, 2, FALSE) * (1+ VLOOKUP($A9,'vomcost mult'!$N$10:$R$32,5, FALSE)), 2) -> 1.19 | G9: =IF(E9<50, "remove", "") -> remove
A10: ES00 | B10: solarPV | C10: Observed Trends | D10: 2015 | E10: =ROUND(VLOOKUP($A10, 'VRE summary'!$B$2:$AD$23, MATCH($D10, 'VRE summary'!$B$1:$AD$1, 0), FALSE), 0) -> 4704 | F10: =ROUND( VLOOKUP($B10,$L$5:$M$7, 2, FALSE) * (1+ VLOOKUP($A10,'vomcost mult'!$N$10:$R$32,5, FALSE)), 2) -> 1.38 | G10: =IF(E10<50, "remove", "")
A11: FI00 | B11: solarPV | C11: Observed Trends | D11: 2015 | E11: =ROUND(VLOOKUP($A11, 'VRE summary'!$B$2:$AD$23, MATCH($D11, 'VRE summary'!$B$1:$AD$1, 0), FALSE), 0) -> 17 | F11: =ROUND( VLOOKUP($B11,$L$5:$M$7, 2, FALSE) * (1+ VLOOKUP($A11,'vomcost mult'!$N$10:$R$32,5, FALSE)), 2) -> 1.66 | G11: =IF(E11<50, "remove", "") -> remove
A12: FR00 | B12: solarPV | C12: Observed Trends | D12: 2015 | E12: =ROUND(VLOOKUP($A12, 'VRE summary'!$B$2:$AD$23, MATCH($D12, 'VRE summary'!$B$1:$AD$1, 0), FALSE), 0) -> 7138 | F12: =ROUND( VLOOKUP($B12,$L$5:$M$7, 2, FALSE) * (1+ VLOOKUP($A12,'vomcost mult'!$N$10:$R$32,5, FALSE)), 2) -> 1.58 | G12: =IF(E12<50, "remove", "")
A13: LT00 | B13: solarPV | C13: Observed Trends | D13: 2015 | E13: =ROUND(VLOOKUP($A13, 'VRE summary'!$B$2:$AD$23, MATCH($D13, 'VRE summary'!$B$1:$AD$1, 0), FALSE), 0) -> 69 | F13: =ROUND( VLOOKUP($B13,$L$5:$M$7, 2, FALSE) * (1+ VLOOKUP($A13,'vomcost mult'!$N$10:$R$32,5, FALSE)), 2) -> 1.15 | G13: =IF(E13<50, "remove", "")
A14: LV00 | B14: solarPV | C14: Observed Trends | D14: 2015 | E14: =ROUND(VLOOKUP($A14, 'VRE summary'!$B$2:$AD$23, MATCH($D14, 'VRE summary'!$B$1:$AD$1, 0), FALSE), 0) -> 2 | F14: =ROUND( VLOOKUP($B14,$L$5:$M$7, 2, FALSE) * (1+ VLOOKUP($A14,'vomcost mult'!$N$10:$R$32,5, FALSE)), 2) -> 1.05 | G14: =IF(E14<50, "remove", "") -> remove
A15: NL00 | B15: solarPV | C15: Observed Trends | D15: 2015 | E15: =ROUND(VLOOKUP($A15, 'VRE summary'!$B$2:$AD$23, MATCH($D15, 'VRE summary'!$B$1:$AD$1, 0), FALSE), 0) -> 1526 | F15: =ROUND( VLOOKUP($B15,$L$5:$M$7, 2, FALSE) * (1+ VLOOKUP($A15,'vomcost mult'!$N$10:$R$32,5, FALSE)), 2) -> 1.77 | G15: =IF(E15<50, "remove", "")
A16: NOM1 | B16: solarPV | C16: Observed Trends | D16: 2015 | E16: =ROUND(VLOOKUP($A16, 'VRE summary'!$B$2:$AD$23, MATCH($D16, 'VRE summary'!$B$1:$AD$1, 0), FALSE), 0) -> 5 | F16: =ROUND( VLOOKUP($B16,$L$5:$M$7, 2, FALSE) * (1+ VLOOKUP($A16,'vomcost mult'!$N$10:$R$32,5, FALSE)), 2) -> 1.97 | G16: =IF(E16<50, "remove", "") -> remove
A17: NON1 | B17: solarPV | C17: Observed Trends | D17: 2015 | E17: =ROUND(VLOOKUP($A17, 'VRE summary'!$B$2:$AD$23, MATCH($D17, 'VRE summary'!$B$1:$AD$1, 0), FALSE), 0) -> 1 | F17: =ROUND( VLOOKUP($B17,$L$5:$M$7, 2, FALSE) * (1+ VLOOKUP($A17,'vomcost mult'!$N$10:$R$32,5, FALSE)), 2) -> 1.99 | G17: =IF(E17<50, "remove", "") -> remove
A18: NOS0 | B18: solarPV | C18: Observed Trends | D18: 2015 | E18: =ROUND(VLOOKUP($A18, 'VRE summary'!$B$2:$AD$23, MATCH($D18, 'VRE summary'!$B$1:$AD$1, 0), FALSE), 0) -> 14 | F18: =ROUND( VLOOKUP($B18,$L$5:$M$7, 2, FALSE) * (1+ VLOOKUP($A18,'vomcost mult'!$N$10:$R$32,5, FALSE)), 2) -> 1.94 | G18: =IF(E18<50, "remove", "") -> remove
A19: PL00 | B19: solarPV | C19: Observed Trends | D19: 2015 | E19: =ROUND(VLOOKUP($A19, 'VRE summary'!$B$2:$AD$23, MATCH($D19, 'VRE summary'!$B$1:$AD$1, 0), FALSE), 0) -> 108 | F19: =ROUND( VLOOKUP($B19,$L$5:$M$7, 2, FALSE) * (1+ VLOOKUP($A19,'vomcost mult'!$N$10:$R$32,5, FALSE)), 2) -> 1.04 | G19: =IF(E19<50, "remove", "")
... A90: UK00 | B90: solarPV | C90: Observed Trends | D90: 2030 | E90: =ROUND(VLOOKUP($A90, 'VRE summary'!$B$2:$AD$23, MATCH($D90, 'VRE summary'!$B$1:$AD$1, 0), FALSE), 0) -> 27943 | F90: =ROUND( VLOOKUP($B90,$L$5:$M$7, 2, FALSE) * (1+ VLOOKUP($A90,'vomcost mult'!$N$10:$R$32,5, FALSE)), 2) -> 1.75 | G90: =IF(E90<50, "remove", "")
A91: ## Onshore
A92: AT00 | B92: windOnshore | C92: Observed Trends | D92: 2015 | E92: =ROUND(VLOOKUP($A92, 'VRE summary'!$B$25:$AD$46, MATCH($D92, 'VRE summary'!$B$1:$AD$1, 0), FALSE), 0) -> 2404 | F92: =ROUND( VLOOKUP($B92,$L$5:$M$7, 2, FALSE) * (1+ VLOOKUP($A92,'vomcost mult'!$N$10:$R$32,5, FALSE)), 2) -> 1.97 | G92: =IF(E92<50, "remove", "")
A93: BE00 | B93: windOnshore | C93: Observed Trends | D93: 2015 | E93: =ROUND(VLOOKUP($A93, 'VRE summary'!$B$25:$AD$46, MATCH($D93, 'VRE summary'!$B$1:$AD$1, 0), FALSE), 0) -> 1457 | F93: =ROUND( VLOOKUP($B93,$L$5:$M$7, 2, FALSE) * (1+ VLOOKUP($A93,'vomcost mult'!$N$10:$R$32,5, FALSE)), 2) -> 1.96 | G93: =IF(E93<50, "remove", "")
A94: CH00 | B94: windOnshore | C94: Observed Trends | D94: 2015 | E94: =ROUND(VLOOKUP($A94, 'VRE summary'!$B$25:$AD$46, MATCH($D94, 'VRE summary'!$B$1:$AD$1, 0), FALSE), 0) -> 60 | F94: =ROUND( VLOOKUP($B94,$L$5:$M$7, 2, FALSE) * (1+ VLOOKUP($A94,'vomcost mult'!$N$10:$R$32,5, FALSE)), 2) -> 2.55 | G94: =IF(E94<50, "remove", "")
A95: DE00 | B95: windOnshore | C95: Observed Trends | D95: 2015 | E95: =ROUND(VLOOKUP($A95, 'VRE summary'!$B$25:$AD$46, MATCH($D95, 'VRE summary'!$B$1:$AD$1, 0), FALSE), 0) -> 41285 | F95: =ROUND( VLOOKUP($B95,$L$5:$M$7, 2, FALSE) * (1+ VLOOKUP($A95,'vomcost mult'!$N$10:$R$32,5, FALSE)), 2) -> 1.94 | G95: =IF(E95<50, "remove", "")
A96: DKE1 | B96: windOnshore | C96: Observed Trends | D96: 2015 | E96: =ROUND(VLOOKUP($A96, 'VRE summary'!$B$25:$AD$46, MATCH($D96, 'VRE summary'!$B$1:$AD$1, 0), FALSE), 0) -> 602 | F96: =ROUND( VLOOKUP($B96,$L$5:$M$7, 2, FALSE) * (1+ VLOOKUP($A96,'vomcost mult'!$N$10:$R$32,5, FALSE)), 2) -> 2.19 | G96: =IF(E96<50, "remove", "")
A97: DKW1 | B97: windOnshore | C97: Observed Trends | D97: 2015 | E97: =ROUND(VLOOKUP($A97, 'VRE summary'!$B$25:$AD$46, MATCH($D97, 'VRE summary'!$B$1:$AD$1, 0), FALSE), 0) -> 3202 | F97: =ROUND( VLOOKUP($B97,$L$5:$M$7, 2, FALSE) * (1+ VLOOKUP($A97,'vomcost mult'!$N$10:$R$32,5, FALSE)), 2) -> 2.17 | G97: =IF(E97<50, "remove", "")
A98: EE00 | B98: windOnshore | C98: Observed Trends | D98: 2015 | E98: =ROUND(VLOOKUP($A98, 'VRE summary'!$B$25:$AD$46, MATCH($D98, 'VRE summary'!$B$1:$AD$1, 0), FALSE), 0) -> 302 | F98: =ROUND( VLOOKUP($B98,$L$5:$M$7, 2, FALSE) * (1+ VLOOKUP($A98,'vomcost mult'!$N$10:$R$32,5, FALSE)), 2) -> 1.39 | G98: =IF(E98<50, "remove", "")
A99: ES00 | B99: windOnshore | C99: Observed Trends | D99: 2015 | E99: =ROUND(VLOOKUP($A99, 'VRE summary'!$B$25:$AD$46, MATCH($D99, 'VRE summary'!$B$1:$AD$1, 0), FALSE), 0) -> 22982 | F99: =ROUND( VLOOKUP($B99,$L$5:$M$7, 2, FALSE) * (1+ VLOOKUP($A99,'vomcost mult'!$N$10:$R$32,5, FALSE)), 2) -> 1.6 | G99: =IF(E99<50, "remove", "")
A100: FI00 | B100: windOnshore | C100: Observed Trends | D100: 2015 | E100: =ROUND(VLOOKUP($A100, 'VRE summary'!$B$25:$AD$46, MATCH($D100, 'VRE summary'!$B$1:$AD$1, 0), FALSE), 0) -> 977 | F100: =ROUND( VLOOKUP($B100,$L$5:$M$7, 2, FALSE) * (1+ VLOOKUP($A100,'vomcost mult'!$N$10:$R$32,5, FALSE)), 2) -> 1.94 | G100: =IF(E100<50, "remove", "")
A101: FR00 | B101: windOnshore | C101: Observed Trends | D101: 2015 | E101: =ROUND(VLOOKUP($A101, 'VRE summary'!$B$25:$AD$46, MATCH($D101, 'VRE summary'!$B$1:$AD$1, 0), FALSE), 0) -> 10324 | F101: =ROUND( VLOOKUP($B101,$L$5:$M$7, 2, FALSE) * (1+ VLOOKUP($A101,'vomcost mult'!$N$10:$R$32,5, FALSE)), 2) -> 1.84 | G101: =IF(E101<50, "remove", "")
A102: LT00 | B102: windOnshore | C102: Observed Trends | D102: 2015 | E102: =ROUND(VLOOKUP($A102, 'VRE summary'!$B$25:$AD$46, MATCH($D102, 'VRE summary'!$B$1:$AD$1, 0), FALSE), 0) -> 421 | F102: =ROUND( VLOOKUP($B102,$L$5:$M$7, 2, FALSE) * (1+ VLOOKUP($A102,'vomcost mult'!$N$10:$R$32,5, FALSE)), 2) -> 1.34 | G102: =IF(E102<50, "remove", "")
A103: LV00 | B103: windOnshore | C103: Observed Trends | D103: 2015 | E103: =ROUND(VLOOKUP($A103, 'VRE summary'!$B$25:$AD$46, MATCH($D103, 'VRE summary'!$B$1:$AD$1, 0), FALSE), 0) -> 69 | F103: =ROUND( VLOOKUP($B103,$L$5:$M$7, 2, FALSE) * (1+ VLOOKUP($A103,'vomcost mult'!$N$10:$R$32,5, FALSE)), 2) -> 1.23 | G103: =IF(E103<50, "remove", "")
... A179: UK00 | B179: windOnshore | C179: Observed Trends | D179: 2030 | E179: =ROUND(VLOOKUP($A179, 'VRE summary'!$B$25:$AD$46, MATCH($D179, 'VRE summary'!$B$1:$AD$1, 0), FALSE), 0) -> 19388 | F179: =ROUND( VLOOKUP($B179,$L$5:$M$7, 2, FALSE) * (1+ VLOOKUP($A179,'vomcost mult'!$N$10:$R$32,5, FALSE)), 2) -> 2.04 | G179: =IF(E179<50, "remove", "")
A180: ## Offshore
A181: AT00 | B181: windOffshore | C181: Observed Trends | D181: 2015 | E181: =ROUND(VLOOKUP($A181, 'VRE summary'!$B$48:$AD$69, MATCH($D181, 'VRE summary'!$B$1:$AD$1, 0), FALSE), 0) -> 0 | F181: =ROUND( VLOOKUP($B181,$L$5:$M$7, 2, FALSE) * (1+ VLOOKUP($A181,'vomcost mult'!$N$10:$R$32,5, FALSE)), 2) -> 2.26 | G181: =IF(E181<50, "remove", "") -> remove
A182: BE00 | B182: windOffshore | C182: Observed Trends | D182: 2015 | E182: =ROUND(VLOOKUP($A182, 'VRE summary'!$B$48:$AD$69, MATCH($D182, 'VRE summary'!$B$1:$AD$1, 0), FALSE), 0) -> 712 | F182: =ROUND( VLOOKUP($B182,$L$5:$M$7, 2, FALSE) * (1+ VLOOKUP($A182,'vomcost mult'!$N$10:$R$32,5, FALSE)), 2) -> 2.24 | G182: =IF(E182<50, "remove", "")
A183: CH00 | B183: windOffshore | C183: Observed Trends | D183: 2015 | E183: =ROUND(VLOOKUP($A183, 'VRE summary'!$B$48:$AD$69, MATCH($D183, 'VRE summary'!$B$1:$AD$1, 0), FALSE), 0) -> 0 | F183: =ROUND( VLOOKUP($B183,$L$5:$M$7, 2, FALSE) * (1+ VLOOKUP($A183,'vomcost mult'!$N$10:$R$32,5, FALSE)), 2) -> 2.91 | G183: =IF(E183<50, "remove", "") -> remove
A184: DE00 | B184: windOffshore | C184: Observed Trends | D184: 2015 | E184: =ROUND(VLOOKUP($A184, 'VRE summary'!$B$48:$AD$69, MATCH($D184, 'VRE summary'!$B$1:$AD$1, 0), FALSE), 0) -> 3295 | F184: =ROUND( VLOOKUP($B184,$L$5:$M$7, 2, FALSE) * (1+ VLOOKUP($A184,'vomcost mult'!$N$10:$R$32,5, FALSE)), 2) -> 2.22 | G184: =IF(E184<50, "remove", "")
A185: DKE1 | B185: windOffshore | C185: Observed Trends | D185: 2015 | E185: =ROUND(VLOOKUP($A185, 'VRE summary'!$B$48:$AD$69, MATCH($D185, 'VRE summary'!$B$1:$AD$1, 0), FALSE), 0) -> 852 | F185: =ROUND( VLOOKUP($B185,$L$5:$M$7, 2, FALSE) * (1+ VLOOKUP($A185,'vomcost mult'!$N$10:$R$32,5, FALSE)), 2) -> 2.5 | G185: =IF(E185<50, "remove", "")
A186: DKW1 | B186: windOffshore | C186: Observed Trends | D186: 2015 | E186: =ROUND(VLOOKUP($A186, 'VRE summary'!$B$48:$AD$69, MATCH($D186, 'VRE summary'!$B$1:$AD$1, 0), FALSE), 0) -> 419 | F186: =ROUND( VLOOKUP($B186,$L$5:$M$7, 2, FALSE) * (1+ VLOOKUP($A186,'vomcost mult'!$N$10:$R$32,5, FALSE)), 2) -> 2.48 | G186: =IF(E186<50, "remove", "")
A187: EE00 | B187: windOffshore | C187: Observed Trends | D187: 2015 | E187: =ROUND(VLOOKUP($A187, 'VRE summary'!$B$48:$AD$69, MATCH($D187, 'VRE summary'!$B$1:$AD$1, 0), FALSE), 0) -> 0 | F187: =ROUND( VLOOKUP($B187,$L$5:$M$7, 2, FALSE) * (1+ VLOOKUP($A187,'vomcost mult'!$N$10:$R$32,5, FALSE)), 2) -> 1.59 | G187: =IF(E187<50, "remove", "") -> remove
A188: ES00 | B188: windOffshore | C188: Observed Trends | D188: 2015 | E188: =ROUND(VLOOKUP($A188, 'VRE summary'!$B$48:$AD$69, MATCH($D188, 'VRE summary'!$B$1:$AD$1, 0), FALSE), 0) -> 5 | F188: =ROUND( VLOOKUP($B188,$L$5:$M$7, 2, FALSE) * (1+ VLOOKUP($A188,'vomcost mult'!$N$10:$R$32,5, FALSE)), 2) -> 1.83 | G188: =IF(E188<50, "remove", "") -> remove
A189: FI00 | B189: windOffshore | C189: Observed Trends | D189: 2015 | E189: =ROUND(VLOOKUP($A189, 'VRE summary'!$B$48:$AD$69, MATCH($D189, 'VRE summary'!$B$1:$AD$1, 0), FALSE), 0) -> 28 | F189: =ROUND( VLOOKUP($B189,$L$5:$M$7, 2, FALSE) * (1+ VLOOKUP($A189,'vomcost mult'!$N$10:$R$32,5, FALSE)), 2) -> 2.22 | G189: =IF(E189<50, "remove", "") -> remove
A190: FR00 | B190: windOffshore | C190: Observed Trends | D190: 2015 | E190: =ROUND(VLOOKUP($A190, 'VRE summary'!$B$48:$AD$69, MATCH($D190, 'VRE summary'!$B$1:$AD$1, 0), FALSE), 0) -> 0 | F190: =ROUND( VLOOKUP($B190,$L$5:$M$7, 2, FALSE) * (1+ VLOOKUP($A190,'vomcost mult'!$N$10:$R$32,5, FALSE)), 2) -> 2.11 | G190: =IF(E190<50, "remove", "") -> remove
A191: LT00 | B191: windOffshore | C191: Observed Trends | D191: 2015 | E191: =ROUND(VLOOKUP($A191, 'VRE summary'!$B$48:$AD$69, MATCH($D191, 'VRE summary'!$B$1:$AD$1, 0), FALSE), 0) -> 0 | F191: =ROUND( VLOOKUP($B191,$L$5:$M$7, 2, FALSE) * (1+ VLOOKUP($A191,'vomcost mult'!$N$10:$R$32,5, FALSE)), 2) -> 1.53 | G191: =IF(E191<50, "remove", "") -> remove
A192: LV00 | B192: windOffshore | C192: Observed Trends | D192: 2015 | E192: =ROUND(VLOOKUP($A192, 'VRE summary'!$B$48:$AD$69, MATCH($D192, 'VRE summary'!$B$1:$AD$1, 0), FALSE), 0) -> 0 | F192: =ROUND( VLOOKUP($B192,$L$5:$M$7, 2, FALSE) * (1+ VLOOKUP($A192,'vomcost mult'!$N$10:$R$32,5, FALSE)), 2) -> 1.4 | G192: =IF(E192<50, "remove", "") -> remove
... A268: UK00 | B268: windOffshore | C268: Observed Trends | D268: 2030 | E268: =ROUND(VLOOKUP($A268, 'VRE summary'!$B$48:$AD$69, MATCH($D268, 'VRE summary'!$B$1:$AD$1, 0), FALSE), 0) -> 27952 | F268: =ROUND( VLOOKUP($B268,$L$5:$M$7, 2, FALSE) * (1+ VLOOKUP($A268,'vomcost mult'!$N$10:$R$32,5, FALSE)), 2) -> 2.33 | G268: =IF(E268<50, "remove", "")

Sheet battery_data
B2: Germany
E4: https://www.energy-charts.info/charts/installed_power/chart.htm?l=en&c=DE&legendItems=2w2wa
E6: Year | F6: Battery storage (power) | G6: Battery storage (capacity)
F7: Net power (GW) | G7: Capacity (GWh)
E8: 2002 | F8: 0.001 | G8: 0.001
E9: 2003 | F9: 0.001 | G9: 0.001
E10: 2004 | F10: 0.001 | G10: 0.001
E11: 2005 | F11: 0.001 | G11: 0.002
E12: 2006 | F12: 0.001 | G12: 0.002
E13: 2007 | F13: 0.002 | G13: 0.002
E14: 2008 | F14: 0.003 | G14: 0.003
E15: 2009 | F15: 0.003 | G15: 0.004
E16: 2010 | F16: 0.005 | G16: 0.005
E17: 2011 | F17: 0.007 | G17: 0.008
E18: 2012 | F18: 0.011 | G18: 0.014
E19: 2013 | F19: 0.025 | G19: 0.033
E20: 2014 | F20: 0.061 | G20: 0.081
E21: 2015 | F21: 0.103 | G21: 0.142a
E22: 2016 | F22: 0.278 | G22: 0.342
E23: 2017 | F23: 0.453 | G23: 0.584
E24: 2018 | F24: 0.726 | G24: 0.983
E25: 2019 | F25: 1.012 | G25: 1.443
E26: 2020 | F26: 1.563 | G26: 2.332
E27: 2021 | F27: 2.42 | G27: 3.717
E28: 2022 | F28: 4.2 | G28: 6.343
E29: 2023 | F29: 8.356 | G29: 12.436
E30: 2024 | F30: 12.651 | G30: 18.614
E31: 2025 | F31: 16.792 | G31: 25.299
E32: 2026 | F32: 18.586 | G32: 28.463
E33: 2030 | F33: {=TREND(F$30:F$32,$E$30:$E$32,$E33)} -> 30.847167 | G33: {=TREND(G$30:G$32,$E$30:$E$32,$E33)} -> 48.747833
B36: Switzerland
B43: 2021 | C43: 160
B44: 2022 | C44: 326
B45: 2023 | C45: 607
B46: 2024 | C46: 896
B47: 2025 | C47: 1451
B48: 2026 | C48: 2461
B50: 2030 | C50: =1.5*C48 -> 3691.5

Sheet unitdata_battery
A1: Country | B1: unittype | C1: Scenario | D1: Year | E1: capacity_output1 | F1: vomCosts | G1: method | K1: ## | L1: ## | M1: ## | N1: ## | O1: ## | P1: ## | Q1: ## | R1: ## | S1: ##
A2: ## Query charger capacity from previous sheets
A3: AT00 | B3: BatteryCharger | C3: Observed Trends | D3: 2025 | E3: =VLOOKUP($A3, $M$12:$Q$33, MATCH($D3,$M$11:$Q$11,0), FALSE) -> 550 | F3: =ROUND( VLOOKUP($B3,$L$5:$M$8, 2, FALSE) * (1+ VLOOKUP($A3,'vomcost mult'!$N$10:$R$32,5, FALSE)), 2) -> 1.58 | G3: =IF(E3<10, "remove", "")
A4: BE00 | B4: BatteryCharger | C4: Observed Trends | D4: 2025 | E4: =VLOOKUP($A4, $M$12:$Q$33, MATCH($D4,$M$11:$Q$11,0), FALSE) -> 700 | F4: =ROUND( VLOOKUP($B4,$L$5:$M$8, 2, FALSE) * (1+ VLOOKUP($A4,'vomcost mult'!$N$10:$R$32,5, FALSE)), 2) -> 1.57 | G4: =IF(E4<10, "remove", "") | M4: vomCosts
A5: CH00 | B5: BatteryCharger | C5: Observed Trends | D5: 2025 | E5: =VLOOKUP($A5, $M$12:$Q$33, MATCH($D5,$M$11:$Q$11,0), FALSE) -> 1451 | F5: =ROUND( VLOOKUP($B5,$L$5:$M$8, 2, FALSE) * (1+ VLOOKUP($A5,'vomcost mult'!$N$10:$R$32,5, FALSE)), 2) -> 2.04 | G5: =IF(E5<10, "remove", "") | L5: BatteryCharger | M5: =SUMIFS([1]unittypedata!$S:$S, [1]unittypedata!$D:$D,L5) -> 1.4
A6: DE00 | B6: BatteryCharger | C6: Observed Trends | D6: 2025 | E6: =VLOOKUP($A6, $M$12:$Q$33, MATCH($D6,$M$11:$Q$11,0), FALSE) -> 16792 | F6: =ROUND( VLOOKUP($B6,$L$5:$M$8, 2, FALSE) * (1+ VLOOKUP($A6,'vomcost mult'!$N$10:$R$32,5, FALSE)), 2) -> 1.55 | G6: =IF(E6<10, "remove", "") | L6: BatteryDisch | M6: =SUMIFS([1]unittypedata!$S:$S, [1]unittypedata!$D:$D,L6) -> 1.4
A7: DKE1 | B7: BatteryCharger | C7: Observed Trends | D7: 2025 | E7: =VLOOKUP($A7, $M$12:$Q$33, MATCH($D7,$M$11:$Q$11,0), FALSE) -> 175 | F7: =ROUND( VLOOKUP($B7,$L$5:$M$8, 2, FALSE) * (1+ VLOOKUP($A7,'vomcost mult'!$N$10:$R$32,5, FALSE)), 2) -> 1.75 | G7: =IF(E7<10, "remove", "") | L7: BatteryCharger4h | M7: =SUMIFS([1]unittypedata!$S:$S, [1]unittypedata!$D:$D,L7) -> 1.6
A8: DKW1 | B8: BatteryCharger | C8: Observed Trends | D8: 2025 | E8: =VLOOKUP($A8, $M$12:$Q$33, MATCH($D8,$M$11:$Q$11,0), FALSE) -> 175 | F8: =ROUND( VLOOKUP($B8,$L$5:$M$8, 2, FALSE) * (1+ VLOOKUP($A8,'vomcost mult'!$N$10:$R$32,5, FALSE)), 2) -> 1.73 | G8: =IF(E8<10, "remove", "") | L8: BatteryDisch4h | M8: =SUMIFS([1]unittypedata!$S:$S, [1]unittypedata!$D:$D,L8) -> 1.6
A9: EE00 | B9: BatteryCharger | C9: Observed Trends | D9: 2025 | E9: =VLOOKUP($A9, $M$12:$Q$33, MATCH($D9,$M$11:$Q$11,0), FALSE) -> 300 | F9: =ROUND( VLOOKUP($B9,$L$5:$M$8, 2, FALSE) * (1+ VLOOKUP($A9,'vomcost mult'!$N$10:$R$32,5, FALSE)), 2) -> 1.11 | G9: =IF(E9<10, "remove", "")
A10: ES00 | B10: BatteryCharger | C10: Observed Trends | D10: 2025 | E10: =VLOOKUP($A10, $M$12:$Q$33, MATCH($D10,$M$11:$Q$11,0), FALSE) -> 560 | F10: =ROUND( VLOOKUP($B10,$L$5:$M$8, 2, FALSE) * (1+ VLOOKUP($A10,'vomcost mult'!$N$10:$R$32,5, FALSE)), 2) -> 1.28 | G10: =IF(E10<10, "remove", "")
A11: FI00 | B11: BatteryCharger | C11: Observed Trends | D11: 2025 | E11: =VLOOKUP($A11, $M$12:$Q$33, MATCH($D11,$M$11:$Q$11,0), FALSE) -> 1000 | F11: =ROUND( VLOOKUP($B11,$L$5:$M$8, 2, FALSE) * (1+ VLOOKUP($A11,'vomcost mult'!$N$10:$R$32,5, FALSE)), 2) -> 1.55 | G11: =IF(E11<10, "remove", "") | L11: country | M11: region | N11: 2015 | O11: 2020 | P11: 2025 | Q11: 2030
A12: FR00 | B12: BatteryCharger | C12: Observed Trends | D12: 2025 | E12: =VLOOKUP($A12, $M$12:$Q$33, MATCH($D12,$M$11:$Q$11,0), FALSE) -> 1500 | F12: =ROUND( VLOOKUP($B12,$L$5:$M$8, 2, FALSE) * (1+ VLOOKUP($A12,'vomcost mult'!$N$10:$R$32,5, FALSE)), 2) -> 1.48 | G12: =IF(E12<10, "remove", "") | L12: =LEFT(M12,2) -> AT | M12: AT00 | N12: 0 | O12: 0 | P12: 550 | Q12: 1400
A13: LT00 | B13: BatteryCharger | C13: Observed Trends | D13: 2025 | E13: =VLOOKUP($A13, $M$12:$Q$33, MATCH($D13,$M$11:$Q$11,0), FALSE) -> 550 | F13: =ROUND( VLOOKUP($B13,$L$5:$M$8, 2, FALSE) * (1+ VLOOKUP($A13,'vomcost mult'!$N$10:$R$32,5, FALSE)), 2) -> 1.07 | G13: =IF(E13<10, "remove", "") | L13: =LEFT(M13,2) -> BE | M13: BE00 | N13: 0 | O13: 0 | P13: 700 | Q13: 2000 | S13: https://www.elia.be/en/customers/connection/grid-hosting-capacity
A14: LV00 | B14: BatteryCharger | C14: Observed Trends | D14: 2025 | E14: =VLOOKUP($A14, $M$12:$Q$33, MATCH($D14,$M$11:$Q$11,0), FALSE) -> 150 | F14: =ROUND( VLOOKUP($B14,$L$5:$M$8, 2, FALSE) * (1+ VLOOKUP($A14,'vomcost mult'!$N$10:$R$32,5, FALSE)), 2) -> 0.98 | G14: =IF(E14<10, "remove", "") | L14: =LEFT(M14,2) -> CH | M14: CH00 | N14: 0 | O14: =battery_data!C43/2 -> 80 | P14: =battery_data!C47 -> 1451 | Q14: =battery_data!C50 -> 3691.5
A15: NL00 | B15: BatteryCharger | C15: Observed Trends | D15: 2025 | E15: =VLOOKUP($A15, $M$12:$Q$33, MATCH($D15,$M$11:$Q$11,0), FALSE) -> 800 | F15: =ROUND( VLOOKUP($B15,$L$5:$M$8, 2, FALSE) * (1+ VLOOKUP($A15,'vomcost mult'!$N$10:$R$32,5, FALSE)), 2) -> 1.65 | G15: =IF(E15<10, "remove", "") | L15: =LEFT(M15,2) -> DE | M15: DE00 | N15: 0 | O15: =ROUND(battery_data!F26*1000,0) -> 1563 | P15: =ROUND(battery_data!F31*1000,0) -> 16792 | Q15: =ROUND(battery_data!F33*1000,0) -> 30847
A16: NOM1 | B16: BatteryCharger | C16: Observed Trends | D16: 2025 | E16: =VLOOKUP($A16, $M$12:$Q$33, MATCH($D16,$M$11:$Q$11,0), FALSE) -> 0 | F16: =ROUND( VLOOKUP($B16,$L$5:$M$8, 2, FALSE) * (1+ VLOOKUP($A16,'vomcost mult'!$N$10:$R$32,5, FALSE)), 2) -> 1.83 | G16: =IF(E16<10, "remove", "") -> remove | L16: =LEFT(M16,2) -> DK | M16: DKE1 | N16: 0 | O16: 0 | P16: =350/2 -> 175 | Q16: =P16*2 -> 350 | S16: https://greenpowerdenmark.dk/nyheder/danmarks-stoerste-batteri-leverer-systemydelser-til-elnettet
A17: NON1 | B17: BatteryCharger | C17: Observed Trends | D17: 2025 | E17: =VLOOKUP($A17, $M$12:$Q$33, MATCH($D17,$M$11:$Q$11,0), FALSE) -> 0 | F17: =ROUND( VLOOKUP($B17,$L$5:$M$8, 2, FALSE) * (1+ VLOOKUP($A17,'vomcost mult'!$N$10:$R$32,5, FALSE)), 2) -> 1.86 | G17: =IF(E17<10, "remove", "") -> remove | L17: =LEFT(M17,2) -> DK | M17: DKW1 | N17: 0 | O17: 0 | P17: =350/2 -> 175 | Q17: =P17*2 -> 350
A18: NOS0 | B18: BatteryCharger | C18: Observed Trends | D18: 2025 | E18: =VLOOKUP($A18, $M$12:$Q$33, MATCH($D18,$M$11:$Q$11,0), FALSE) -> 0 | F18: =ROUND( VLOOKUP($B18,$L$5:$M$8, 2, FALSE) * (1+ VLOOKUP($A18,'vomcost mult'!$N$10:$R$32,5, FALSE)), 2) -> 1.81 | G18: =IF(E18<10, "remove", "") -> remove | L18: =LEFT(M18,2) -> EE | M18: EE00 | N18: 0 | O18: 0 | P18: 300 | Q18: 500
A19: PL00 | B19: BatteryCharger | C19: Observed Trends | D19: 2025 | E19: =VLOOKUP($A19, $M$12:$Q$33, MATCH($D19,$M$11:$Q$11,0), FALSE) -> 500 | F19: =ROUND( VLOOKUP($B19,$L$5:$M$8, 2, FALSE) * (1+ VLOOKUP($A19,'vomcost mult'!$N$10:$R$32,5, FALSE)), 2) -> 0.97 | G19: =IF(E19<10, "remove", "") | L19: =LEFT(M19,2) -> ES | M19: ES00 | N19: 0 | O19: 0 | P19: 560 | Q19: 1000
A20: SE01 | B20: BatteryCharger | C20: Observed Trends | D20: 2025 | E20: =VLOOKUP($A20, $M$12:$Q$33, MATCH($D20,$M$11:$Q$11,0), FALSE) -> 0 | F20: =ROUND( VLOOKUP($B20,$L$5:$M$8, 2, FALSE) * (1+ VLOOKUP($A20,'vomcost mult'!$N$10:$R$32,5, FALSE)), 2) -> 1.65 | G20: =IF(E20<10, "remove", "") -> remove | L20: =LEFT(M20,2) -> FI | M20: FI00 | N20: 0 | O20: 0 | P20: 1000 | Q20: 1500
A21: SE02 | B21: BatteryCharger | C21: Observed Trends | D21: 2025 | E21: =VLOOKUP($A21, $M$12:$Q$33, MATCH($D21,$M$11:$Q$11,0), FALSE) -> 190 | F21: =ROUND( VLOOKUP($B21,$L$5:$M$8, 2, FALSE) * (1+ VLOOKUP($A21,'vomcost mult'!$N$10:$R$32,5, FALSE)), 2) -> 1.64 | G21: =IF(E21<10, "remove", "") | L21: =LEFT(M21,2) -> FR | M21: FR00 | N21: 0 | O21: 0 | P21: 1500 | Q21: 5000
A22: SE03 | B22: BatteryCharger | C22: Observed Trends | D22: 2025 | E22: =VLOOKUP($A22, $M$12:$Q$33, MATCH($D22,$M$11:$Q$11,0), FALSE) -> 420 | F22: =ROUND( VLOOKUP($B22,$L$5:$M$8, 2, FALSE) * (1+ VLOOKUP($A22,'vomcost mult'!$N$10:$R$32,5, FALSE)), 2) -> 1.63 | G22: =IF(E22<10, "remove", "") | L22: =LEFT(M22,2) -> LT | M22: LT00 | N22: 0 | O22: 0 | P22: 550 | Q22: 750
A23: SE04 | B23: BatteryCharger | C23: Observed Trends | D23: 2025 | E23: =VLOOKUP($A23, $M$12:$Q$33, MATCH($D23,$M$11:$Q$11,0), FALSE) -> 120 | F23: =ROUND( VLOOKUP($B23,$L$5:$M$8, 2, FALSE) * (1+ VLOOKUP($A23,'vomcost mult'!$N$10:$R$32,5, FALSE)), 2) -> 1.62 | G23: =IF(E23<10, "remove", "") | L23: =LEFT(M23,2) -> LV | M23: LV00 | N23: 0 | O23: 0 | P23: 150 | Q23: 250
A24: UK00 | B24: BatteryCharger | C24: Observed Trends | D24: 2025 | E24: =VLOOKUP($A24, $M$12:$Q$33, MATCH($D24,$M$11:$Q$11,0), FALSE) -> 7000 | F24: =ROUND( VLOOKUP($B24,$L$5:$M$8, 2, FALSE) * (1+ VLOOKUP($A24,'vomcost mult'!$N$10:$R$32,5, FALSE)), 2) -> 1.63 | G24: =IF(E24<10, "remove", "") | L24: =LEFT(M24,2) -> NL | M24: NL00 | N24: 0 | O24: 0 | P24: 800 | Q24: 1200
A25: AT00 | B25: BatteryCharger | C25: Observed Trends | D25: 2030 | E25: =VLOOKUP($A25, $M$12:$Q$33, MATCH($D25,$M$11:$Q$11,0), FALSE) -> 1400 | F25: =ROUND( VLOOKUP($B25,$L$5:$M$8, 2, FALSE) * (1+ VLOOKUP($A25,'vomcost mult'!$N$10:$R$32,5, FALSE)), 2) -> 1.58 | G25: =IF(E25<10, "remove", "") | L25: =LEFT(M25,2) -> NO | M25: NOM1 | N25: 0 | O25: 0 | P25: 0 | Q25: 0
A26: BE00 | B26: BatteryCharger | C26: Observed Trends | D26: 2030 | E26: =VLOOKUP($A26, $M$12:$Q$33, MATCH($D26,$M$11:$Q$11,0), FALSE) -> 2000 | F26: =ROUND( VLOOKUP($B26,$L$5:$M$8, 2, FALSE) * (1+ VLOOKUP($A26,'vomcost mult'!$N$10:$R$32,5, FALSE)), 2) -> 1.57 | G26: =IF(E26<10, "remove", "") | L26: =LEFT(M26,2) -> NO | M26: NON1 | N26: 0 | O26: 0 | P26: 0 | Q26: 0
A27: CH00 | B27: BatteryCharger | C27: Observed Trends | D27: 2030 | E27: =VLOOKUP($A27, $M$12:$Q$33, MATCH($D27,$M$11:$Q$11,0), FALSE) -> 3691.5 | F27: =ROUND( VLOOKUP($B27,$L$5:$M$8, 2, FALSE) * (1+ VLOOKUP($A27,'vomcost mult'!$N$10:$R$32,5, FALSE)), 2) -> 2.04 | G27: =IF(E27<10, "remove", "") | L27: =LEFT(M27,2) -> NO | M27: NOS0 | N27: 0 | O27: 0 | P27: 0 | Q27: 0
A28: DE00 | B28: BatteryCharger | C28: Observed Trends | D28: 2030 | E28: =VLOOKUP($A28, $M$12:$Q$33, MATCH($D28,$M$11:$Q$11,0), FALSE) -> 30847 | F28: =ROUND( VLOOKUP($B28,$L$5:$M$8, 2, FALSE) * (1+ VLOOKUP($A28,'vomcost mult'!$N$10:$R$32,5, FALSE)), 2) -> 1.55 | G28: =IF(E28<10, "remove", "") | L28: =LEFT(M28,2) -> PL | M28: PL00 | N28: 0 | O28: 0 | P28: 500 | Q28: 2500
A29: DKE1 | B29: BatteryCharger | C29: Observed Trends | D29: 2030 | E29: =VLOOKUP($A29, $M$12:$Q$33, MATCH($D29,$M$11:$Q$11,0), FALSE) -> 350 | F29: =ROUND( VLOOKUP($B29,$L$5:$M$8, 2, FALSE) * (1+ VLOOKUP($A29,'vomcost mult'!$N$10:$R$32,5, FALSE)), 2) -> 1.75 | G29: =IF(E29<10, "remove", "") | L29: =LEFT(M29,2) -> SE | M29: SE01 | N29: 0 | O29: 0 | P29: 0 | Q29: 50
... A32: ES00 | B32: BatteryCharger | C32: Observed Trends | D32: 2030 | E32: =VLOOKUP($A32, $M$12:$Q$33, MATCH($D32,$M$11:$Q$11,0), FALSE) -> 1000 | F32: =ROUND( VLOOKUP($B32,$L$5:$M$8, 2, FALSE) * (1+ VLOOKUP($A32,'vomcost mult'!$N$10:$R$32,5, FALSE)), 2) -> 1.28 | G32: =IF(E32<10, "remove", "") | L32: =LEFT(M32,2) -> SE | M32: SE04 | N32: 0 | O32: 0 | P32: 120 | Q32: 580
A33: FI00 | B33: BatteryCharger | C33: Observed Trends | D33: 2030 | E33: =VLOOKUP($A33, $M$12:$Q$33, MATCH($D33,$M$11:$Q$11,0), FALSE) -> 1500 | F33: =ROUND( VLOOKUP($B33,$L$5:$M$8, 2, FALSE) * (1+ VLOOKUP($A33,'vomcost mult'!$N$10:$R$32,5, FALSE)), 2) -> 1.55 | G33: =IF(E33<10, "remove", "") | L33: =LEFT(M33,2) -> UK | M33: UK00 | N33: 0 | O33: 0 | P33: 7000 | Q33: 12000 | S33: https://www.renewableuk.com/energypulse/blog/stacking-up-the-storage-where-the-uk-battery-market-stands-in-2025/
A34: FR00 | B34: BatteryCharger | C34: Observed Trends | D34: 2030 | E34: =VLOOKUP($A34, $M$12:$Q$33, MATCH($D34,$M$11:$Q$11,0), FALSE) -> 5000 | F34: =ROUND( VLOOKUP($B34,$L$5:$M$8, 2, FALSE) * (1+ VLOOKUP($A34,'vomcost mult'!$N$10:$R$32,5, FALSE)), 2) -> 1.48 | G34: =IF(E34<10, "remove", "")
A35: LT00 | B35: BatteryCharger | C35: Observed Trends | D35: 2030 | E35: =VLOOKUP($A35, $M$12:$Q$33, MATCH($D35,$M$11:$Q$11,0), FALSE) -> 750 | F35: =ROUND( VLOOKUP($B35,$L$5:$M$8, 2, FALSE) * (1+ VLOOKUP($A35,'vomcost mult'!$N$10:$R$32,5, FALSE)), 2) -> 1.07 | G35: =IF(E35<10, "remove", "")
A36: LV00 | B36: BatteryCharger | C36: Observed Trends | D36: 2030 | E36: =VLOOKUP($A36, $M$12:$Q$33, MATCH($D36,$M$11:$Q$11,0), FALSE) -> 250 | F36: =ROUND( VLOOKUP($B36,$L$5:$M$8, 2, FALSE) * (1+ VLOOKUP($A36,'vomcost mult'!$N$10:$R$32,5, FALSE)), 2) -> 0.98 | G36: =IF(E36<10, "remove", "")
A37: NL00 | B37: BatteryCharger | C37: Observed Trends | D37: 2030 | E37: =VLOOKUP($A37, $M$12:$Q$33, MATCH($D37,$M$11:$Q$11,0), FALSE) -> 1200 | F37: =ROUND( VLOOKUP($B37,$L$5:$M$8, 2, FALSE) * (1+ VLOOKUP($A37,'vomcost mult'!$N$10:$R$32,5, FALSE)), 2) -> 1.65 | G37: =IF(E37<10, "remove", "")
A38: NOM1 | B38: BatteryCharger | C38: Observed Trends | D38: 2030 | E38: =VLOOKUP($A38, $M$12:$Q$33, MATCH($D38,$M$11:$Q$11,0), FALSE) -> 0 | F38: =ROUND( VLOOKUP($B38,$L$5:$M$8, 2, FALSE) * (1+ VLOOKUP($A38,'vomcost mult'!$N$10:$R$32,5, FALSE)), 2) -> 1.83 | G38: =IF(E38<10, "remove", "") -> remove
A39: NON1 | B39: BatteryCharger | C39: Observed Trends | D39: 2030 | E39: =VLOOKUP($A39, $M$12:$Q$33, MATCH($D39,$M$11:$Q$11,0), FALSE) -> 0 | F39: =ROUND( VLOOKUP($B39,$L$5:$M$8, 2, FALSE) * (1+ VLOOKUP($A39,'vomcost mult'!$N$10:$R$32,5, FALSE)), 2) -> 1.86 | G39: =IF(E39<10, "remove", "") -> remove
A40: NOS0 | B40: BatteryCharger | C40: Observed Trends | D40: 2030 | E40: =VLOOKUP($A40, $M$12:$Q$33, MATCH($D40,$M$11:$Q$11,0), FALSE) -> 0 | F40: =ROUND( VLOOKUP($B40,$L$5:$M$8, 2, FALSE) * (1+ VLOOKUP($A40,'vomcost mult'!$N$10:$R$32,5, FALSE)), 2) -> 1.81 | G40: =IF(E40<10, "remove", "") -> remove
A41: PL00 | B41: BatteryCharger | C41: Observed Trends | D41: 2030 | E41: =VLOOKUP($A41, $M$12:$Q$33, MATCH($D41,$M$11:$Q$11,0), FALSE) -> 2500 | F41: =ROUND( VLOOKUP($B41,$L$5:$M$8, 2, FALSE) * (1+ VLOOKUP($A41,'vomcost mult'!$N$10:$R$32,5, FALSE)), 2) -> 0.97 | G41: =IF(E41<10, "remove", "")
A42: SE01 | B42: BatteryCharger | C42: Observed Trends | D42: 2030 | E42: =VLOOKUP($A42, $M$12:$Q$33, MATCH($D42,$M$11:$Q$11,0), FALSE) -> 50 | F42: =ROUND( VLOOKUP($B42,$L$5:$M$8, 2, FALSE) * (1+ VLOOKUP($A42,'vomcost mult'!$N$10:$R$32,5, FALSE)), 2) -> 1.65 | G42: =IF(E42<10, "remove", "")
A43: SE02 | B43: BatteryCharger | C43: Observed Trends | D43: 2030 | E43: =VLOOKUP($A43, $M$12:$Q$33, MATCH($D43,$M$11:$Q$11,0), FALSE) -> 320 | F43: =ROUND( VLOOKUP($B43,$L$5:$M$8, 2, FALSE) * (1+ VLOOKUP($A43,'vomcost mult'!$N$10:$R$32,5, FALSE)), 2) -> 1.64 | G43: =IF(E43<10, "remove", "")
A44: SE03 | B44: BatteryCharger | C44: Observed Trends | D44: 2030 | E44: =VLOOKUP($A44, $M$12:$Q$33, MATCH($D44,$M$11:$Q$11,0), FALSE) -> 860 | F44: =ROUND( VLOOKUP($B44,$L$5:$M$8, 2, FALSE) * (1+ VLOOKUP($A44,'vomcost mult'!$N$10:$R$32,5, FALSE)), 2) -> 1.63 | G44: =IF(E44<10, "remove", "")
A45: SE04 | B45: BatteryCharger | C45: Observed Trends | D45: 2030 | E45: =VLOOKUP($A45, $M$12:$Q$33, MATCH($D45,$M$11:$Q$11,0), FALSE) -> 580 | F45: =ROUND( VLOOKUP($B45,$L$5:$M$8, 2, FALSE) * (1+ VLOOKUP($A45,'vomcost mult'!$N$10:$R$32,5, FALSE)), 2) -> 1.62 | G45: =IF(E45<10, "remove", "")
A46: UK00 | B46: BatteryCharger | C46: Observed Trends | D46: 2030 | E46: =VLOOKUP($A46, $M$12:$Q$33, MATCH($D46,$M$11:$Q$11,0), FALSE) -> 12000 | F46: =ROUND( VLOOKUP($B46,$L$5:$M$8, 2, FALSE) * (1+ VLOOKUP($A46,'vomcost mult'!$N$10:$R$32,5, FALSE)), 2) -> 1.63 | G46: =IF(E46<10, "remove", "")
A47: ## Copying discharger capacity from charger capacity
A48: AT00 | B48: BatteryDisch | C48: Observed Trends | D48: 2025 | E48: =E3 -> 550 | F48: =ROUND( VLOOKUP($B48,$L$5:$M$8, 2, FALSE) * (1+ VLOOKUP($A48,'vomcost mult'!$N$10:$R$32,5, FALSE)), 2) -> 1.58 | G48: =IF(E48<10, "remove", "")
A49: BE00 | B49: BatteryDisch | C49: Observed Trends | D49: 2025 | E49: =E4 -> 700 | F49: =ROUND( VLOOKUP($B49,$L$5:$M$8, 2, FALSE) * (1+ VLOOKUP($A49,'vomcost mult'!$N$10:$R$32,5, FALSE)), 2) -> 1.57 | G49: =IF(E49<10, "remove", "")
A50: CH00 | B50: BatteryDisch | C50: Observed Trends | D50: 2025 | E50: =E5 -> 1451 | F50: =ROUND( VLOOKUP($B50,$L$5:$M$8, 2, FALSE) * (1+ VLOOKUP($A50,'vomcost mult'!$N$10:$R$32,5, FALSE)), 2) -> 2.04 | G50: =IF(E50<10, "remove", "")
A51: DE00 | B51: BatteryDisch | C51: Observed Trends | D51: 2025 | E51: =E6 -> 16792 | F51: =ROUND( VLOOKUP($B51,$L$5:$M$8, 2, FALSE) * (1+ VLOOKUP($A51,'vomcost mult'!$N$10:$R$32,5, FALSE)), 2) -> 1.55 | G51: =IF(E51<10, "remove", "")
A52: DKE1 | B52: BatteryDisch | C52: Observed Trends | D52: 2025 | E52: =E7 -> 175 | F52: =ROUND( VLOOKUP($B52,$L$5:$M$8, 2, FALSE) * (1+ VLOOKUP($A52,'vomcost mult'!$N$10:$R$32,5, FALSE)), 2) -> 1.75 | G52: =IF(E52<10, "remove", "")
A53: DKW1 | B53: BatteryDisch | C53: Observed Trends | D53: 2025 | E53: =E8 -> 175 | F53: =ROUND( VLOOKUP($B53,$L$5:$M$8, 2, FALSE) * (1+ VLOOKUP($A53,'vomcost mult'!$N$10:$R$32,5, FALSE)), 2) -> 1.73 | G53: =IF(E53<10, "remove", "")
A54: EE00 | B54: BatteryDisch | C54: Observed Trends | D54: 2025 | E54: =E9 -> 300 | F54: =ROUND( VLOOKUP($B54,$L$5:$M$8, 2, FALSE) * (1+ VLOOKUP($A54,'vomcost mult'!$N$10:$R$32,5, FALSE)), 2) -> 1.11 | G54: =IF(E54<10, "remove", "")
A55: ES00 | B55: BatteryDisch | C55: Observed Trends | D55: 2025 | E55: =E10 -> 560 | F55: =ROUND( VLOOKUP($B55,$L$5:$M$8, 2, FALSE) * (1+ VLOOKUP($A55,'vomcost mult'!$N$10:$R$32,5, FALSE)), 2) -> 1.28 | G55: =IF(E55<10, "remove", "")
A56: FI00 | B56: BatteryDisch | C56: Observed Trends | D56: 2025 | E56: =E11 -> 1000 | F56: =ROUND( VLOOKUP($B56,$L$5:$M$8, 2, FALSE) * (1+ VLOOKUP($A56,'vomcost mult'!$N$10:$R$32,5, FALSE)), 2) -> 1.55 | G56: =IF(E56<10, "remove", "")
A57: FR00 | B57: BatteryDisch | C57: Observed Trends | D57: 2025 | E57: =E12 -> 1500 | F57: =ROUND( VLOOKUP($B57,$L$5:$M$8, 2, FALSE) * (1+ VLOOKUP($A57,'vomcost mult'!$N$10:$R$32,5, FALSE)), 2) -> 1.48 | G57: =IF(E57<10, "remove", "")
A58: LT00 | B58: BatteryDisch | C58: Observed Trends | D58: 2025 | E58: =E13 -> 550 | F58: =ROUND( VLOOKUP($B58,$L$5:$M$8, 2, FALSE) * (1+ VLOOKUP($A58,'vomcost mult'!$N$10:$R$32,5, FALSE)), 2) -> 1.07 | G58: =IF(E58<10, "remove", "")
A59: LV00 | B59: BatteryDisch | C59: Observed Trends | D59: 2025 | E59: =E14 -> 150 | F59: =ROUND( VLOOKUP($B59,$L$5:$M$8, 2, FALSE) * (1+ VLOOKUP($A59,'vomcost mult'!$N$10:$R$32,5, FALSE)), 2) -> 0.98 | G59: =IF(E59<10, "remove", "")
... A91: UK00 | B91: BatteryDisch | C91: Observed Trends | D91: 2030 | E91: =E46 -> 12000 | F91: =ROUND( VLOOKUP($B91,$L$5:$M$8, 2, FALSE) * (1+ VLOOKUP($A91,'vomcost mult'!$N$10:$R$32,5, FALSE)), 2) -> 1.63 | G91: =IF(E91<10, "remove", "")

Sheet unitdata_nuclearThermal
A1: Country | B1: unittype | C1: Scenario | D1: Year | E1: capacity_output1 | F1: vomCosts | G1: method | K1: ## | L1: ## | M1: ## | N1: ##
A2: AT00 | B2: gasCCGTNew | C2: all | D2: 1 | E2: 113 | F2: =ROUND( VLOOKUP($B2,$L$5:$M$29, 2, FALSE) * (1+ VLOOKUP($A2,'vomcost mult'!$N$10:$R$32,5, FALSE)), 2) -> 2.93 | G2: =IF(Table3[[#This Row],[capacity_output1]]<10, "remove", "")
A3: AT00 | B3: gasCCGTOld1 | C3: all | D3: 1 | E3: 356.5 | F3: =ROUND( VLOOKUP($B3,$L$5:$M$29, 2, FALSE) * (1+ VLOOKUP($A3,'vomcost mult'!$N$10:$R$32,5, FALSE)), 2) -> 2.93 | G3: =IF(Table3[[#This Row],[capacity_output1]]<10, "remove", "")
A4: AT00 | B4: gasCCGTOld2 | C4: all | D4: 1 | E4: 220 | F4: =ROUND( VLOOKUP($B4,$L$5:$M$29, 2, FALSE) * (1+ VLOOKUP($A4,'vomcost mult'!$N$10:$R$32,5, FALSE)), 2) -> 2.93 | G4: =IF(Table3[[#This Row],[capacity_output1]]<10, "remove", "") | M4: vomCosts
A5: AT00 | B5: gasCCGTpresent1 | C5: all | D5: 1 | E5: 370 | F5: =ROUND( VLOOKUP($B5,$L$5:$M$29, 2, FALSE) * (1+ VLOOKUP($A5,'vomcost mult'!$N$10:$R$32,5, FALSE)), 2) -> 2.93 | G5: =IF(Table3[[#This Row],[capacity_output1]]<10, "remove", "") | L5: gasCCGTNew | M5: =SUMIFS([1]unittypedata!$S:$S,[1]unittypedata!$D:$D, $L5) -> 2.6
A6: AT00 | B6: gasCCGTpresent2 | C6: all | D6: 1 | E6: 1751.6 | F6: =ROUND( VLOOKUP($B6,$L$5:$M$29, 2, FALSE) * (1+ VLOOKUP($A6,'vomcost mult'!$N$10:$R$32,5, FALSE)), 2) -> 2.93 | G6: =IF(Table3[[#This Row],[capacity_output1]]<10, "remove", "") | L6: gasCCGTOld1 | M6: =SUMIFS([1]unittypedata!$S:$S,[1]unittypedata!$D:$D, $L6) -> 2.6
A7: AT00 | B7: gasOCGTnew | C7: all | D7: 1 | E7: 51.2 | F7: =ROUND( VLOOKUP($B7,$L$5:$M$29, 2, FALSE) * (1+ VLOOKUP($A7,'vomcost mult'!$N$10:$R$32,5, FALSE)), 2) -> 2.93 | G7: =IF(Table3[[#This Row],[capacity_output1]]<10, "remove", "") | L7: gasCCGTOld2 | M7: =SUMIFS([1]unittypedata!$S:$S,[1]unittypedata!$D:$D, $L7) -> 2.6
A8: AT00 | B8: gasOCGTold | C8: all | D8: 1 | E8: 17.2 | F8: =ROUND( VLOOKUP($B8,$L$5:$M$29, 2, FALSE) * (1+ VLOOKUP($A8,'vomcost mult'!$N$10:$R$32,5, FALSE)), 2) -> 2.93 | G8: =IF(Table3[[#This Row],[capacity_output1]]<10, "remove", "") | L8: gasCCGTpresent1 | M8: =SUMIFS([1]unittypedata!$S:$S,[1]unittypedata!$D:$D, $L8) -> 2.6
